Config,{"general": {"device": "cuda:0", "training_rounds": 100, "train_optimization": {"cudnn_benchmark": true, "pin_memory": true, "fused_optimizer": false, "torch_compile": false, "non_blocking_transfer": true}}, "dataset": "mnist", "model": "simple_lora_mlp", "loss_function": "CrossEntropyLoss", "aggregation": "flora", "client_selection": {"method": "random", "round": 1, "client_selection_round": 1, "number": 10, "random_seed": 42}, "hyperparameters": {"training_rounds": 100, "local_epochs": 5, "selected_clients": 10, "client_selection_round": 1, "client_selection_method": "random", "optimizer": "SGD", "lr": 0.01, "momentum": 0.0, "weight_decay": 0.0001, "nesterov": false, "batch_size": 64, "shuffle": true, "trainer_type": "standard", "rank_ratio_list": [0.1, 0.3, 0.7, 0.5, 1.0, 0.2, 0.6, 0.8, 0.9, 0.4]}, "effective_yaml": {"server_yaml": {"role": "server", "general": {"device": "cuda:0", "training_rounds": 100, "train_optimization": {"cudnn_benchmark": true, "pin_memory": true, "fused_optimizer": false, "torch_compile": false, "non_blocking_transfer": true}}, "training_logger": {"name": "train", "path": "./experiment_results/", "prefix": "flora_", "save_weights": false}, "data_loader": {"name": "mnist", "root": ".dataset", "split": "", "batch_size": 64, "shuffle": true, "num_workers": 0, "is_download": true, "is_load_train_set": true, "is_load_test_set": true, "task_type": "cv"}, "nn_model": {"name": "simple_lora_mlp", "input_dim": 0, "hidden_dim": 0, "output_dim": 0, "softmax_dim": 1, "lora_mode": "standard", "rank_ratio": 1.0, "cap_lora_rank_to_matrix_dim": true, "share_model": false}, "loss_func": {"type": "CrossEntropyLoss", "reduction": "mean", "weight": "None"}, "optimizer": {"type": "SGD", "lr": 0.01, "weight_decay": 0.0001, "momentum": 0.0, "nesterov": false, "betas": [0.9, 0.999], "amsgrad": false, "eps": "1e-8", "alpha": "None", "centered": "None"}, "training": {"epochs": 5, "batch_size": 64, "shuffle": true, "lr": 0.01}, "trainer": {"trainer_type": "standard", "save_path": "./.training_results/"}, "data_distribution": {"use": "mnist_dirichlet_0_8_seed_3", "custom_define": {"mnist_dirichlet_0_8_seed_3": [[34, 678, 2044, 452, 0, 1037, 337, 648, 410, 58], [1374, 280, 83, 191, 495, 1809, 717, 207, 58, 792], [43, 1260, 614, 236, 234, 63, 1012, 299, 736, 829], [471, 1182, 560, 628, 480, 332, 743, 1891, 1137, 190], [1069, 315, 432, 398, 1372, 276, 1218, 731, 44, 210], [315, 679, 522, 963, 454, 101, 381, 264, 655, 109], [370, 1347, 366, 96, 667, 857, 56, 548, 983, 1096], [1131, 417, 264, 327, 736, 2, 1331, 64, 847, 310], [209, 503, 294, 225, 563, 343, 0, 478, 793, 2242], [907, 81, 779, 2615, 841, 601, 123, 1135, 188, 113]]}}, "client_selection": {"method": "random", "round": 1, "client_selection_round": 1, "number": 10, "random_seed": 42}, "strategy": {"role": "server", "strategy_name": "flora"}, "aggregation": {"method": "flora", "device": "cpu"}, "rank_distribution": {"rank_ratio_list": [0.1, 0.3, 0.7, 0.5, 1.0, 0.2, 0.6, 0.8, 0.9, 0.4]}, "lora_inference": {"device": "cpu", "lora_mode": "standard", "scaling": 0.5, "rank_ratio": 1, "use_bias": true, "alpha": 0}}, "client_yamls": [{"index": 0, "node_id": "client.1", "yaml": {"role": "client", "training_logger": {"name": "train", "path": "./experiment_results/", "prefix": "", "save_weights": false}, "data_loader": {"name": "mnist", "root": ".dataset", "split": "", "batch_size": 64, "shuffle": true, "num_workers": 0, "is_download": true, "is_load_train_set": true, "is_load_test_set": true, "task_type": "cv"}, "nn_model": {"name": "simple_lora_mlp", "input_dim": 0, "hidden_dim": 0, "output_dim": 0, "softmax_dim": 1, "lora_mode": "standard", "rank_ratio": 0.1, "cap_lora_rank_to_matrix_dim": true, "share_model": false}, "loss_func": {"type": "CrossEntropyLoss", "reduction": "mean", "weight": "None"}, "optimizer": {"type": "SGD", "lr": 0.01, "weight_decay": 0.0001, "momentum": 0.0, "nesterov": false, "betas": [0.9, 0.999], "amsgrad": false, "eps": "1e-8", "alpha": "None", "centered": "None"}, "training": {"epochs": 5, "batch_size": 64, "shuffle": true, "lr": 0.01}, "trainer": {"trainer_type": "standard", "save_path": "./.training_results/"}, "strategy": {"role": "client", "strategy_name": "flora"}}}, {"index": 1, "node_id": "client.2", "yaml": {"role": "client", "training_logger": {"name": "train", "path": "./experiment_results/", "prefix": "", "save_weights": false}, "data_loader": {"name": "mnist", "root": ".dataset", "split": "", "batch_size": 64, "shuffle": true, "num_workers": 0, "is_download": true, "is_load_train_set": true, "is_load_test_set": true, "task_type": "cv"}, "nn_model": {"name": "simple_lora_mlp", "input_dim": 0, "hidden_dim": 0, "output_dim": 0, "softmax_dim": 1, "lora_mode": "standard", "rank_ratio": 0.3, "cap_lora_rank_to_matrix_dim": true, "share_model": false}, "loss_func": {"type": "CrossEntropyLoss", "reduction": "mean", "weight": "None"}, "optimizer": {"type": "SGD", "lr": 0.01, "weight_decay": 0.0001, "momentum": 0.0, "nesterov": false, "betas": [0.9, 0.999], "amsgrad": false, "eps": "1e-8", "alpha": "None", "centered": "None"}, "training": {"epochs": 5, "batch_size": 64, "shuffle": true, "lr": 0.01}, "trainer": {"trainer_type": "standard", "save_path": "./.training_results/"}, "strategy": {"role": "client", "strategy_name": "flora"}}}, {"index": 2, "node_id": "client.3", "yaml": {"role": "client", "training_logger": {"name": "train", "path": "./experiment_results/", "prefix": "", "save_weights": false}, "data_loader": {"name": "mnist", "root": ".dataset", "split": "", "batch_size": 64, "shuffle": true, "num_workers": 0, "is_download": true, "is_load_train_set": true, "is_load_test_set": true, "task_type": "cv"}, "nn_model": {"name": "simple_lora_mlp", "input_dim": 0, "hidden_dim": 0, "output_dim": 0, "softmax_dim": 1, "lora_mode": "standard", "rank_ratio": 0.7, "cap_lora_rank_to_matrix_dim": true, "share_model": false}, "loss_func": {"type": "CrossEntropyLoss", "reduction": "mean", "weight": "None"}, "optimizer": {"type": "SGD", "lr": 0.01, "weight_decay": 0.0001, "momentum": 0.0, "nesterov": false, "betas": [0.9, 0.999], "amsgrad": false, "eps": "1e-8", "alpha": "None", "centered": "None"}, "training": {"epochs": 5, "batch_size": 64, "shuffle": true, "lr": 0.01}, "trainer": {"trainer_type": "standard", "save_path": "./.training_results/"}, "strategy": {"role": "client", "strategy_name": "flora"}}}, {"index": 3, "node_id": "client.4", "yaml": {"role": "client", "training_logger": {"name": "train", "path": "./experiment_results/", "prefix": "", "save_weights": false}, "data_loader": {"name": "mnist", "root": ".dataset", "split": "", "batch_size": 64, "shuffle": true, "num_workers": 0, "is_download": true, "is_load_train_set": true, "is_load_test_set": true, "task_type": "cv"}, "nn_model": {"name": "simple_lora_mlp", "input_dim": 0, "hidden_dim": 0, "output_dim": 0, "softmax_dim": 1, "lora_mode": "standard", "rank_ratio": 0.5, "cap_lora_rank_to_matrix_dim": true, "share_model": false}, "loss_func": {"type": "CrossEntropyLoss", "reduction": "mean", "weight": "None"}, "optimizer": {"type": "SGD", "lr": 0.01, "weight_decay": 0.0001, "momentum": 0.0, "nesterov": false, "betas": [0.9, 0.999], "amsgrad": false, "eps": "1e-8", "alpha": "None", "centered": "None"}, "training": {"epochs": 5, "batch_size": 64, "shuffle": true, "lr": 0.01}, "trainer": {"trainer_type": "standard", "save_path": "./.training_results/"}, "strategy": {"role": "client", "strategy_name": "flora"}}}, {"index": 4, "node_id": "client.5", "yaml": {"role": "client", "training_logger": {"name": "train", "path": "./experiment_results/", "prefix": "", "save_weights": false}, "data_loader": {"name": "mnist", "root": ".dataset", "split": "", "batch_size": 64, "shuffle": true, "num_workers": 0, "is_download": true, "is_load_train_set": true, "is_load_test_set": true, "task_type": "cv"}, "nn_model": {"name": "simple_lora_mlp", "input_dim": 0, "hidden_dim": 0, "output_dim": 0, "softmax_dim": 1, "lora_mode": "standard", "rank_ratio": 1.0, "cap_lora_rank_to_matrix_dim": true, "share_model": false}, "loss_func": {"type": "CrossEntropyLoss", "reduction": "mean", "weight": "None"}, "optimizer": {"type": "SGD", "lr": 0.01, "weight_decay": 0.0001, "momentum": 0.0, "nesterov": false, "betas": [0.9, 0.999], "amsgrad": false, "eps": "1e-8", "alpha": "None", "centered": "None"}, "training": {"epochs": 5, "batch_size": 64, "shuffle": true, "lr": 0.01}, "trainer": {"trainer_type": "standard", "save_path": "./.training_results/"}, "strategy": {"role": "client", "strategy_name": "flora"}}}, {"index": 5, "node_id": "client.6", "yaml": {"role": "client", "training_logger": {"name": "train", "path": "./experiment_results/", "prefix": "", "save_weights": false}, "data_loader": {"name": "mnist", "root": ".dataset", "split": "", "batch_size": 64, "shuffle": true, "num_workers": 0, "is_download": true, "is_load_train_set": true, "is_load_test_set": true, "task_type": "cv"}, "nn_model": {"name": "simple_lora_mlp", "input_dim": 0, "hidden_dim": 0, "output_dim": 0, "softmax_dim": 1, "lora_mode": "standard", "rank_ratio": 0.2, "cap_lora_rank_to_matrix_dim": true, "share_model": false}, "loss_func": {"type": "CrossEntropyLoss", "reduction": "mean", "weight": "None"}, "optimizer": {"type": "SGD", "lr": 0.01, "weight_decay": 0.0001, "momentum": 0.0, "nesterov": false, "betas": [0.9, 0.999], "amsgrad": false, "eps": "1e-8", "alpha": "None", "centered": "None"}, "training": {"epochs": 5, "batch_size": 64, "shuffle": true, "lr": 0.01}, "trainer": {"trainer_type": "standard", "save_path": "./.training_results/"}, "strategy": {"role": "client", "strategy_name": "flora"}}}, {"index": 6, "node_id": "client.7", "yaml": {"role": "client", "training_logger": {"name": "train", "path": "./experiment_results/", "prefix": "", "save_weights": false}, "data_loader": {"name": "mnist", "root": ".dataset", "split": "", "batch_size": 64, "shuffle": true, "num_workers": 0, "is_download": true, "is_load_train_set": true, "is_load_test_set": true, "task_type": "cv"}, "nn_model": {"name": "simple_lora_mlp", "input_dim": 0, "hidden_dim": 0, "output_dim": 0, "softmax_dim": 1, "lora_mode": "standard", "rank_ratio": 0.6, "cap_lora_rank_to_matrix_dim": true, "share_model": false}, "loss_func": {"type": "CrossEntropyLoss", "reduction": "mean", "weight": "None"}, "optimizer": {"type": "SGD", "lr": 0.01, "weight_decay": 0.0001, "momentum": 0.0, "nesterov": false, "betas": [0.9, 0.999], "amsgrad": false, "eps": "1e-8", "alpha": "None", "centered": "None"}, "training": {"epochs": 5, "batch_size": 64, "shuffle": true, "lr": 0.01}, "trainer": {"trainer_type": "standard", "save_path": "./.training_results/"}, "strategy": {"role": "client", "strategy_name": "flora"}}}, {"index": 7, "node_id": "client.8", "yaml": {"role": "client", "training_logger": {"name": "train", "path": "./experiment_results/", "prefix": "", "save_weights": false}, "data_loader": {"name": "mnist", "root": ".dataset", "split": "", "batch_size": 64, "shuffle": true, "num_workers": 0, "is_download": true, "is_load_train_set": true, "is_load_test_set": true, "task_type": "cv"}, "nn_model": {"name": "simple_lora_mlp", "input_dim": 0, "hidden_dim": 0, "output_dim": 0, "softmax_dim": 1, "lora_mode": "standard", "rank_ratio": 0.8, "cap_lora_rank_to_matrix_dim": true, "share_model": false}, "loss_func": {"type": "CrossEntropyLoss", "reduction": "mean", "weight": "None"}, "optimizer": {"type": "SGD", "lr": 0.01, "weight_decay": 0.0001, "momentum": 0.0, "nesterov": false, "betas": [0.9, 0.999], "amsgrad": false, "eps": "1e-8", "alpha": "None", "centered": "None"}, "training": {"epochs": 5, "batch_size": 64, "shuffle": true, "lr": 0.01}, "trainer": {"trainer_type": "standard", "save_path": "./.training_results/"}, "strategy": {"role": "client", "strategy_name": "flora"}}}, {"index": 8, "node_id": "client.9", "yaml": {"role": "client", "training_logger": {"name": "train", "path": "./experiment_results/", "prefix": "", "save_weights": false}, "data_loader": {"name": "mnist", "root": ".dataset", "split": "", "batch_size": 64, "shuffle": true, "num_workers": 0, "is_download": true, "is_load_train_set": true, "is_load_test_set": true, "task_type": "cv"}, "nn_model": {"name": "simple_lora_mlp", "input_dim": 0, "hidden_dim": 0, "output_dim": 0, "softmax_dim": 1, "lora_mode": "standard", "rank_ratio": 0.9, "cap_lora_rank_to_matrix_dim": true, "share_model": false}, "loss_func": {"type": "CrossEntropyLoss", "reduction": "mean", "weight": "None"}, "optimizer": {"type": "SGD", "lr": 0.01, "weight_decay": 0.0001, "momentum": 0.0, "nesterov": false, "betas": [0.9, 0.999], "amsgrad": false, "eps": "1e-8", "alpha": "None", "centered": "None"}, "training": {"epochs": 5, "batch_size": 64, "shuffle": true, "lr": 0.01}, "trainer": {"trainer_type": "standard", "save_path": "./.training_results/"}, "strategy": {"role": "client", "strategy_name": "flora"}}}, {"index": 9, "node_id": "client.10", "yaml": {"role": "client", "training_logger": {"name": "train", "path": "./experiment_results/", "prefix": "", "save_weights": false}, "data_loader": {"name": "mnist", "root": ".dataset", "split": "", "batch_size": 64, "shuffle": true, "num_workers": 0, "is_download": true, "is_load_train_set": true, "is_load_test_set": true, "task_type": "cv"}, "nn_model": {"name": "simple_lora_mlp", "input_dim": 0, "hidden_dim": 0, "output_dim": 0, "softmax_dim": 1, "lora_mode": "standard", "rank_ratio": 0.4, "cap_lora_rank_to_matrix_dim": true, "share_model": false}, "loss_func": {"type": "CrossEntropyLoss", "reduction": "mean", "weight": "None"}, "optimizer": {"type": "SGD", "lr": 0.01, "weight_decay": 0.0001, "momentum": 0.0, "nesterov": false, "betas": [0.9, 0.999], "amsgrad": false, "eps": "1e-8", "alpha": "None", "centered": "None"}, "training": {"epochs": 5, "batch_size": 64, "shuffle": true, "lr": 0.01}, "trainer": {"trainer_type": "standard", "save_path": "./.training_results/"}, "strategy": {"role": "client", "strategy_name": "flora"}}}]}, "effective_client_rank_ratios": [0.1, 0.3, 0.7, 0.5, 1.0, 0.2, 0.6, 0.8, 0.9, 0.4], "effective_client_share_model": [false, false, false, false, false, false, false, false, false, false], "rank_distribution": {"rank_ratio_list": [0.1, 0.3, 0.7, 0.5, 1.0, 0.2, 0.6, 0.8, 0.9, 0.4]}, "rank_ratio_list": [0.1, 0.3, 0.7, 0.5, 1.0, 0.2, 0.6, 0.8, 0.9, 0.4], "rank_ratio_list_str": "[0.1, 0.3, 0.7, 0.5, 1.0, 0.2, 0.6, 0.8, 0.9, 0.4]", "epoch": 5, "batch_size": 64}

round,accuracy,average_loss,perplexity,precision,recall,f1_score,matthews_correlation,mcc,total_test_samples,invalid_label_samples,evaluation_status
0,0.0904,2.294065625,9.915167198334737,0.09859568063889175,0.09873302394591102,0.044122383148775216,-0.002867802789111053,-0.002867802789111053,10000,0,evaluated
1,0.0904,2.294065625,9.915167198334737,0.09859568063889175,0.09873302394591102,0.044122383148775216,-0.002867802789111053,-0.002867802789111053,10000,0,evaluated
2,0.0904,2.294065625,9.915167198334737,0.09859568063889175,0.09873302394591102,0.044122383148775216,-0.002867802789111053,-0.002867802789111053,10000,0,evaluated
3,0.0904,2.294065625,9.915167198334737,0.09859568063889175,0.09873302394591102,0.044122383148775216,-0.002867802789111053,-0.002867802789111053,10000,0,evaluated
4,0.0904,2.294065625,9.915167198334737,0.09859568063889175,0.09873302394591102,0.044122383148775216,-0.002867802789111053,-0.002867802789111053,10000,0,evaluated
5,0.0904,2.294065625,9.915167198334737,0.09859568063889175,0.09873302394591102,0.044122383148775216,-0.002867802789111053,-0.002867802789111053,10000,0,evaluated
6,0.0904,2.294065625,9.915167198334737,0.09859568063889175,0.09873302394591102,0.044122383148775216,-0.002867802789111053,-0.002867802789111053,10000,0,evaluated
7,0.0904,2.294065625,9.915167198334737,0.09859568063889175,0.09873302394591102,0.044122383148775216,-0.002867802789111053,-0.002867802789111053,10000,0,evaluated
8,0.0904,2.294065625,9.915167198334737,0.09859568063889175,0.09873302394591102,0.044122383148775216,-0.002867802789111053,-0.002867802789111053,10000,0,evaluated
9,0.0904,2.294065625,9.915167198334737,0.09859568063889175,0.09873302394591102,0.044122383148775216,-0.002867802789111053,-0.002867802789111053,10000,0,evaluated
10,0.0904,2.294065625,9.915167198334737,0.09859568063889175,0.09873302394591102,0.044122383148775216,-0.002867802789111053,-0.002867802789111053,10000,0,evaluated
11,0.0904,2.294065625,9.915167198334737,0.09859568063889175,0.09873302394591102,0.044122383148775216,-0.002867802789111053,-0.002867802789111053,10000,0,evaluated
12,0.0904,2.294065625,9.915167198334737,0.09859568063889175,0.09873302394591102,0.044122383148775216,-0.002867802789111053,-0.002867802789111053,10000,0,evaluated
13,0.0904,2.294065625,9.915167198334737,0.09859568063889175,0.09873302394591102,0.044122383148775216,-0.002867802789111053,-0.002867802789111053,10000,0,evaluated
14,0.0904,2.294065625,9.915167198334737,0.09859568063889175,0.09873302394591102,0.044122383148775216,-0.002867802789111053,-0.002867802789111053,10000,0,evaluated
15,0.0904,2.294065625,9.915167198334737,0.09859568063889175,0.09873302394591102,0.044122383148775216,-0.002867802789111053,-0.002867802789111053,10000,0,evaluated
16,0.0904,2.294065625,9.915167198334737,0.09859568063889175,0.09873302394591102,0.044122383148775216,-0.002867802789111053,-0.002867802789111053,10000,0,evaluated
17,0.0904,2.294065625,9.915167198334737,0.09859568063889175,0.09873302394591102,0.044122383148775216,-0.002867802789111053,-0.002867802789111053,10000,0,evaluated
18,0.0904,2.294065625,9.915167198334737,0.09859568063889175,0.09873302394591102,0.044122383148775216,-0.002867802789111053,-0.002867802789111053,10000,0,evaluated
19,0.0904,2.294065625,9.915167198334737,0.09859568063889175,0.09873302394591102,0.044122383148775216,-0.002867802789111053,-0.002867802789111053,10000,0,evaluated
20,0.0904,2.294065625,9.915167198334737,0.09859568063889175,0.09873302394591102,0.044122383148775216,-0.002867802789111053,-0.002867802789111053,10000,0,evaluated
21,0.0904,2.294065625,9.915167198334737,0.09859568063889175,0.09873302394591102,0.044122383148775216,-0.002867802789111053,-0.002867802789111053,10000,0,evaluated
22,0.0904,2.294065625,9.915167198334737,0.09859568063889175,0.09873302394591102,0.044122383148775216,-0.002867802789111053,-0.002867802789111053,10000,0,evaluated
23,0.0904,2.294065625,9.915167198334737,0.09859568063889175,0.09873302394591102,0.044122383148775216,-0.002867802789111053,-0.002867802789111053,10000,0,evaluated
24,0.0904,2.294065625,9.915167198334737,0.09859568063889175,0.09873302394591102,0.044122383148775216,-0.002867802789111053,-0.002867802789111053,10000,0,evaluated
25,0.0904,2.294065625,9.915167198334737,0.09859568063889175,0.09873302394591102,0.044122383148775216,-0.002867802789111053,-0.002867802789111053,10000,0,evaluated
26,0.0904,2.294065625,9.915167198334737,0.09859568063889175,0.09873302394591102,0.044122383148775216,-0.002867802789111053,-0.002867802789111053,10000,0,evaluated
27,0.0904,2.294065625,9.915167198334737,0.09859568063889175,0.09873302394591102,0.044122383148775216,-0.002867802789111053,-0.002867802789111053,10000,0,evaluated
28,0.0904,2.294065625,9.915167198334737,0.09859568063889175,0.09873302394591102,0.044122383148775216,-0.002867802789111053,-0.002867802789111053,10000,0,evaluated
29,0.0904,2.294065625,9.915167198334737,0.09859568063889175,0.09873302394591102,0.044122383148775216,-0.002867802789111053,-0.002867802789111053,10000,0,evaluated
30,0.0904,2.294065625,9.915167198334737,0.09859568063889175,0.09873302394591102,0.044122383148775216,-0.002867802789111053,-0.002867802789111053,10000,0,evaluated
31,0.0904,2.294065625,9.915167198334737,0.09859568063889175,0.09873302394591102,0.044122383148775216,-0.002867802789111053,-0.002867802789111053,10000,0,evaluated
32,0.0904,2.294065625,9.915167198334737,0.09859568063889175,0.09873302394591102,0.044122383148775216,-0.002867802789111053,-0.002867802789111053,10000,0,evaluated
33,0.0904,2.294065625,9.915167198334737,0.09859568063889175,0.09873302394591102,0.044122383148775216,-0.002867802789111053,-0.002867802789111053,10000,0,evaluated
34,0.0904,2.294065625,9.915167198334737,0.09859568063889175,0.09873302394591102,0.044122383148775216,-0.002867802789111053,-0.002867802789111053,10000,0,evaluated
35,0.0904,2.294065625,9.915167198334737,0.09859568063889175,0.09873302394591102,0.044122383148775216,-0.002867802789111053,-0.002867802789111053,10000,0,evaluated
36,0.0904,2.294065625,9.915167198334737,0.09859568063889175,0.09873302394591102,0.044122383148775216,-0.002867802789111053,-0.002867802789111053,10000,0,evaluated
37,0.0904,2.294065625,9.915167198334737,0.09859568063889175,0.09873302394591102,0.044122383148775216,-0.002867802789111053,-0.002867802789111053,10000,0,evaluated
38,0.0904,2.294065625,9.915167198334737,0.09859568063889175,0.09873302394591102,0.044122383148775216,-0.002867802789111053,-0.002867802789111053,10000,0,evaluated
39,0.0904,2.294065625,9.915167198334737,0.09859568063889175,0.09873302394591102,0.044122383148775216,-0.002867802789111053,-0.002867802789111053,10000,0,evaluated
40,0.0904,2.294065625,9.915167198334737,0.09859568063889175,0.09873302394591102,0.044122383148775216,-0.002867802789111053,-0.002867802789111053,10000,0,evaluated
41,0.0904,2.294065625,9.915167198334737,0.09859568063889175,0.09873302394591102,0.044122383148775216,-0.002867802789111053,-0.002867802789111053,10000,0,evaluated
42,0.0904,2.294065625,9.915167198334737,0.09859568063889175,0.09873302394591102,0.044122383148775216,-0.002867802789111053,-0.002867802789111053,10000,0,evaluated
43,0.0904,2.294065625,9.915167198334737,0.09859568063889175,0.09873302394591102,0.044122383148775216,-0.002867802789111053,-0.002867802789111053,10000,0,evaluated
44,0.0904,2.294065625,9.915167198334737,0.09859568063889175,0.09873302394591102,0.044122383148775216,-0.002867802789111053,-0.002867802789111053,10000,0,evaluated
45,0.0904,2.294065625,9.915167198334737,0.09859568063889175,0.09873302394591102,0.044122383148775216,-0.002867802789111053,-0.002867802789111053,10000,0,evaluated
46,0.0904,2.294065625,9.915167198334737,0.09859568063889175,0.09873302394591102,0.044122383148775216,-0.002867802789111053,-0.002867802789111053,10000,0,evaluated
47,0.0904,2.294065625,9.915167198334737,0.09859568063889175,0.09873302394591102,0.044122383148775216,-0.002867802789111053,-0.002867802789111053,10000,0,evaluated
48,0.0904,2.294065625,9.915167198334737,0.09859568063889175,0.09873302394591102,0.044122383148775216,-0.002867802789111053,-0.002867802789111053,10000,0,evaluated
49,0.0904,2.294065625,9.915167198334737,0.09859568063889175,0.09873302394591102,0.044122383148775216,-0.002867802789111053,-0.002867802789111053,10000,0,evaluated
50,0.0904,2.294065625,9.915167198334737,0.09859568063889175,0.09873302394591102,0.044122383148775216,-0.002867802789111053,-0.002867802789111053,10000,0,evaluated
51,0.0904,2.294065625,9.915167198334737,0.09859568063889175,0.09873302394591102,0.044122383148775216,-0.002867802789111053,-0.002867802789111053,10000,0,evaluated
52,0.0904,2.294065625,9.915167198334737,0.09859568063889175,0.09873302394591102,0.044122383148775216,-0.002867802789111053,-0.002867802789111053,10000,0,evaluated
53,0.0904,2.294065625,9.915167198334737,0.09859568063889175,0.09873302394591102,0.044122383148775216,-0.002867802789111053,-0.002867802789111053,10000,0,evaluated
54,0.0904,2.294065625,9.915167198334737,0.09859568063889175,0.09873302394591102,0.044122383148775216,-0.002867802789111053,-0.002867802789111053,10000,0,evaluated
55,0.0904,2.294065625,9.915167198334737,0.09859568063889175,0.09873302394591102,0.044122383148775216,-0.002867802789111053,-0.002867802789111053,10000,0,evaluated
56,0.0904,2.294065625,9.915167198334737,0.09859568063889175,0.09873302394591102,0.044122383148775216,-0.002867802789111053,-0.002867802789111053,10000,0,evaluated
57,0.0904,2.294065625,9.915167198334737,0.09859568063889175,0.09873302394591102,0.044122383148775216,-0.002867802789111053,-0.002867802789111053,10000,0,evaluated
58,0.0904,2.294065625,9.915167198334737,0.09859568063889175,0.09873302394591102,0.044122383148775216,-0.002867802789111053,-0.002867802789111053,10000,0,evaluated
59,0.0904,2.294065625,9.915167198334737,0.09859568063889175,0.09873302394591102,0.044122383148775216,-0.002867802789111053,-0.002867802789111053,10000,0,evaluated
60,0.0904,2.294065625,9.915167198334737,0.09859568063889175,0.09873302394591102,0.044122383148775216,-0.002867802789111053,-0.002867802789111053,10000,0,evaluated
61,0.0904,2.294065625,9.915167198334737,0.09859568063889175,0.09873302394591102,0.044122383148775216,-0.002867802789111053,-0.002867802789111053,10000,0,evaluated
62,0.0904,2.294065625,9.915167198334737,0.09859568063889175,0.09873302394591102,0.044122383148775216,-0.002867802789111053,-0.002867802789111053,10000,0,evaluated
63,0.0904,2.294065625,9.915167198334737,0.09859568063889175,0.09873302394591102,0.044122383148775216,-0.002867802789111053,-0.002867802789111053,10000,0,evaluated
64,0.0904,2.294065625,9.915167198334737,0.09859568063889175,0.09873302394591102,0.044122383148775216,-0.002867802789111053,-0.002867802789111053,10000,0,evaluated
65,0.0904,2.294065625,9.915167198334737,0.09859568063889175,0.09873302394591102,0.044122383148775216,-0.002867802789111053,-0.002867802789111053,10000,0,evaluated
66,0.0904,2.294065625,9.915167198334737,0.09859568063889175,0.09873302394591102,0.044122383148775216,-0.002867802789111053,-0.002867802789111053,10000,0,evaluated
67,0.0904,2.294065625,9.915167198334737,0.09859568063889175,0.09873302394591102,0.044122383148775216,-0.002867802789111053,-0.002867802789111053,10000,0,evaluated
68,0.0904,2.294065625,9.915167198334737,0.09859568063889175,0.09873302394591102,0.044122383148775216,-0.002867802789111053,-0.002867802789111053,10000,0,evaluated
69,0.0904,2.294065625,9.915167198334737,0.09859568063889175,0.09873302394591102,0.044122383148775216,-0.002867802789111053,-0.002867802789111053,10000,0,evaluated
70,0.0904,2.294065625,9.915167198334737,0.09859568063889175,0.09873302394591102,0.044122383148775216,-0.002867802789111053,-0.002867802789111053,10000,0,evaluated
71,0.0904,2.294065625,9.915167198334737,0.09859568063889175,0.09873302394591102,0.044122383148775216,-0.002867802789111053,-0.002867802789111053,10000,0,evaluated
72,0.0904,2.294065625,9.915167198334737,0.09859568063889175,0.09873302394591102,0.044122383148775216,-0.002867802789111053,-0.002867802789111053,10000,0,evaluated
73,0.0904,2.294065625,9.915167198334737,0.09859568063889175,0.09873302394591102,0.044122383148775216,-0.002867802789111053,-0.002867802789111053,10000,0,evaluated
74,0.0904,2.294065625,9.915167198334737,0.09859568063889175,0.09873302394591102,0.044122383148775216,-0.002867802789111053,-0.002867802789111053,10000,0,evaluated
75,0.0904,2.294065625,9.915167198334737,0.09859568063889175,0.09873302394591102,0.044122383148775216,-0.002867802789111053,-0.002867802789111053,10000,0,evaluated
76,0.0904,2.294065625,9.915167198334737,0.09859568063889175,0.09873302394591102,0.044122383148775216,-0.002867802789111053,-0.002867802789111053,10000,0,evaluated
77,0.0904,2.294065625,9.915167198334737,0.09859568063889175,0.09873302394591102,0.044122383148775216,-0.002867802789111053,-0.002867802789111053,10000,0,evaluated
78,0.0904,2.294065625,9.915167198334737,0.09859568063889175,0.09873302394591102,0.044122383148775216,-0.002867802789111053,-0.002867802789111053,10000,0,evaluated
79,0.0904,2.294065625,9.915167198334737,0.09859568063889175,0.09873302394591102,0.044122383148775216,-0.002867802789111053,-0.002867802789111053,10000,0,evaluated
80,0.0904,2.294065625,9.915167198334737,0.09859568063889175,0.09873302394591102,0.044122383148775216,-0.002867802789111053,-0.002867802789111053,10000,0,evaluated
81,0.0904,2.294065625,9.915167198334737,0.09859568063889175,0.09873302394591102,0.044122383148775216,-0.002867802789111053,-0.002867802789111053,10000,0,evaluated
82,0.0904,2.294065625,9.915167198334737,0.09859568063889175,0.09873302394591102,0.044122383148775216,-0.002867802789111053,-0.002867802789111053,10000,0,evaluated
83,0.0904,2.294065625,9.915167198334737,0.09859568063889175,0.09873302394591102,0.044122383148775216,-0.002867802789111053,-0.002867802789111053,10000,0,evaluated
84,0.0904,2.294065625,9.915167198334737,0.09859568063889175,0.09873302394591102,0.044122383148775216,-0.002867802789111053,-0.002867802789111053,10000,0,evaluated
85,0.0904,2.294065625,9.915167198334737,0.09859568063889175,0.09873302394591102,0.044122383148775216,-0.002867802789111053,-0.002867802789111053,10000,0,evaluated
86,0.0904,2.294065625,9.915167198334737,0.09859568063889175,0.09873302394591102,0.044122383148775216,-0.002867802789111053,-0.002867802789111053,10000,0,evaluated
87,0.0904,2.294065625,9.915167198334737,0.09859568063889175,0.09873302394591102,0.044122383148775216,-0.002867802789111053,-0.002867802789111053,10000,0,evaluated
88,0.0904,2.294065625,9.915167198334737,0.09859568063889175,0.09873302394591102,0.044122383148775216,-0.002867802789111053,-0.002867802789111053,10000,0,evaluated
89,0.0904,2.294065625,9.915167198334737,0.09859568063889175,0.09873302394591102,0.044122383148775216,-0.002867802789111053,-0.002867802789111053,10000,0,evaluated
90,0.0904,2.294065625,9.915167198334737,0.09859568063889175,0.09873302394591102,0.044122383148775216,-0.002867802789111053,-0.002867802789111053,10000,0,evaluated
91,0.0904,2.294065625,9.915167198334737,0.09859568063889175,0.09873302394591102,0.044122383148775216,-0.002867802789111053,-0.002867802789111053,10000,0,evaluated
92,0.0904,2.294065625,9.915167198334737,0.09859568063889175,0.09873302394591102,0.044122383148775216,-0.002867802789111053,-0.002867802789111053,10000,0,evaluated
93,0.0904,2.294065625,9.915167198334737,0.09859568063889175,0.09873302394591102,0.044122383148775216,-0.002867802789111053,-0.002867802789111053,10000,0,evaluated
94,0.0904,2.294065625,9.915167198334737,0.09859568063889175,0.09873302394591102,0.044122383148775216,-0.002867802789111053,-0.002867802789111053,10000,0,evaluated
95,0.0904,2.294065625,9.915167198334737,0.09859568063889175,0.09873302394591102,0.044122383148775216,-0.002867802789111053,-0.002867802789111053,10000,0,evaluated
96,0.0904,2.294065625,9.915167198334737,0.09859568063889175,0.09873302394591102,0.044122383148775216,-0.002867802789111053,-0.002867802789111053,10000,0,evaluated
97,0.0904,2.294065625,9.915167198334737,0.09859568063889175,0.09873302394591102,0.044122383148775216,-0.002867802789111053,-0.002867802789111053,10000,0,evaluated
98,0.0904,2.294065625,9.915167198334737,0.09859568063889175,0.09873302394591102,0.044122383148775216,-0.002867802789111053,-0.002867802789111053,10000,0,evaluated
99,0.0904,2.294065625,9.915167198334737,0.09859568063889175,0.09873302394591102,0.044122383148775216,-0.002867802789111053,-0.002867802789111053,10000,0,evaluated
100,0.0904,2.294065625,9.915167198334737,0.09859568063889175,0.09873302394591102,0.044122383148775216,-0.002867802789111053,-0.002867802789111053,10000,0,evaluated
