Config,{"general": {"device": "cuda:0", "training_rounds": 100, "train_optimization": {"cudnn_benchmark": true, "pin_memory": true, "fused_optimizer": false, "torch_compile": false, "non_blocking_transfer": true}}, "dataset": "qmnist", "model": "simple_lora_mlp", "loss_function": "CrossEntropyLoss", "aggregation": "sp_plus", "client_selection": {"method": "random", "round": 1, "client_selection_round": 1, "number": 10, "random_seed": 42}, "hyperparameters": {"training_rounds": 100, "local_epochs": 5, "selected_clients": 10, "client_selection_round": 1, "client_selection_method": "random", "optimizer": "SGD", "lr": 0.01, "momentum": 0.0, "weight_decay": 0.0001, "nesterov": false, "batch_size": 64, "shuffle": true, "trainer_type": "standard", "rank_ratio_list": [0.8646, 0.2795, 0.3406, 0.3957, 0.2887, 0.6918, 0.25, 0.2679, 1.0, 0.6099]}, "effective_yaml": {"server_yaml": {"role": "server", "general": {"device": "cuda:0", "training_rounds": 100, "train_optimization": {"cudnn_benchmark": true, "pin_memory": true, "fused_optimizer": false, "torch_compile": false, "non_blocking_transfer": true}}, "training_logger": {"name": "train", "path": "./experiment_results/", "prefix": "rbla_plus_", "save_weights": false}, "data_loader": {"name": "qmnist", "root": "../.dataset", "split": "", "batch_size": 64, "shuffle": true, "num_workers": 0, "is_download": true, "is_load_train_set": true, "is_load_test_set": true, "task_type": "cv"}, "nn_model": {"name": "simple_lora_mlp", "input_dim": 0, "hidden_dim": 0, "output_dim": 0, "softmax_dim": 1, "lora_mode": "standard", "rank_ratio": 1.0, "cap_lora_rank_to_matrix_dim": true, "share_model": false}, "loss_func": {"type": "CrossEntropyLoss", "reduction": "mean", "weight": "None"}, "optimizer": {"type": "SGD", "lr": 0.01, "weight_decay": 0.0001, "momentum": 0.0, "nesterov": false, "betas": [0.9, 0.999], "amsgrad": false, "eps": "1e-8", "alpha": "None", "centered": "None"}, "training": {"epochs": 5, "batch_size": 64, "shuffle": true, "lr": 0.01}, "trainer": {"trainer_type": "standard", "save_path": "./.training_results/"}, "data_distribution": {"use": "qmnist_dirichlet_0_4_seed_2", "custom_define": {"qmnist_dirichlet_0_4_seed_2": [[44, 177, 4271, 1048, 553, 222, 76, 831, 70, 1165], [903, 68, 2, 843, 41, 979, 24, 90, 196, 1380], [333, 1, 641, 1510, 139, 57, 1969, 11, 149, 127], [13, 374, 5, 531, 376, 96, 90, 58, 2976, 788], [47, 2162, 364, 263, 12, 0, 91, 12, 1637, 0], [296, 1592, 0, 7, 443, 3645, 1, 754, 558, 0], [151, 42, 99, 1728, 1888, 10, 165, 184, 21, 40], [135, 46, 267, 21, 1385, 359, 1319, 513, 16, 387], [3883, 4, 212, 174, 16, 52, 1337, 3144, 215, 330], [118, 2276, 97, 6, 989, 1, 846, 668, 13, 1732]]}}, "client_selection": {"method": "random", "round": 1, "client_selection_round": 1, "number": 10, "random_seed": 42}, "strategy": {"role": "server", "strategy_name": "sp_plus"}, "aggregation": {"method": "sp_plus", "device": "cpu", "is_wbab": false, "pad_mode": "nan"}, "canonicalization": {"enabled": true, "start_round": 0, "interval": 1, "deterministic_sign": true, "svd_fallback": true, "log_diagnostics": true, "ordering": "singular_value", "activation_chunk_size": 4096, "activation_fallback": true}, "rank_distribution": {"rank_ratio_list": [0.8646, 0.2795, 0.3406, 0.3957, 0.2887, 0.6918, 0.25, 0.2679, 1.0, 0.6099]}, "lora_inference": {"device": "cpu", "lora_mode": "standard", "scaling": 0.5, "rank_ratio": 1, "use_bias": true, "alpha": 0}}, "client_yamls": [{"index": 0, "node_id": "client.1", "yaml": {"role": "client", "training_logger": {"name": "train", "path": "./experiment_results/", "prefix": "", "save_weights": false}, "data_loader": {"name": "qmnist", "root": "../.dataset", "split": "", "batch_size": 64, "shuffle": true, "num_workers": 0, "is_download": true, "is_load_train_set": true, "is_load_test_set": true, "task_type": "cv"}, "nn_model": {"name": "simple_lora_mlp", "input_dim": 0, "hidden_dim": 0, "output_dim": 0, "softmax_dim": 1, "lora_mode": "standard", "rank_ratio": 0.8646, "cap_lora_rank_to_matrix_dim": true, "share_model": false}, "loss_func": {"type": "CrossEntropyLoss", "reduction": "mean", "weight": "None"}, "optimizer": {"type": "SGD", "lr": 0.01, "weight_decay": 0.0001, "momentum": 0.0, "nesterov": false, "betas": [0.9, 0.999], "amsgrad": false, "eps": "1e-8", "alpha": "None", "centered": "None"}, "training": {"epochs": 5, "batch_size": 64, "shuffle": true, "lr": 0.01}, "trainer": {"trainer_type": "standard", "save_path": "./.training_results/"}, "strategy": {"role": "client", "strategy_name": "sp_plus"}}}, {"index": 1, "node_id": "client.2", "yaml": {"role": "client", "training_logger": {"name": "train", "path": "./experiment_results/", "prefix": "", "save_weights": false}, "data_loader": {"name": "qmnist", "root": "../.dataset", "split": "", "batch_size": 64, "shuffle": true, "num_workers": 0, "is_download": true, "is_load_train_set": true, "is_load_test_set": true, "task_type": "cv"}, "nn_model": {"name": "simple_lora_mlp", "input_dim": 0, "hidden_dim": 0, "output_dim": 0, "softmax_dim": 1, "lora_mode": "standard", "rank_ratio": 0.2795, "cap_lora_rank_to_matrix_dim": true, "share_model": false}, "loss_func": {"type": "CrossEntropyLoss", "reduction": "mean", "weight": "None"}, "optimizer": {"type": "SGD", "lr": 0.01, "weight_decay": 0.0001, "momentum": 0.0, "nesterov": false, "betas": [0.9, 0.999], "amsgrad": false, "eps": "1e-8", "alpha": "None", "centered": "None"}, "training": {"epochs": 5, "batch_size": 64, "shuffle": true, "lr": 0.01}, "trainer": {"trainer_type": "standard", "save_path": "./.training_results/"}, "strategy": {"role": "client", "strategy_name": "sp_plus"}}}, {"index": 2, "node_id": "client.3", "yaml": {"role": "client", "training_logger": {"name": "train", "path": "./experiment_results/", "prefix": "", "save_weights": false}, "data_loader": {"name": "qmnist", "root": "../.dataset", "split": "", "batch_size": 64, "shuffle": true, "num_workers": 0, "is_download": true, "is_load_train_set": true, "is_load_test_set": true, "task_type": "cv"}, "nn_model": {"name": "simple_lora_mlp", "input_dim": 0, "hidden_dim": 0, "output_dim": 0, "softmax_dim": 1, "lora_mode": "standard", "rank_ratio": 0.3406, "cap_lora_rank_to_matrix_dim": true, "share_model": false}, "loss_func": {"type": "CrossEntropyLoss", "reduction": "mean", "weight": "None"}, "optimizer": {"type": "SGD", "lr": 0.01, "weight_decay": 0.0001, "momentum": 0.0, "nesterov": false, "betas": [0.9, 0.999], "amsgrad": false, "eps": "1e-8", "alpha": "None", "centered": "None"}, "training": {"epochs": 5, "batch_size": 64, "shuffle": true, "lr": 0.01}, "trainer": {"trainer_type": "standard", "save_path": "./.training_results/"}, "strategy": {"role": "client", "strategy_name": "sp_plus"}}}, {"index": 3, "node_id": "client.4", "yaml": {"role": "client", "training_logger": {"name": "train", "path": "./experiment_results/", "prefix": "", "save_weights": false}, "data_loader": {"name": "qmnist", "root": "../.dataset", "split": "", "batch_size": 64, "shuffle": true, "num_workers": 0, "is_download": true, "is_load_train_set": true, "is_load_test_set": true, "task_type": "cv"}, "nn_model": {"name": "simple_lora_mlp", "input_dim": 0, "hidden_dim": 0, "output_dim": 0, "softmax_dim": 1, "lora_mode": "standard", "rank_ratio": 0.3957, "cap_lora_rank_to_matrix_dim": true, "share_model": false}, "loss_func": {"type": "CrossEntropyLoss", "reduction": "mean", "weight": "None"}, "optimizer": {"type": "SGD", "lr": 0.01, "weight_decay": 0.0001, "momentum": 0.0, "nesterov": false, "betas": [0.9, 0.999], "amsgrad": false, "eps": "1e-8", "alpha": "None", "centered": "None"}, "training": {"epochs": 5, "batch_size": 64, "shuffle": true, "lr": 0.01}, "trainer": {"trainer_type": "standard", "save_path": "./.training_results/"}, "strategy": {"role": "client", "strategy_name": "sp_plus"}}}, {"index": 4, "node_id": "client.5", "yaml": {"role": "client", "training_logger": {"name": "train", "path": "./experiment_results/", "prefix": "", "save_weights": false}, "data_loader": {"name": "qmnist", "root": "../.dataset", "split": "", "batch_size": 64, "shuffle": true, "num_workers": 0, "is_download": true, "is_load_train_set": true, "is_load_test_set": true, "task_type": "cv"}, "nn_model": {"name": "simple_lora_mlp", "input_dim": 0, "hidden_dim": 0, "output_dim": 0, "softmax_dim": 1, "lora_mode": "standard", "rank_ratio": 0.2887, "cap_lora_rank_to_matrix_dim": true, "share_model": false}, "loss_func": {"type": "CrossEntropyLoss", "reduction": "mean", "weight": "None"}, "optimizer": {"type": "SGD", "lr": 0.01, "weight_decay": 0.0001, "momentum": 0.0, "nesterov": false, "betas": [0.9, 0.999], "amsgrad": false, "eps": "1e-8", "alpha": "None", "centered": "None"}, "training": {"epochs": 5, "batch_size": 64, "shuffle": true, "lr": 0.01}, "trainer": {"trainer_type": "standard", "save_path": "./.training_results/"}, "strategy": {"role": "client", "strategy_name": "sp_plus"}}}, {"index": 5, "node_id": "client.6", "yaml": {"role": "client", "training_logger": {"name": "train", "path": "./experiment_results/", "prefix": "", "save_weights": false}, "data_loader": {"name": "qmnist", "root": "../.dataset", "split": "", "batch_size": 64, "shuffle": true, "num_workers": 0, "is_download": true, "is_load_train_set": true, "is_load_test_set": true, "task_type": "cv"}, "nn_model": {"name": "simple_lora_mlp", "input_dim": 0, "hidden_dim": 0, "output_dim": 0, "softmax_dim": 1, "lora_mode": "standard", "rank_ratio": 0.6918, "cap_lora_rank_to_matrix_dim": true, "share_model": false}, "loss_func": {"type": "CrossEntropyLoss", "reduction": "mean", "weight": "None"}, "optimizer": {"type": "SGD", "lr": 0.01, "weight_decay": 0.0001, "momentum": 0.0, "nesterov": false, "betas": [0.9, 0.999], "amsgrad": false, "eps": "1e-8", "alpha": "None", "centered": "None"}, "training": {"epochs": 5, "batch_size": 64, "shuffle": true, "lr": 0.01}, "trainer": {"trainer_type": "standard", "save_path": "./.training_results/"}, "strategy": {"role": "client", "strategy_name": "sp_plus"}}}, {"index": 6, "node_id": "client.7", "yaml": {"role": "client", "training_logger": {"name": "train", "path": "./experiment_results/", "prefix": "", "save_weights": false}, "data_loader": {"name": "qmnist", "root": "../.dataset", "split": "", "batch_size": 64, "shuffle": true, "num_workers": 0, "is_download": true, "is_load_train_set": true, "is_load_test_set": true, "task_type": "cv"}, "nn_model": {"name": "simple_lora_mlp", "input_dim": 0, "hidden_dim": 0, "output_dim": 0, "softmax_dim": 1, "lora_mode": "standard", "rank_ratio": 0.25, "cap_lora_rank_to_matrix_dim": true, "share_model": false}, "loss_func": {"type": "CrossEntropyLoss", "reduction": "mean", "weight": "None"}, "optimizer": {"type": "SGD", "lr": 0.01, "weight_decay": 0.0001, "momentum": 0.0, "nesterov": false, "betas": [0.9, 0.999], "amsgrad": false, "eps": "1e-8", "alpha": "None", "centered": "None"}, "training": {"epochs": 5, "batch_size": 64, "shuffle": true, "lr": 0.01}, "trainer": {"trainer_type": "standard", "save_path": "./.training_results/"}, "strategy": {"role": "client", "strategy_name": "sp_plus"}}}, {"index": 7, "node_id": "client.8", "yaml": {"role": "client", "training_logger": {"name": "train", "path": "./experiment_results/", "prefix": "", "save_weights": false}, "data_loader": {"name": "qmnist", "root": "../.dataset", "split": "", "batch_size": 64, "shuffle": true, "num_workers": 0, "is_download": true, "is_load_train_set": true, "is_load_test_set": true, "task_type": "cv"}, "nn_model": {"name": "simple_lora_mlp", "input_dim": 0, "hidden_dim": 0, "output_dim": 0, "softmax_dim": 1, "lora_mode": "standard", "rank_ratio": 0.2679, "cap_lora_rank_to_matrix_dim": true, "share_model": false}, "loss_func": {"type": "CrossEntropyLoss", "reduction": "mean", "weight": "None"}, "optimizer": {"type": "SGD", "lr": 0.01, "weight_decay": 0.0001, "momentum": 0.0, "nesterov": false, "betas": [0.9, 0.999], "amsgrad": false, "eps": "1e-8", "alpha": "None", "centered": "None"}, "training": {"epochs": 5, "batch_size": 64, "shuffle": true, "lr": 0.01}, "trainer": {"trainer_type": "standard", "save_path": "./.training_results/"}, "strategy": {"role": "client", "strategy_name": "sp_plus"}}}, {"index": 8, "node_id": "client.9", "yaml": {"role": "client", "training_logger": {"name": "train", "path": "./experiment_results/", "prefix": "", "save_weights": false}, "data_loader": {"name": "qmnist", "root": "../.dataset", "split": "", "batch_size": 64, "shuffle": true, "num_workers": 0, "is_download": true, "is_load_train_set": true, "is_load_test_set": true, "task_type": "cv"}, "nn_model": {"name": "simple_lora_mlp", "input_dim": 0, "hidden_dim": 0, "output_dim": 0, "softmax_dim": 1, "lora_mode": "standard", "rank_ratio": 1.0, "cap_lora_rank_to_matrix_dim": true, "share_model": false}, "loss_func": {"type": "CrossEntropyLoss", "reduction": "mean", "weight": "None"}, "optimizer": {"type": "SGD", "lr": 0.01, "weight_decay": 0.0001, "momentum": 0.0, "nesterov": false, "betas": [0.9, 0.999], "amsgrad": false, "eps": "1e-8", "alpha": "None", "centered": "None"}, "training": {"epochs": 5, "batch_size": 64, "shuffle": true, "lr": 0.01}, "trainer": {"trainer_type": "standard", "save_path": "./.training_results/"}, "strategy": {"role": "client", "strategy_name": "sp_plus"}}}, {"index": 9, "node_id": "client.10", "yaml": {"role": "client", "training_logger": {"name": "train", "path": "./experiment_results/", "prefix": "", "save_weights": false}, "data_loader": {"name": "qmnist", "root": "../.dataset", "split": "", "batch_size": 64, "shuffle": true, "num_workers": 0, "is_download": true, "is_load_train_set": true, "is_load_test_set": true, "task_type": "cv"}, "nn_model": {"name": "simple_lora_mlp", "input_dim": 0, "hidden_dim": 0, "output_dim": 0, "softmax_dim": 1, "lora_mode": "standard", "rank_ratio": 0.6099, "cap_lora_rank_to_matrix_dim": true, "share_model": false}, "loss_func": {"type": "CrossEntropyLoss", "reduction": "mean", "weight": "None"}, "optimizer": {"type": "SGD", "lr": 0.01, "weight_decay": 0.0001, "momentum": 0.0, "nesterov": false, "betas": [0.9, 0.999], "amsgrad": false, "eps": "1e-8", "alpha": "None", "centered": "None"}, "training": {"epochs": 5, "batch_size": 64, "shuffle": true, "lr": 0.01}, "trainer": {"trainer_type": "standard", "save_path": "./.training_results/"}, "strategy": {"role": "client", "strategy_name": "sp_plus"}}}]}, "effective_client_rank_ratios": [0.8646, 0.2795, 0.3406, 0.3957, 0.2887, 0.6918, 0.25, 0.2679, 1.0, 0.6099], "effective_client_share_model": [false, false, false, false, false, false, false, false, false, false], "rank_distribution": {"rank_ratio_list": [0.8646, 0.2795, 0.3406, 0.3957, 0.2887, 0.6918, 0.25, 0.2679, 1.0, 0.6099]}, "rank_ratio_list": [0.8646, 0.2795, 0.3406, 0.3957, 0.2887, 0.6918, 0.25, 0.2679, 1.0, 0.6099], "rank_ratio_list_str": "[0.8646, 0.2795, 0.3406, 0.3957, 0.2887, 0.6918, 0.25, 0.2679, 1.0, 0.6099]", "epoch": 5, "batch_size": 64}

round,accuracy,average_loss,perplexity,precision,recall,f1_score,matthews_correlation,mcc,total_test_samples,invalid_label_samples,evaluation_status,canonicalization_layer_count,canonicalization_mean_effective_rank,canonicalization_maximum_singular_value,canonicalization_minimum_singular_value,canonicalization_maximum_core_reconstruction_error,canonicalization_maximum_factor_balance_error
0,0.12335,2.285596875,9.831552681078941,0.18653806941034945,0.12325571296567721,0.09957747522329032,0.026364399863538796,0.026364399863538796,60000,0,evaluated,3.0,18.836894989013672,0.011022105813026428,7.91468834915321e-11,9.72950715549814e-07,1.2809057352569653e-06
1,0.1276,2.280683203125,9.783362150370033,0.1678355566714999,0.125352297439753,0.0724144654311604,0.03317422719619012,0.03317422719619012,60000,0,evaluated,3.0,18.679293155670166,0.012103322893381119,7.915227501209543e-11,9.340266160506872e-07,9.606983439880423e-07
2,0.1256,2.277007421875,9.747466663610755,0.1142241588966471,0.12271082194130438,0.06101282113634317,0.03543273328892361,0.03543273328892361,60000,0,evaluated,3.0,18.510327180226643,0.013609681278467178,7.919304795267479e-11,9.54776169237448e-07,1.1345226766934502e-06
3,0.12536666666666665,2.2734510416666667,9.712862535277749,0.11492954383240586,0.12223399192103501,0.0587120591162783,0.039146400339176206,0.039146400339176206,60000,0,evaluated,3.0,18.327581723531086,0.01572696678340435,7.928264295076204e-11,1.1926790648431052e-06,9.91441879705235e-07
4,0.12668333333333334,2.269897005208333,9.678403937539962,0.13260398513858668,0.12345978501134107,0.059474738625021686,0.04461828179737999,0.04461828179737999,60000,0,evaluated,3.0,18.12911097208659,0.01872347854077816,7.943585372816031e-11,1.1105395287813735e-06,1.112998575081292e-06
5,0.13018333333333335,2.2662811197916666,9.643471132456943,0.137230389640336,0.12692305379864413,0.06261157062903278,0.05294987951031924,0.05294987951031924,60000,0,evaluated,3.0,17.91307195027669,0.022999469190835953,7.966696052852384e-11,8.01682119799807e-07,7.989845585143485e-07
6,0.13461666666666666,2.26277109375,9.609681633352197,0.164860622484173,0.13137358414354733,0.0672939532063771,0.062103327215250206,0.062103327215250206,60000,0,evaluated,3.0,17.678555329640705,0.029146719723939896,7.998646189832925e-11,1.1297339597149403e-06,1.6057454104156932e-06
7,0.13925,2.25933203125,9.576690100098727,0.2797401220316099,0.13602391445800407,0.07191919907718333,0.0710350589064431,0.0710350589064431,60000,0,evaluated,3.0,17.425834496815998,0.03804296627640724,8.039633542233915e-11,1.0433876695969957e-06,9.370398856844986e-07
8,0.14388333333333334,2.2559291666666668,9.544157304273648,0.2995284441146061,0.14067709205419532,0.07625783656763555,0.07981659527170001,0.07981659527170001,60000,0,evaluated,3.0,17.156761169433594,0.05101422220468521,8.088725522714668e-11,9.402176033290743e-07,9.378094318890362e-07
9,0.1495,2.252655078125,9.512959987461318,0.310449249471003,0.14631868632429273,0.08126335506371876,0.09010846074170402,0.09010846074170402,60000,0,evaluated,3.0,16.87507661183675,0.07005639374256134,8.143909852043052e-11,9.399938107890193e-07,1.1177642136317445e-06
10,0.15506666666666666,2.2492083333333333,9.480227684523644,0.3200394177505102,0.15189820989681935,0.08598426536405171,0.09970109462431653,0.09970109462431653,60000,0,evaluated,3.0,16.585430939992268,0.0982290655374527,8.202326318151876e-11,9.94260517472867e-07,8.524605732418422e-07
11,0.16101666666666667,2.245688932291667,9.446921604439897,0.37288794121638663,0.1578599184280527,0.0906015830614576,0.11027032676804722,0.11027032676804722,60000,0,evaluated,3.0,16.293926397959392,0.14001688361167908,8.261211853488604e-11,1.0995933052981854e-06,1.2103124618079164e-06
12,0.16925,2.241711328125,9.409420122173573,0.2804191108121759,0.16611984241443445,0.09635249730523408,0.12221231275311875,0.12221231275311875,60000,0,evaluated,3.0,16.004791895548504,0.20223061740398407,8.31803514955709e-11,1.149175091086363e-06,1.4687908560517826e-06
13,0.1767,2.2371748697916667,9.366831353972486,0.27579725330812377,0.1736083982975536,0.10052958767542719,0.1334108477011518,0.1334108477011518,60000,0,evaluated,3.0,15.722713629404703,0.2940398156642914,8.371210669100293e-11,1.3830964462613338e-06,1.1053058415200212e-06
14,0.18525,2.231758984375,9.31623879406008,0.3133969074473323,0.18219467008729107,0.10486145473908018,0.14459120244846854,0.14459120244846854,60000,0,evaluated,3.0,15.449429670969645,0.4277240037918091,8.42000705270074e-11,1.4714755707245786e-06,1.1872185723404982e-06
15,0.1947,2.2251076822916667,9.25447929379231,0.29397661699796895,0.19167536098057317,0.10969353294168634,0.15527613487632705,0.15527613487632705,60000,0,evaluated,3.0,15.185571511586508,0.6165164113044739,8.464318135281701e-11,8.968737006398442e-07,1.128516259996104e-06
16,0.20268333333333333,2.216949609375,9.17928770317286,0.3040995818826354,0.19971612663246757,0.11344016127349774,0.1630290978273613,0.1630290978273613,60000,0,evaluated,3.0,14.929582277933756,0.8718739748001099,8.504572740486438e-11,1.1835116993097472e-06,1.2340791499809711e-06
17,0.21075,2.207066145833333,9.08901140394546,0.31782105934947,0.20782113053170673,0.11920699909939916,0.17003281106815168,0.17003281106815168,60000,0,evaluated,3.0,14.678266366322836,1.2001644372940063,8.541469614931074e-11,1.034481556416722e-06,1.0583630682958756e-06
18,0.21945,2.195350911458333,8.983152795044239,0.351758580163087,0.2165553459711676,0.12762480408533072,0.17742623011624076,0.17742623011624076,60000,0,evaluated,3.0,14.427970012029013,1.598311424255371,8.575561094570361e-11,9.990334319809335e-07,1.1948091014346574e-06
19,0.23003333333333334,2.181772786458333,8.862002779841772,0.45017945396889897,0.22713821075889468,0.1412361573929913,0.18731834821405718,0.18731834821405718,60000,0,evaluated,3.0,14.173975547154745,2.0588440895080566,8.607459189846622e-11,8.515269769304723e-07,1.112705831474159e-06
20,0.24321666666666666,2.1661309895833334,8.724463616530697,0.46347742432954175,0.24031731113520421,0.1564101340277371,0.20016588691279233,0.20016588691279233,60000,0,evaluated,3.0,13.911547899246216,2.573296546936035,8.63759203051373e-11,1.1902616279257927e-06,1.2736007874991628e-06
21,0.25801666666666667,2.148262760416667,8.569957388411742,0.4970687970758839,0.25508732567959197,0.17202537300366405,0.21486515986847216,0.21486515986847216,60000,0,evaluated,3.0,13.63649614651998,3.1363725662231445,8.666466155826669e-11,9.41963151035452e-07,1.0944349924102426e-06
22,0.2696,2.12792109375,8.397391263539678,0.4937814643980631,0.2666240779751688,0.18183460852032013,0.22610560782275113,0.22610560782275113,60000,0,evaluated,3.0,13.343336741129557,3.755423069000244,8.694302222611583e-11,1.2320618907324388e-06,1.174787939817179e-06
23,0.28186666666666665,2.1050151041666667,8.207226971983689,0.4958369182664371,0.2788831041779233,0.19322155586823864,0.23890333943020983,0.23890333943020983,60000,0,evaluated,3.0,13.026721000671387,4.4434733390808105,8.721303540459857e-11,1.6186443190235877e-06,1.0544625865804846e-06
24,0.29085,2.079361979166667,7.99936352521475,0.5136761274506072,0.287824687738369,0.1996707634042994,0.24787773088320855,0.24787773088320855,60000,0,evaluated,3.0,12.68159286181132,5.219738483428955,8.747695623423368e-11,1.0166913853026927e-06,1.063781724042201e-06
25,0.30056666666666665,2.0513034505208334,7.778032782684533,0.533042061989723,0.29747757350440474,0.20751856847888317,0.25820518913138213,0.25820518913138213,60000,0,evaluated,3.0,12.304525375366211,6.09479284286499,8.773642229398249e-11,9.31769534417981e-07,8.055054649958038e-07
26,0.3075,2.020593033854167,7.542796741386922,0.5323867728645774,0.30438094218494954,0.21350527980131367,0.2658983222559649,0.2658983222559649,60000,0,evaluated,3.0,11.893761396408081,7.078619480133057,8.79937789299845e-11,9.332866284239572e-07,8.204672781175759e-07
27,0.3140833333333333,1.9882213541666667,7.3025335834488665,0.43236212745303726,0.3109064925301336,0.2181284989000601,0.27259060275851416,0.27259060275851416,60000,0,evaluated,3.0,11.449992895126343,8.17682933807373,8.82512882216524e-11,8.77447462244163e-07,8.170798082574038e-07
28,0.3217,1.9544184895833334,7.059812475322489,0.52700655144572,0.3185255271852863,0.22405580126880364,0.27982126980861394,0.27982126980861394,60000,0,evaluated,3.0,10.980564912160238,9.36733341217041,8.851101795936955e-11,8.124767418848933e-07,6.98040196311922e-07
29,0.3299666666666667,1.9197400390625,6.819185516991579,0.5273250500057778,0.32679519222019365,0.23104935974806748,0.2877369547375285,0.2877369547375285,60000,0,evaluated,3.0,10.495879888534546,10.628206253051758,8.877492491121686e-11,8.274600418189948e-07,1.0750503633971675e-06
30,0.33736666666666665,1.8846296549479167,6.583915669857676,0.5257850095248895,0.33407032383052326,0.23849274092894107,0.29500137384228464,0.29500137384228464,60000,0,evaluated,3.0,10.00964363416036,11.935744285583496,8.904485482297275e-11,1.113182747758401e-06,7.422482326546742e-07
31,0.3505666666666667,1.8493670572916667,6.355795394864184,0.5305669247071313,0.3466931891434638,0.25512799702166084,0.30823858570746077,0.30823858570746077,60000,0,evaluated,3.0,9.536630630493164,13.264034271240234,8.93221677178424e-11,8.838201779326482e-07,8.997556619760871e-07
32,0.3726,1.8128444661458334,6.127853136319721,0.5354233296657065,0.3673570253703943,0.2847651739022482,0.33063860408413537,0.33063860408413537,60000,0,evaluated,3.0,9.090854485829672,14.59133529663086,8.960690522918924e-11,1.2385310128593119e-06,9.835774790190044e-07
33,0.397,1.7759594075520833,5.905944626964044,0.5367205097196467,0.39024391395723834,0.3143996471567282,0.35544913847191434,0.35544913847191434,60000,0,evaluated,3.0,8.682406743367514,15.899231910705566,8.989949062954139e-11,1.167103846455575e-06,9.075208708964055e-07
34,0.41946666666666665,1.7387458658854167,5.690202668590715,0.6408337782466149,0.41132250705752044,0.3395308980125507,0.3784311244458701,0.3784311244458701,60000,0,evaluated,3.0,8.317306359608969,17.179439544677734,9.019991698000496e-11,9.349519132229034e-07,7.217770416900748e-07
35,0.4419166666666667,1.7000601888020834,5.474276871978787,0.6417867761572473,0.4326136741480523,0.36438688523008045,0.4013607823537533,0.4013607823537533,60000,0,evaluated,3.0,7.998687267303467,18.416040420532227,9.050809407495919e-11,1.033999296851107e-06,9.94725610325986e-07
36,0.45966666666666667,1.6603307291666667,5.261050539607831,0.6463845911869586,0.44934889963482305,0.38253649782128774,0.41978525109188636,0.41978525109188636,60000,0,evaluated,3.0,7.725273211797078,19.602163314819336,9.082418844785778e-11,1.1213927564313053e-06,8.696006830177794e-07
37,0.47795,1.6197873046875,5.052015662230916,0.5925980208610727,0.4669898108999012,0.40260376332768555,0.4385402288722181,0.4385402288722181,60000,0,evaluated,3.0,7.4927436510721845,20.736064910888672,9.114953236633028e-11,7.662043230993731e-07,1.3015998092669179e-06
38,0.49743333333333334,1.578170556640625,4.8460820640523705,0.5952324019535977,0.4858701859118235,0.42291989887005166,0.45828204348843044,0.45828204348843044,60000,0,evaluated,3.0,7.296050071716309,21.812274932861328,9.148549973136966e-11,7.2223434699481e-07,1.0569154937911662e-06
39,0.5117833333333334,1.5363189290364583,4.647451147702633,0.5976250396111012,0.4998097749912073,0.43876187655700266,0.4730458063229693,0.4730458063229693,60000,0,evaluated,3.0,7.129850546518962,22.829837799072266,9.183562937886691e-11,1.3898122688260628e-06,9.096435178435058e-07
40,0.5258,1.4952297037760416,4.4603609969474896,0.6042624168199395,0.5136035742002727,0.45424263214383914,0.4876656348625624,0.4876656348625624,60000,0,evaluated,3.0,6.98878796895345,23.789335250854492,9.219786739622648e-11,1.3935701872469508e-06,9.214775786858809e-07
41,0.5394833333333333,1.454085750325521,4.2805681680408565,0.5978073630446649,0.5270910334315583,0.47028346286798073,0.5017158012458226,0.5017158012458226,60000,0,evaluated,3.0,6.868041912714641,24.690818786621094,9.257802857653985e-11,1.6482096043546335e-06,1.0395899607829051e-06
42,0.5533333333333333,1.4140197347005208,4.112453194295996,0.6021847238373625,0.5409787834385691,0.4868008566483354,0.5158555755484967,0.5158555755484967,60000,0,evaluated,3.0,6.764100869496663,25.53417205810547,9.297777131545004e-11,1.2873740615759743e-06,7.920072562228597e-07
43,0.5654,1.3752627685546874,3.9561161292704083,0.6024890113116211,0.55315896280875,0.5030433801688533,0.5282877096726115,0.5282877096726115,60000,0,evaluated,3.0,6.673590024312337,26.322282791137695,9.339704010180583e-11,1.5990922292985488e-06,9.793863000595593e-07
44,0.5776333333333333,1.3387775390625,3.8143777263097816,0.6059648860707143,0.5655877521362216,0.5192365664081705,0.5407928837057111,0.5407928837057111,60000,0,evaluated,3.0,6.5941243171691895,27.05780792236328,9.383718108102457e-11,1.2750848554787808e-06,1.1275587894488126e-06
45,0.5869333333333333,1.3043644775390626,3.685346229007437,0.6086875480841554,0.5750451062110821,0.531895519232205,0.5503098392952102,0.5503098392952102,60000,0,evaluated,3.0,6.523393789927165,27.748029708862305,9.430062286597263e-11,9.951602351065958e-07,1.2281190038265777e-06
46,0.5973666666666667,1.2714717203776043,3.5660969998593512,0.6132165250403906,0.5856337496419896,0.5463348964616401,0.5610219101642772,0.5610219101642772,60000,0,evaluated,3.0,6.460631608963013,28.388832092285156,9.478934304141262e-11,1.5764837826282019e-06,5.864885110895557e-07
47,0.6051,1.2414091715494793,3.460486449572611,0.6162349324378007,0.5935454318773271,0.5567267793280145,0.5689605694190094,0.5689605694190094,60000,0,evaluated,3.0,6.404212077458699,28.988941192626953,9.530145422820269e-11,1.7150421172118513e-06,1.4217126818039105e-06
48,0.6131333333333333,1.2136594278971353,3.365778969201992,0.6214387940612347,0.6017673329900891,0.5682004585856476,0.577258735010829,0.577258735010829,60000,0,evaluated,3.0,6.353728771209717,29.54562759399414,9.583821930503333e-11,1.3282301551953424e-06,1.0275526847181027e-06
49,0.6217833333333334,1.1865139363606771,3.2756421832740923,0.6271568140076538,0.6106395439295794,0.5798723795491589,0.5862210981104679,0.5862210981104679,60000,0,evaluated,3.0,6.307702938715617,30.071842193603516,9.639958276075333e-11,1.6539080434085918e-06,1.1354123898854596e-06
50,0.6289333333333333,1.1620175252278646,3.1963755435092276,0.6309442341214675,0.6180037497538037,0.5897870080424418,0.593543575799049,0.593543575799049,60000,0,evaluated,3.0,6.266459425290425,30.559417724609375,9.698671726843244e-11,1.887737312245008e-06,6.24373512891907e-07
51,0.6345333333333333,1.1390926045735676,3.123932436720916,0.6358387415240114,0.6237729225424524,0.5973721672803078,0.5994495970869517,0.5994495970869517,60000,0,evaluated,3.0,6.228999495506287,31.018253326416016,9.759681257603958e-11,1.404833255946869e-06,1.0997950994351413e-06
52,0.6412666666666667,1.1172716044108073,3.056503465841173,0.639910859910123,0.6307394554108656,0.6062801038951038,0.6063592778605137,0.6063592778605137,60000,0,evaluated,3.0,6.195316394170125,31.447057723999023,9.822945928883442e-11,1.427709548806888e-06,9.974822887670598e-07
53,0.6464666666666666,1.097882255045573,2.997810698361525,0.644247762176162,0.6361182666258353,0.6134758419055908,0.6117766668415511,0.6117766668415511,60000,0,evaluated,3.0,6.164283633232117,31.857831954956055,9.888319330020323e-11,1.8362103446634137e-06,9.224361861015495e-07
54,0.6532166666666667,1.0781835510253905,2.9393355459401254,0.649291518342541,0.6431094765097808,0.6226699853065082,0.6186967029026895,0.6186967029026895,60000,0,evaluated,3.0,6.1367489496866865,32.241783142089844,9.955651580906277e-11,1.8866082882595947e-06,5.042228394813719e-07
55,0.6567666666666667,1.0609923583984375,2.88923672544367,0.6523490813609438,0.6467507849303443,0.6276081811133658,0.6224630175365288,0.6224630175365288,60000,0,evaluated,3.0,6.11173677444458,32.608253479003906,1.0024751861958947e-10,1.4390892602023087e-06,1.0956273399642669e-06
56,0.6618833333333334,1.0435910664876302,2.8393951850639723,0.6567701162245103,0.6520518825082104,0.633781899650541,0.6278567794390215,0.6278567794390215,60000,0,evaluated,3.0,6.089484095573425,32.953819274902344,1.0095326657966197e-10,1.1530275969562354e-06,1.0276386319674202e-06
57,0.6679166666666667,1.0272123067220051,2.793268196062645,0.6622015142111131,0.6583262381468064,0.6417770378392962,0.6341804990624413,0.6341804990624413,60000,0,evaluated,3.0,6.069605350494385,33.28193283081055,1.0167154618212493e-10,1.5082692925716401e-06,4.964383606420597e-07
58,0.67245,1.0123505065917968,2.7520621588069383,0.6668592874154343,0.662980291460056,0.6475289325294928,0.6390381048338165,0.6390381048338165,60000,0,evaluated,3.0,6.051984429359436,33.59650802612305,1.0240076842027435e-10,1.490184558861074e-06,8.141183798215934e-07
59,0.6773333333333333,0.997396464029948,2.711213888751987,0.6707591166065793,0.6680195207529424,0.6534639776638832,0.6441967305285755,0.6441967305285755,60000,0,evaluated,3.0,6.036644697189331,33.892723083496094,1.0314234188957272e-10,1.6876131212484324e-06,5.992962996970164e-07
60,0.68185,0.9835216247558594,2.6738559984850707,0.6752093583213157,0.6727277725910621,0.6591396088612019,0.6490375478455809,0.6490375478455809,60000,0,evaluated,3.0,6.0230545202891035,34.18064880371094,1.0388739174471695e-10,1.7091049357986776e-06,1.3529032685255515e-06
61,0.6846833333333333,0.9708027180989584,2.6400628352313023,0.6782525823567077,0.6756039978575659,0.6626925006302491,0.6520868639267127,0.6520868639267127,60000,0,evaluated,3.0,6.0117736260096235,34.45622634887695,1.0463618860256929e-10,1.5778898614371428e-06,1.2469139392123907e-06
62,0.6887333333333333,0.9585223103841146,2.6078400466671123,0.6823175412030789,0.679770838186154,0.6678127534759905,0.6564301473140061,0.6564301473140061,60000,0,evaluated,3.0,6.002265294392903,34.721900939941406,1.0538966921380677e-10,1.6098160813271534e-06,8.264170787697367e-07
63,0.69225,0.9460216054280599,2.5754431217525053,0.6858002419764174,0.6834340624789511,0.6719874266662399,0.6602208561606868,0.6602208561606868,60000,0,evaluated,3.0,5.993893504142761,34.983123779296875,1.0614401718678224e-10,1.314616497438692e-06,1.3042433693044586e-06
64,0.6969833333333333,0.9336322499593099,2.543731887929922,0.6905476666711212,0.6883563688926213,0.6777918252467249,0.6652993356947222,0.6652993356947222,60000,0,evaluated,3.0,5.987468043963115,35.231414794921875,1.0689631818605605e-10,1.5582405694658519e-06,1.1925490071007516e-06
65,0.6997,0.922772944132487,2.5162581681649248,0.693577062402837,0.691147184372498,0.6813068081668974,0.6682761185836505,0.6682761185836505,60000,0,evaluated,3.0,5.982231259346008,35.47785186767578,1.0764625302250863e-10,1.3443669786283863e-06,5.002510761187295e-07
66,0.7031833333333334,0.911501698811849,2.488056040181191,0.6973442098141699,0.6946517479736711,0.6849849102483071,0.6721263369167101,0.6721263369167101,60000,0,evaluated,3.0,5.978860537211101,35.71090316772461,1.083922604450116e-10,1.2431473805918358e-06,6.376130272656155e-07
67,0.7080333333333333,0.9003688598632813,2.4605105273686787,0.7017370543501061,0.6998197126375526,0.6913088600533757,0.677238786472904,0.677238786472904,60000,0,evaluated,3.0,5.976478099822998,35.938690185546875,1.091287199495028e-10,1.3099069064992364e-06,1.4752204151591286e-06
68,0.7107166666666667,0.8901233601888021,2.4354300678727574,0.7050723495224137,0.7025137043596955,0.6942402434418937,0.6802311259056665,0.6802311259056665,60000,0,evaluated,3.0,5.975424329439799,36.1612663269043,1.0986403453649984e-10,1.748059844430827e-06,8.224434964176908e-07
69,0.7141166666666666,0.8801739451090494,2.4113191071048417,0.7088039798947826,0.7060801674537316,0.6984116485516604,0.683925964651071,0.683925964651071,60000,0,evaluated,3.0,5.975466410319011,36.37928771972656,1.1058967630539485e-10,1.9754481854761252e-06,4.6538082187908003e-07
70,0.7173166666666667,0.8701622283935547,2.3872981096487225,0.7120617033830322,0.7093616460244463,0.7021193481157413,0.6873918157433231,0.6873918157433231,60000,0,evaluated,3.0,5.976845820744832,36.58824920654297,1.1130873306397504e-10,2.121625584550202e-06,1.66146219271468e-06
71,0.72035,0.8605876922607422,2.3645499131331444,0.7157793163458293,0.7125174068840362,0.7057777296793978,0.6907458307647688,0.6907458307647688,60000,0,evaluated,3.0,5.9786990483601885,36.795372009277344,1.1201979621677793e-10,2.628993343023467e-06,9.192757488563075e-07
72,0.7240833333333333,0.8506084686279297,2.3410708868321697,0.7195380528494357,0.7163454592506366,0.7099837035979036,0.6948151389058939,0.6948151389058939,60000,0,evaluated,3.0,5.981780846913655,36.99549865722656,1.1272187350197527e-10,2.3089908154361183e-06,1.1551470606718794e-06
73,0.7279,0.8413372863769532,2.319466694926645,0.7232995344604781,0.7203539131281608,0.7145058514854888,0.6989355086651117,0.6989355086651117,60000,0,evaluated,3.0,5.985707441965739,37.189842224121094,1.1341210609527863e-10,2.359085783609771e-06,1.4969439234846504e-06
74,0.7299166666666667,0.8327772837320964,2.2996967898210157,0.7254507719505953,0.7224301931172593,0.7170202130200891,0.7011190159324697,0.7011190159324697,60000,0,evaluated,3.0,5.990454276402791,37.37867736816406,1.1409460182187914e-10,2.6341203920310363e-06,9.98659970719018e-07
75,0.7333833333333334,0.822970107014974,2.2772534895972476,0.7289428876629275,0.7259741632524565,0.7207164688205178,0.7049290775652918,0.7049290775652918,60000,0,evaluated,3.0,5.995511372884114,37.5673828125,1.1476247729902411e-10,2.825495812430745e-06,1.0333315003663301e-06
76,0.7352833333333333,0.8152400482177734,2.2597180485391006,0.7313304754061641,0.7279461501364176,0.7229993919327831,0.7070188099644538,0.7070188099644538,60000,0,evaluated,3.0,6.001335064570109,37.74863052368164,1.1541643335499785e-10,2.2859244381834287e-06,5.771283326794219e-07
77,0.73785,0.8068238688151042,2.2407796622583827,0.73438370736202,0.730592545395652,0.7259276375079795,0.7098883118515499,0.7098883118515499,60000,0,evaluated,3.0,6.007921457290649,37.92164993286133,1.1605857247465323e-10,2.586589062048006e-06,1.2027879847664735e-06
78,0.74135,0.7981149454752604,2.221349614164368,0.7379163757273185,0.7343159719259047,0.7301037729078701,0.7136663552464979,0.7136663552464979,60000,0,evaluated,3.0,6.014734268188477,38.091156005859375,1.166886309800219e-10,2.308374632775667e-06,1.0658920928108273e-06
79,0.7437666666666667,0.7905860946655273,2.2046882036623527,0.7409472182177402,0.7367243683281836,0.732670462735803,0.7163939416292225,0.7163939416292225,60000,0,evaluated,3.0,6.022294203440349,38.2548828125,1.173064423376502e-10,2.5462381927354727e-06,7.934791028674226e-07
80,0.7465,0.7830332402547201,2.188099240511172,0.7436950576083742,0.7396449195003747,0.7359956535619168,0.7193340129047484,0.7193340129047484,60000,0,evaluated,3.0,6.0298073291778564,38.41765594482422,1.1790955711799e-10,1.9767148842220195e-06,7.539188686678244e-07
81,0.7491166666666667,0.7743170776367188,2.1691102873266073,0.7466224551807961,0.7423256100630885,0.7389245623603606,0.7222249437840054,0.7222249437840054,60000,0,evaluated,3.0,6.037775834401448,38.57121658325195,1.185007370008151e-10,2.049881459242897e-06,8.96392293725512e-07
82,0.7510833333333333,0.7675669687906901,2.154517862423681,0.7488416122546682,0.7443870285606854,0.7412153802197226,0.7244020132894168,0.7244020132894168,60000,0,evaluated,3.0,6.046034812927246,38.719825744628906,1.1907937136346192e-10,2.516984068279271e-06,9.332056833954994e-07
83,0.7545166666666666,0.7594764282226563,2.137156972444515,0.7522545389385782,0.7479203920392606,0.744802091122787,0.7281719694399116,0.7281719694399116,60000,0,evaluated,3.0,6.054373900095622,38.865203857421875,1.1964278179288357e-10,2.0237437183823204e-06,8.614607622803305e-07
84,0.75685,0.7519687154134115,2.1211718924462404,0.754782832281786,0.7502931578066657,0.7473507274929133,0.7307518588788109,0.7307518588788109,60000,0,evaluated,3.0,6.063015381495158,39.00275802612305,1.201953259144517e-10,2.1842593014298473e-06,8.975848686532117e-07
85,0.75975,0.7455520044962565,2.1076045211087897,0.7578738363006499,0.7534498139810625,0.7509711377739967,0.7338978450488564,0.7338978450488564,60000,0,evaluated,3.0,6.0714335441589355,39.14219665527344,1.2073346489227532e-10,2.1917733192822197e-06,8.230757089222607e-07
86,0.7624333333333333,0.7376793324788411,2.091077184484142,0.7606732719544173,0.7561417816900963,0.7536520707372777,0.7368915962344343,0.7368915962344343,60000,0,evaluated,3.0,6.080039024353027,39.27228546142578,1.212601685729453e-10,2.1239754914859077e-06,7.437897124873416e-07
87,0.7639666666666667,0.7318163925170899,2.0788531937736057,0.7627811368386503,0.7576883548678459,0.7552533115262589,0.7386427009309733,0.7386427009309733,60000,0,evaluated,3.0,6.088664611180623,39.3967170715332,1.21771800976056e-10,1.813833364394668e-06,7.294402166735381e-07
88,0.7669166666666667,0.724992138671875,2.0647148685016203,0.765767385251956,0.7608031395771528,0.7587384907008842,0.7418464286126846,0.7418464286126846,60000,0,evaluated,3.0,6.097052176793416,39.51978302001953,1.222703049919005e-10,1.7136587757704547e-06,4.68621948357395e-07
89,0.7696166666666666,0.7178711006164551,2.050064181310255,0.7682171317671675,0.7635632148699601,0.7615362956562071,0.7448021184416739,0.7448021184416739,60000,0,evaluated,3.0,6.105252345403035,39.63856506347656,1.2275205851786097e-10,1.8881839878304163e-06,9.301656405114045e-07
90,0.7718833333333334,0.7120928212483724,2.0382524962208035,0.7711721939948968,0.7659749796856228,0.7642278026817423,0.7473408164408024,0.7473408164408024,60000,0,evaluated,3.0,6.1133653322855634,39.75259780883789,1.2322240450224342e-10,2.033445298366132e-06,6.499062124021293e-07
91,0.7731166666666667,0.7059946016947428,2.0258606076245176,0.7725136514776205,0.7671854273493232,0.7653803243465789,0.7487321036279987,0.7487321036279987,60000,0,evaluated,3.0,6.121272643407186,39.863746643066406,1.2367917801014983e-10,2.4677437977516092e-06,8.649742540001171e-07
92,0.7753833333333333,0.6998471552530925,2.0134449394685294,0.7750914293910871,0.7695182047743836,0.7678301234927876,0.7512572071030476,0.7512572071030476,60000,0,evaluated,3.0,6.129008531570435,39.97003173828125,1.241249047989612e-10,2.011789320022217e-06,1.0575545275059994e-06
93,0.7788833333333334,0.6928727447509766,1.9994512036901866,0.7785130602132446,0.7732209323979607,0.7717660772871157,0.7550844712094547,0.7550844712094547,60000,0,evaluated,3.0,6.136329968770345,40.07564163208008,1.2455338149752748e-10,1.8333494153921492e-06,6.153414346954378e-07
94,0.7804,0.6875285331726074,1.9887942153813474,0.779951409730289,0.7747562429612024,0.7733229940358118,0.756746379844902,0.756746379844902,60000,0,evaluated,3.0,6.143918673197429,40.16936492919922,1.2496995105415465e-10,2.520167072361801e-06,8.389737331526703e-07
95,0.7825,0.6823406880696614,1.978503375771653,0.7826259046893378,0.7769766546110426,0.7757596762466058,0.7591058099055309,0.7591058099055309,60000,0,evaluated,3.0,6.150774081548055,40.266231536865234,1.2537616778107719e-10,2.1427831597975455e-06,8.200145202863496e-07
96,0.7847833333333334,0.6761575887044271,1.9663078347793552,0.7848275112499562,0.7793086541228345,0.7781112685193758,0.7616175325054209,0.7616175325054209,60000,0,evaluated,3.0,6.157703320185344,40.35784149169922,1.2576911734285545e-10,1.6994952147797449e-06,1.365703383271466e-06
97,0.7873666666666667,0.670129008992513,1.9544894510870041,0.7877303997877318,0.7820339569388803,0.7810452617589605,0.7644769985817123,0.7644769985817123,60000,0,evaluated,3.0,6.164157470067342,40.44499206542969,1.26149771184636e-10,2.1969206045469036e-06,7.813805495970882e-07
98,0.7881,0.6658165870666504,1.9460790156314578,0.7885153421168709,0.7827674368010433,0.7818306137601823,0.7652921965164576,0.7652921965164576,60000,0,evaluated,3.0,6.170495907465617,40.533897399902344,1.2651824032872128e-10,2.1346716039261082e-06,7.894147984188749e-07
99,0.7914,0.6595306744893392,1.9338845000532392,0.7919214237794627,0.7861877463112569,0.7852524198403013,0.7689527504475011,0.7689527504475011,60000,0,evaluated,3.0,6.176399389902751,40.61470031738281,1.2687502437547238e-10,2.0632799078157404e-06,5.450115736493899e-07
100,0.7924833333333333,0.6549218452453613,1.9249920642146643,0.79329634122498,0.7873718231250121,0.7866403958894304,0.7701496492539762,0.7701496492539762,60000,0,evaluated,3.0,6.182200352350871,40.69330978393555,1.2722362052741687e-10,1.9527126369212056e-06,8.337918870893191e-07
