Config,{"general": {"device": "cuda:0", "training_rounds": 100, "train_optimization": {"cudnn_benchmark": true, "pin_memory": true, "fused_optimizer": false, "torch_compile": false, "non_blocking_transfer": true}}, "dataset": "qmnist", "model": "simple_lora_mlp", "loss_function": "CrossEntropyLoss", "aggregation": "rbla", "client_selection": {"method": "random", "round": 1, "client_selection_round": 1, "number": 10, "random_seed": 42}, "hyperparameters": {"training_rounds": 100, "local_epochs": 5, "selected_clients": 10, "client_selection_round": 1, "client_selection_method": "random", "optimizer": "SGD", "lr": 0.01, "momentum": 0.0, "weight_decay": 0.0001, "nesterov": false, "batch_size": 64, "shuffle": true, "trainer_type": "standard", "rank_ratio_list": [0.4, 0.5, 0.3, 0.2, 0.8, 0.6, 0.7, 0.1, 0.9, 1.0]}, "effective_yaml": {"server_yaml": {"role": "server", "general": {"device": "cuda:0", "training_rounds": 100, "train_optimization": {"cudnn_benchmark": true, "pin_memory": true, "fused_optimizer": false, "torch_compile": false, "non_blocking_transfer": true}}, "training_logger": {"name": "train", "path": "./experiment_results/", "prefix": "rbla_", "save_weights": false}, "data_loader": {"name": "qmnist", "root": "../.dataset", "split": "", "batch_size": 64, "shuffle": true, "num_workers": 0, "is_download": true, "is_load_train_set": true, "is_load_test_set": true, "task_type": "cv"}, "nn_model": {"name": "simple_lora_mlp", "input_dim": 0, "hidden_dim": 0, "output_dim": 0, "softmax_dim": 1, "lora_mode": "standard", "rank_ratio": 1.0, "cap_lora_rank_to_matrix_dim": true, "share_model": false}, "loss_func": {"type": "CrossEntropyLoss", "reduction": "mean", "weight": "None"}, "optimizer": {"type": "SGD", "lr": 0.01, "weight_decay": 0.0001, "momentum": 0.0, "nesterov": false, "betas": [0.9, 0.999], "amsgrad": false, "eps": "1e-8", "alpha": "None", "centered": "None"}, "training": {"epochs": 5, "batch_size": 64, "shuffle": true, "lr": 0.01}, "trainer": {"trainer_type": "standard", "save_path": "./.training_results/"}, "data_distribution": {"use": "qmnist_dirichlet_0_1_seed_2", "custom_define": {"qmnist_dirichlet_0_1_seed_2": [[0, 0, 0, 0, 26, 72, 3, 2760, 838, 15], [590, 311, 4, 0, 0, 3387, 639, 67, 4, 28], [32, 204, 2, 21, 12, 0, 0, 3215, 2, 4], [0, 22, 183, 1034, 0, 0, 0, 0, 1624, 54], [0, 3194, 29, 0, 0, 1824, 265, 0, 3224, 17], [14, 2206, 3810, 11, 0, 4, 0, 0, 1, 1392], [1, 387, 96, 0, 87, 2, 4976, 0, 151, 2246], [0, 12, 0, 2, 0, 132, 0, 0, 7, 2191], [5286, 0, 1834, 930, 596, 0, 35, 223, 0, 2], [0, 406, 0, 4133, 5121, 0, 0, 0, 0, 0]]}}, "client_selection": {"method": "random", "round": 1, "client_selection_round": 1, "number": 10, "random_seed": 42}, "strategy": {"role": "server", "strategy_name": "rbla"}, "aggregation": {"method": "rbla", "device": "cpu", "is_wbab": false, "pad_mode": "nan"}, "canonicalization": {"enabled": false, "start_round": 0, "interval": 1, "deterministic_sign": true, "svd_fallback": true, "log_diagnostics": true, "ordering": "singular_value", "activation_chunk_size": 4096, "activation_fallback": true}, "rank_distribution": {"rank_ratio_list": [0.4, 0.5, 0.3, 0.2, 0.8, 0.6, 0.7, 0.1, 0.9, 1.0]}, "lora_inference": {"device": "cpu", "lora_mode": "standard", "scaling": 0.5, "rank_ratio": 1, "use_bias": true, "alpha": 0}}, "client_yamls": [{"index": 0, "node_id": "client.1", "yaml": {"role": "client", "training_logger": {"name": "train", "path": "./experiment_results/", "prefix": "", "save_weights": false}, "data_loader": {"name": "qmnist", "root": "../.dataset", "split": "", "batch_size": 64, "shuffle": true, "num_workers": 0, "is_download": true, "is_load_train_set": true, "is_load_test_set": true, "task_type": "cv"}, "nn_model": {"name": "simple_lora_mlp", "input_dim": 0, "hidden_dim": 0, "output_dim": 0, "softmax_dim": 1, "lora_mode": "standard", "rank_ratio": 0.4, "cap_lora_rank_to_matrix_dim": true, "share_model": false}, "loss_func": {"type": "CrossEntropyLoss", "reduction": "mean", "weight": "None"}, "optimizer": {"type": "SGD", "lr": 0.01, "weight_decay": 0.0001, "momentum": 0.0, "nesterov": false, "betas": [0.9, 0.999], "amsgrad": false, "eps": "1e-8", "alpha": "None", "centered": "None"}, "training": {"epochs": 5, "batch_size": 64, "shuffle": true, "lr": 0.01}, "trainer": {"trainer_type": "standard", "save_path": "./.training_results/"}, "strategy": {"role": "client", "strategy_name": "rbla"}}}, {"index": 1, "node_id": "client.2", "yaml": {"role": "client", "training_logger": {"name": "train", "path": "./experiment_results/", "prefix": "", "save_weights": false}, "data_loader": {"name": "qmnist", "root": "../.dataset", "split": "", "batch_size": 64, "shuffle": true, "num_workers": 0, "is_download": true, "is_load_train_set": true, "is_load_test_set": true, "task_type": "cv"}, "nn_model": {"name": "simple_lora_mlp", "input_dim": 0, "hidden_dim": 0, "output_dim": 0, "softmax_dim": 1, "lora_mode": "standard", "rank_ratio": 0.5, "cap_lora_rank_to_matrix_dim": true, "share_model": false}, "loss_func": {"type": "CrossEntropyLoss", "reduction": "mean", "weight": "None"}, "optimizer": {"type": "SGD", "lr": 0.01, "weight_decay": 0.0001, "momentum": 0.0, "nesterov": false, "betas": [0.9, 0.999], "amsgrad": false, "eps": "1e-8", "alpha": "None", "centered": "None"}, "training": {"epochs": 5, "batch_size": 64, "shuffle": true, "lr": 0.01}, "trainer": {"trainer_type": "standard", "save_path": "./.training_results/"}, "strategy": {"role": "client", "strategy_name": "rbla"}}}, {"index": 2, "node_id": "client.3", "yaml": {"role": "client", "training_logger": {"name": "train", "path": "./experiment_results/", "prefix": "", "save_weights": false}, "data_loader": {"name": "qmnist", "root": "../.dataset", "split": "", "batch_size": 64, "shuffle": true, "num_workers": 0, "is_download": true, "is_load_train_set": true, "is_load_test_set": true, "task_type": "cv"}, "nn_model": {"name": "simple_lora_mlp", "input_dim": 0, "hidden_dim": 0, "output_dim": 0, "softmax_dim": 1, "lora_mode": "standard", "rank_ratio": 0.3, "cap_lora_rank_to_matrix_dim": true, "share_model": false}, "loss_func": {"type": "CrossEntropyLoss", "reduction": "mean", "weight": "None"}, "optimizer": {"type": "SGD", "lr": 0.01, "weight_decay": 0.0001, "momentum": 0.0, "nesterov": false, "betas": [0.9, 0.999], "amsgrad": false, "eps": "1e-8", "alpha": "None", "centered": "None"}, "training": {"epochs": 5, "batch_size": 64, "shuffle": true, "lr": 0.01}, "trainer": {"trainer_type": "standard", "save_path": "./.training_results/"}, "strategy": {"role": "client", "strategy_name": "rbla"}}}, {"index": 3, "node_id": "client.4", "yaml": {"role": "client", "training_logger": {"name": "train", "path": "./experiment_results/", "prefix": "", "save_weights": false}, "data_loader": {"name": "qmnist", "root": "../.dataset", "split": "", "batch_size": 64, "shuffle": true, "num_workers": 0, "is_download": true, "is_load_train_set": true, "is_load_test_set": true, "task_type": "cv"}, "nn_model": {"name": "simple_lora_mlp", "input_dim": 0, "hidden_dim": 0, "output_dim": 0, "softmax_dim": 1, "lora_mode": "standard", "rank_ratio": 0.2, "cap_lora_rank_to_matrix_dim": true, "share_model": false}, "loss_func": {"type": "CrossEntropyLoss", "reduction": "mean", "weight": "None"}, "optimizer": {"type": "SGD", "lr": 0.01, "weight_decay": 0.0001, "momentum": 0.0, "nesterov": false, "betas": [0.9, 0.999], "amsgrad": false, "eps": "1e-8", "alpha": "None", "centered": "None"}, "training": {"epochs": 5, "batch_size": 64, "shuffle": true, "lr": 0.01}, "trainer": {"trainer_type": "standard", "save_path": "./.training_results/"}, "strategy": {"role": "client", "strategy_name": "rbla"}}}, {"index": 4, "node_id": "client.5", "yaml": {"role": "client", "training_logger": {"name": "train", "path": "./experiment_results/", "prefix": "", "save_weights": false}, "data_loader": {"name": "qmnist", "root": "../.dataset", "split": "", "batch_size": 64, "shuffle": true, "num_workers": 0, "is_download": true, "is_load_train_set": true, "is_load_test_set": true, "task_type": "cv"}, "nn_model": {"name": "simple_lora_mlp", "input_dim": 0, "hidden_dim": 0, "output_dim": 0, "softmax_dim": 1, "lora_mode": "standard", "rank_ratio": 0.8, "cap_lora_rank_to_matrix_dim": true, "share_model": false}, "loss_func": {"type": "CrossEntropyLoss", "reduction": "mean", "weight": "None"}, "optimizer": {"type": "SGD", "lr": 0.01, "weight_decay": 0.0001, "momentum": 0.0, "nesterov": false, "betas": [0.9, 0.999], "amsgrad": false, "eps": "1e-8", "alpha": "None", "centered": "None"}, "training": {"epochs": 5, "batch_size": 64, "shuffle": true, "lr": 0.01}, "trainer": {"trainer_type": "standard", "save_path": "./.training_results/"}, "strategy": {"role": "client", "strategy_name": "rbla"}}}, {"index": 5, "node_id": "client.6", "yaml": {"role": "client", "training_logger": {"name": "train", "path": "./experiment_results/", "prefix": "", "save_weights": false}, "data_loader": {"name": "qmnist", "root": "../.dataset", "split": "", "batch_size": 64, "shuffle": true, "num_workers": 0, "is_download": true, "is_load_train_set": true, "is_load_test_set": true, "task_type": "cv"}, "nn_model": {"name": "simple_lora_mlp", "input_dim": 0, "hidden_dim": 0, "output_dim": 0, "softmax_dim": 1, "lora_mode": "standard", "rank_ratio": 0.6, "cap_lora_rank_to_matrix_dim": true, "share_model": false}, "loss_func": {"type": "CrossEntropyLoss", "reduction": "mean", "weight": "None"}, "optimizer": {"type": "SGD", "lr": 0.01, "weight_decay": 0.0001, "momentum": 0.0, "nesterov": false, "betas": [0.9, 0.999], "amsgrad": false, "eps": "1e-8", "alpha": "None", "centered": "None"}, "training": {"epochs": 5, "batch_size": 64, "shuffle": true, "lr": 0.01}, "trainer": {"trainer_type": "standard", "save_path": "./.training_results/"}, "strategy": {"role": "client", "strategy_name": "rbla"}}}, {"index": 6, "node_id": "client.7", "yaml": {"role": "client", "training_logger": {"name": "train", "path": "./experiment_results/", "prefix": "", "save_weights": false}, "data_loader": {"name": "qmnist", "root": "../.dataset", "split": "", "batch_size": 64, "shuffle": true, "num_workers": 0, "is_download": true, "is_load_train_set": true, "is_load_test_set": true, "task_type": "cv"}, "nn_model": {"name": "simple_lora_mlp", "input_dim": 0, "hidden_dim": 0, "output_dim": 0, "softmax_dim": 1, "lora_mode": "standard", "rank_ratio": 0.7, "cap_lora_rank_to_matrix_dim": true, "share_model": false}, "loss_func": {"type": "CrossEntropyLoss", "reduction": "mean", "weight": "None"}, "optimizer": {"type": "SGD", "lr": 0.01, "weight_decay": 0.0001, "momentum": 0.0, "nesterov": false, "betas": [0.9, 0.999], "amsgrad": false, "eps": "1e-8", "alpha": "None", "centered": "None"}, "training": {"epochs": 5, "batch_size": 64, "shuffle": true, "lr": 0.01}, "trainer": {"trainer_type": "standard", "save_path": "./.training_results/"}, "strategy": {"role": "client", "strategy_name": "rbla"}}}, {"index": 7, "node_id": "client.8", "yaml": {"role": "client", "training_logger": {"name": "train", "path": "./experiment_results/", "prefix": "", "save_weights": false}, "data_loader": {"name": "qmnist", "root": "../.dataset", "split": "", "batch_size": 64, "shuffle": true, "num_workers": 0, "is_download": true, "is_load_train_set": true, "is_load_test_set": true, "task_type": "cv"}, "nn_model": {"name": "simple_lora_mlp", "input_dim": 0, "hidden_dim": 0, "output_dim": 0, "softmax_dim": 1, "lora_mode": "standard", "rank_ratio": 0.1, "cap_lora_rank_to_matrix_dim": true, "share_model": false}, "loss_func": {"type": "CrossEntropyLoss", "reduction": "mean", "weight": "None"}, "optimizer": {"type": "SGD", "lr": 0.01, "weight_decay": 0.0001, "momentum": 0.0, "nesterov": false, "betas": [0.9, 0.999], "amsgrad": false, "eps": "1e-8", "alpha": "None", "centered": "None"}, "training": {"epochs": 5, "batch_size": 64, "shuffle": true, "lr": 0.01}, "trainer": {"trainer_type": "standard", "save_path": "./.training_results/"}, "strategy": {"role": "client", "strategy_name": "rbla"}}}, {"index": 8, "node_id": "client.9", "yaml": {"role": "client", "training_logger": {"name": "train", "path": "./experiment_results/", "prefix": "", "save_weights": false}, "data_loader": {"name": "qmnist", "root": "../.dataset", "split": "", "batch_size": 64, "shuffle": true, "num_workers": 0, "is_download": true, "is_load_train_set": true, "is_load_test_set": true, "task_type": "cv"}, "nn_model": {"name": "simple_lora_mlp", "input_dim": 0, "hidden_dim": 0, "output_dim": 0, "softmax_dim": 1, "lora_mode": "standard", "rank_ratio": 0.9, "cap_lora_rank_to_matrix_dim": true, "share_model": false}, "loss_func": {"type": "CrossEntropyLoss", "reduction": "mean", "weight": "None"}, "optimizer": {"type": "SGD", "lr": 0.01, "weight_decay": 0.0001, "momentum": 0.0, "nesterov": false, "betas": [0.9, 0.999], "amsgrad": false, "eps": "1e-8", "alpha": "None", "centered": "None"}, "training": {"epochs": 5, "batch_size": 64, "shuffle": true, "lr": 0.01}, "trainer": {"trainer_type": "standard", "save_path": "./.training_results/"}, "strategy": {"role": "client", "strategy_name": "rbla"}}}, {"index": 9, "node_id": "client.10", "yaml": {"role": "client", "training_logger": {"name": "train", "path": "./experiment_results/", "prefix": "", "save_weights": false}, "data_loader": {"name": "qmnist", "root": "../.dataset", "split": "", "batch_size": 64, "shuffle": true, "num_workers": 0, "is_download": true, "is_load_train_set": true, "is_load_test_set": true, "task_type": "cv"}, "nn_model": {"name": "simple_lora_mlp", "input_dim": 0, "hidden_dim": 0, "output_dim": 0, "softmax_dim": 1, "lora_mode": "standard", "rank_ratio": 1.0, "cap_lora_rank_to_matrix_dim": true, "share_model": false}, "loss_func": {"type": "CrossEntropyLoss", "reduction": "mean", "weight": "None"}, "optimizer": {"type": "SGD", "lr": 0.01, "weight_decay": 0.0001, "momentum": 0.0, "nesterov": false, "betas": [0.9, 0.999], "amsgrad": false, "eps": "1e-8", "alpha": "None", "centered": "None"}, "training": {"epochs": 5, "batch_size": 64, "shuffle": true, "lr": 0.01}, "trainer": {"trainer_type": "standard", "save_path": "./.training_results/"}, "strategy": {"role": "client", "strategy_name": "rbla"}}}]}, "effective_client_rank_ratios": [0.4, 0.5, 0.3, 0.2, 0.8, 0.6, 0.7, 0.1, 0.9, 1.0], "effective_client_share_model": [false, false, false, false, false, false, false, false, false, false], "rank_distribution": {"rank_ratio_list": [0.4, 0.5, 0.3, 0.2, 0.8, 0.6, 0.7, 0.1, 0.9, 1.0]}, "rank_ratio_list": [0.4, 0.5, 0.3, 0.2, 0.8, 0.6, 0.7, 0.1, 0.9, 1.0], "rank_ratio_list_str": "[0.4, 0.5, 0.3, 0.2, 0.8, 0.6, 0.7, 0.1, 0.9, 1.0]", "epoch": 5, "batch_size": 64}

round,accuracy,average_loss,perplexity,precision,recall,f1_score,matthews_correlation,mcc,total_test_samples,invalid_label_samples,evaluation_status
0,0.13673333333333335,2.2880287760416667,9.855491140469468,0.18372262424917338,0.12838420692729313,0.09026394270616325,0.039272749405797724,0.039272749405797724,60000,0,evaluated
1,0.13458333333333333,2.28564296875,9.832005864654718,0.1917890740012962,0.12250562516039976,0.0601796112082432,0.04005990566457033,0.04005990566457033,60000,0,evaluated
2,0.13695,2.283881119791667,9.814698606228339,0.21923382555954457,0.12418422795856854,0.05637886080243236,0.046736079821448666,0.046736079821448666,60000,0,evaluated
3,0.14025,2.281569921875,9.792041088346657,0.1773805292755613,0.12738907112155137,0.05896851343270926,0.05307146588367672,0.05307146588367672,60000,0,evaluated
4,0.1463,2.2787290364583335,9.764262498197755,0.18294463702405855,0.13343847812649773,0.06443547101383638,0.06220263738217408,0.06220263738217408,60000,0,evaluated
5,0.15406666666666666,2.2754032552083334,9.731842637625897,0.19079078791161413,0.14125747099060557,0.0708841952701746,0.07284136562728764,0.07284136562728764,60000,0,evaluated
6,0.16385,2.2718989583333333,9.697799056129197,0.10219963713782768,0.15094120741447,0.07473356517366983,0.08525498403030295,0.08525498403030295,60000,0,evaluated
7,0.17253333333333334,2.268780859375,9.667607453657851,0.2116478985914035,0.15954377490894264,0.07247327998099848,0.0963218196195451,0.0963218196195451,60000,0,evaluated
8,0.1674,2.2672138020833335,9.65246962292643,0.10868565198589619,0.15391993846077617,0.05850988543297656,0.09105778305970633,0.09105778305970633,60000,0,evaluated
9,0.14321666666666666,2.26887109375,9.668479843533362,0.07756111484372591,0.12968388411432297,0.04666986598510873,0.06339153436743492,0.06339153436743492,60000,0,evaluated
10,0.11985,2.2747352864583332,9.725344241468445,0.13178520010136044,0.10657664954463779,0.030909750980050187,0.02938642242405634,0.02938642242405634,60000,0,evaluated
11,0.114,2.281815755208333,9.794448594358029,0.038424403488276186,0.10080539119000657,0.02195457759207058,0.011584478743883304,0.011584478743883304,60000,0,evaluated
12,0.11323333333333334,2.289933463541667,9.874280659651802,0.04132022003667278,0.10004930966469427,0.020436577623166884,0.003000885258688775,0.003000885258688775,60000,0,evaluated
13,0.1132,2.2939287760416667,9.913810410871537,0.11131852197536625,0.10001643655489809,0.020368247255313908,0.0030792960180656376,0.0030792960180656376,60000,0,evaluated
14,0.1132,2.294844921875,9.922897068688211,0.11131852197536625,0.10001643655489809,0.020368247255313908,0.0030792960180656376,0.0030792960180656376,60000,0,evaluated
15,0.11318333333333333,2.2941447916666666,9.915952180143059,0.011318521975366256,0.1,0.020335379547836503,3.5861799871059443e-05,3.5861799871059443e-05,60000,0,evaluated
16,0.11323333333333334,2.289298828125,9.868016079503558,0.08631908793919595,0.10004930966469427,0.020434847524659513,0.004636990855186622,0.004636990855186622,60000,0,evaluated
17,0.1133,2.2836967447916665,9.812889187983682,0.0431406667293159,0.10011505588428667,0.020571058047580554,0.004711067762545226,0.004711067762545226,60000,0,evaluated
18,0.11395,2.2708852864583333,9.687973650686502,0.04141262834607333,0.1007560815253123,0.021856832300323002,0.011776678179467988,0.011776678179467988,60000,0,evaluated
19,0.1161,2.2573646484375,9.557867606191842,0.03725890169535216,0.10287639710716634,0.025719598157104694,0.021509900784573578,0.021509900784573578,60000,0,evaluated
20,0.11963333333333333,2.240625846354167,9.399211909573525,0.037408745448640146,0.10636094674556214,0.031008269337774407,0.032194946440955885,0.032194946440955885,60000,0,evaluated
21,0.12928333333333333,2.2129587239583333,9.142727220616605,0.03939586794372165,0.11587942321464065,0.04157888008685381,0.053161869730917084,0.053161869730917084,60000,0,evaluated
22,0.14091666666666666,2.186086783854167,8.900316018943474,0.15156079324129015,0.1273600592999006,0.0506335238623679,0.07320938683975164,0.07320938683975164,60000,0,evaluated
23,0.15308333333333332,2.15588203125,8.635503604874364,0.14791936426608246,0.13943475900739433,0.05980127728595459,0.09144261945764487,0.09144261945764487,60000,0,evaluated
24,0.16365,2.126740234375,8.387480977819084,0.1372362287584647,0.15005265293023662,0.07112948133232659,0.10612456235584075,0.10612456235584075,60000,0,evaluated
25,0.17745,2.0951378255208333,8.12656094052482,0.2320803283281685,0.16396931481283233,0.08519391767189038,0.12344962533244182,0.12344962533244182,60000,0,evaluated
26,0.19763333333333333,2.05589990234375,7.813866426366424,0.34483296145274495,0.1843521761958286,0.10609564431774703,0.14581269335937921,0.14581269335937921,60000,0,evaluated
27,0.21798333333333333,2.016267838541667,7.5102431234050995,0.32241457210581587,0.20494513327691571,0.12378406600725327,0.1661164635251014,0.1661164635251014,60000,0,evaluated
28,0.23155,1.9841687825520833,7.272999428194432,0.3141383478858775,0.2187221329361532,0.1352883999700666,0.17915299526091205,0.17915299526091205,60000,0,evaluated
29,0.25395,1.9383443033854166,6.94723892307241,0.3127401038499315,0.24145380209752693,0.15468137262376974,0.20149616116515426,0.20149616116515426,60000,0,evaluated
30,0.27536666666666665,1.8967365071614584,6.664110638625079,0.34357689545704373,0.2631631686948694,0.1784968265075269,0.22349626559812838,0.22349626559812838,60000,0,evaluated
31,0.29541666666666666,1.8565204427083333,6.401423853357211,0.3457917986569643,0.28344582852480826,0.1973083317130161,0.243222858422303,0.243222858422303,60000,0,evaluated
32,0.3189166666666667,1.815518408203125,6.144260587052057,0.3689851335669195,0.3072766022903045,0.22256401538399606,0.26740610017880034,0.26740610017880034,60000,0,evaluated
33,0.32815,1.7881611083984374,5.978448633073861,0.3437278776850453,0.3166175003461033,0.23292466994546093,0.2770289817186751,0.2770289817186751,60000,0,evaluated
34,0.3463,1.7504027587890625,5.756920859614128,0.3458318845981595,0.33500081140971244,0.24920255875589675,0.2954162246367807,0.2954162246367807,60000,0,evaluated
35,0.3627666666666667,1.7167354370117187,5.566327145185744,0.3412225139519104,0.3516165662749015,0.267852911769551,0.31287401471557036,0.31287401471557036,60000,0,evaluated
36,0.37235,1.6894209513346354,5.416343470455366,0.3438236396828337,0.3613522061960862,0.2746815612078117,0.32270207450755495,0.32270207450755495,60000,0,evaluated
37,0.38743333333333335,1.6534785400390626,5.225124054405938,0.34799843748198744,0.37662465204438994,0.29066185226774194,0.3383340522469911,0.3383340522469911,60000,0,evaluated
38,0.39981666666666665,1.6269335774739584,5.088248053353497,0.3722625521709415,0.38915379480849077,0.3036434882186362,0.3513827239898373,0.3513827239898373,60000,0,evaluated
39,0.4129833333333333,1.5955131408691405,4.930858648141516,0.373688116925497,0.40248963453980957,0.3215895357389472,0.364539445705185,0.364539445705185,60000,0,evaluated
40,0.4199,1.5729058186848959,4.820635754724027,0.38948118509214397,0.4094988433785788,0.32827599059113466,0.37185846098193276,0.37185846098193276,60000,0,evaluated
41,0.43291666666666667,1.549340411376953,4.708363575114583,0.3857127383751112,0.42270301006669353,0.34515746864543523,0.38527731237607005,0.38527731237607005,60000,0,evaluated
42,0.44345,1.523939227294922,4.590271750835312,0.39906127413771014,0.43337916083696915,0.3562377600710671,0.39636540805408893,0.39636540805408893,60000,0,evaluated
43,0.45131666666666664,1.4995993377685546,4.479893786469735,0.4064384113748343,0.44138119161185463,0.3650402156311487,0.40423656686670845,0.40423656686670845,60000,0,evaluated
44,0.4532,1.4781884094238282,4.384994666087849,0.4164103560079786,0.44330493191223663,0.3647801168479444,0.4069934114853508,0.4069934114853508,60000,0,evaluated
45,0.46878333333333333,1.4537075317382813,4.278949483723301,0.423451906122169,0.45914657595024233,0.38597250265784827,0.42250319587504437,0.42250319587504437,60000,0,evaluated
46,0.4736666666666667,1.4381063791910806,4.212710982080147,0.4263934791134907,0.4641012157761983,0.3917415592123095,0.4279547069482363,0.4279547069482363,60000,0,evaluated
47,0.48133333333333334,1.4150782368977866,4.1168085397029985,0.433851658876036,0.4719460857399227,0.3979038315842788,0.43606966943777015,0.43606966943777015,60000,0,evaluated
48,0.48405,1.4001494537353516,4.055806076918897,0.4415169195585831,0.4746595749400398,0.4028037092438299,0.4392156127022069,0.4392156127022069,60000,0,evaluated
49,0.4879833333333333,1.3837181294759116,3.9897083359714745,0.4462490788778788,0.47869020848074106,0.40857238876145197,0.44333396204856884,0.44333396204856884,60000,0,evaluated
50,0.49955,1.3582576080322266,3.889410516732385,0.45580947340892325,0.49048709804477664,0.4223646810766251,0.45560631173328003,0.45560631173328003,60000,0,evaluated
51,0.5051166666666667,1.3416034657796223,3.8251721231394087,0.4655982951236406,0.496195674831381,0.42960781041397683,0.46172908449178174,0.46172908449178174,60000,0,evaluated
52,0.5091833333333333,1.3243489552815755,3.759736801240287,0.4663425293234359,0.5003419893933344,0.43425051327160674,0.4661502741628609,0.4661502741628609,60000,0,evaluated
53,0.51495,1.310971662902832,3.7097766138372648,0.5721948199526422,0.5062214561113377,0.44185796803158395,0.4723845382825406,0.4723845382825406,60000,0,evaluated
54,0.5214,1.2947000061035157,3.649900861904647,0.4770724418500419,0.5128193526132104,0.44982850606108576,0.47930117734927385,0.47930117734927385,60000,0,evaluated
55,0.5258833333333334,1.2786066665649414,3.5916318967836016,0.5808891499792134,0.5173274914152582,0.45502394259627926,0.4841753740977787,0.4841753740977787,60000,0,evaluated
56,0.5275,1.2682971018473308,3.55479395316645,0.5511728648732055,0.51901837044943,0.4568929080416259,0.4863200632217662,0.4863200632217662,60000,0,evaluated
57,0.53065,1.2568953308105468,3.514493193041188,0.5768854753010659,0.5222293507766045,0.4598523810906342,0.4897753061936558,0.4897753061936558,60000,0,evaluated
58,0.5375333333333333,1.238451383972168,3.450266187873159,0.5779958102500181,0.529226986611487,0.4681128304080627,0.49723756986321505,0.49723756986321505,60000,0,evaluated
59,0.54065,1.2264650708516438,3.409157082484219,0.5682809856439969,0.5324050782586557,0.47280851988189543,0.5005526564359307,0.5005526564359307,60000,0,evaluated
60,0.5463,1.212830694325765,3.3629907906645573,0.5757667320282974,0.5383851096550025,0.4802669789431818,0.5064366905355072,0.5064366905355072,60000,0,evaluated
61,0.5464166666666667,1.2035946057637532,3.3320729098195945,0.5764020911521236,0.5384266546979395,0.4792036565544581,0.5070483937525584,0.5070483937525584,60000,0,evaluated
62,0.5514666666666667,1.1918420941670735,3.293141900972272,0.58211440779957,0.5435626213581062,0.487250904899977,0.5125426895648476,0.5125426895648476,60000,0,evaluated
63,0.5553,1.1798632898966472,3.2539293274662207,0.5874663178999708,0.5474521022423169,0.4899364271730132,0.5168857630038092,0.5168857630038092,60000,0,evaluated
64,0.5581333333333334,1.1725466059366862,3.2302082406202803,0.5911599213514245,0.5504100053735083,0.4948401576658835,0.5197338141711308,0.5197338141711308,60000,0,evaluated
65,0.5621833333333334,1.1629413197835285,3.1993297021419207,0.601913877348109,0.5546477278751271,0.501137337727244,0.5243450381611616,0.5243450381611616,60000,0,evaluated
66,0.5622166666666667,1.1576891129811604,3.1825702115992343,0.597389896975937,0.5546921540311471,0.5008159173775779,0.524683570892688,0.524683570892688,60000,0,evaluated
67,0.5654666666666667,1.1508691149393717,3.1609389354621547,0.602839202054787,0.5579496934839627,0.5046280880507564,0.5281674183205846,0.5281674183205846,60000,0,evaluated
68,0.5674,1.1432481230417888,3.136941005609629,0.6032648122203198,0.5599050356900156,0.5065374191860518,0.5303977182137444,0.5303977182137444,60000,0,evaluated
69,0.5713333333333334,1.1337138067881267,3.1071745449066155,0.6072942649586344,0.564007008189787,0.5135157114486777,0.5345175208006503,0.5345175208006503,60000,0,evaluated
70,0.5747666666666666,1.1221591189066569,3.0714787369538987,0.6067533145534516,0.567594173800276,0.51695955179343,0.5382199060736648,0.5382199060736648,60000,0,evaluated
71,0.5794833333333334,1.1146495934804281,3.048499777809154,0.6142496772151605,0.5722917800282715,0.5231766321842988,0.54344520235663,0.54344520235663,60000,0,evaluated
72,0.5782,1.1126341286977133,3.0423618213621424,0.6136677558696702,0.5709949324265456,0.5218881549905596,0.5422160198353871,0.5422160198353871,60000,0,evaluated
73,0.5787,1.1132832772572836,3.044337407311183,0.6193457990905751,0.5715546460475066,0.5232485698440008,0.5430676000075769,0.5430676000075769,60000,0,evaluated
74,0.5834,1.1027966852823894,3.0125794902763974,0.6173920746440974,0.5763595845568057,0.5292870671970311,0.5481994469606578,0.5481994469606578,60000,0,evaluated
75,0.5840666666666666,1.0983083484649658,2.999088317946001,0.6206051419430652,0.5770296751020005,0.5304021880684187,0.5489020171635491,0.5489020171635491,60000,0,evaluated
76,0.5879,1.0900876817067464,2.9745348734236443,0.62587525218357,0.5810378158011601,0.5357419470643332,0.5528706254163854,0.5528706254163854,60000,0,evaluated
77,0.5842333333333334,1.0967901315053303,2.9945385058731135,0.624457196910036,0.5772757897203882,0.5310402501457567,0.5493397696638677,0.5493397696638677,60000,0,evaluated
78,0.5926166666666667,1.0802170508066813,2.945318765505996,0.6294361699208458,0.5857275537658829,0.5429938786971864,0.5580242486088304,0.5580242486088304,60000,0,evaluated
79,0.5948166666666667,1.076376404062907,2.934028531358495,0.6322976387544773,0.588052274661527,0.5463839372454788,0.5604430862044872,0.5604430862044872,60000,0,evaluated
80,0.59205,1.0811318380991617,2.948014338434936,0.6332004223085858,0.5851739735590102,0.5416239595879391,0.5579962388772737,0.5579962388772737,60000,0,evaluated
81,0.5941,1.0760796159108479,2.933157875659124,0.6341521053062593,0.5871603416055092,0.5455137684727592,0.5601529080861521,0.5601529080861521,60000,0,evaluated
82,0.5991166666666666,1.0675102223714192,2.908129882032445,0.6384119744418608,0.592467478409729,0.551059345632179,0.5652129646836964,0.5652129646836964,60000,0,evaluated
83,0.5997333333333333,1.0645922176996867,2.8996563144181375,0.6411820292045094,0.5929334956435837,0.5528297398180549,0.5662456521868412,0.5662456521868412,60000,0,evaluated
84,0.6038333333333333,1.0553710914611816,2.873041117130378,0.6438309723620959,0.5971464374707801,0.5572487150951171,0.5707159899779568,0.5707159899779568,60000,0,evaluated
85,0.59925,1.0653636043548584,2.901893933527469,0.6428166062273941,0.5925613645425412,0.5522930291678549,0.5659616434486382,0.5659616434486382,60000,0,evaluated
86,0.6039833333333333,1.0580192461013793,2.880659457115268,0.6443707063174972,0.5974924956105115,0.5583148164940448,0.5709007290904679,0.5709007290904679,60000,0,evaluated
87,0.6040166666666666,1.057347791735331,2.8787258749744216,0.6455395285744719,0.5974417263165891,0.5587296734838207,0.5712094986839049,0.5712094986839049,60000,0,evaluated
88,0.60325,1.05878972975413,2.8828798134003857,0.6459037553457191,0.5965173430006651,0.5577393656893113,0.5710370983039827,0.5710370983039827,60000,0,evaluated
89,0.6047666666666667,1.0581681201299031,2.881088344417752,0.6477703046132668,0.5981200321678656,0.560966928080064,0.5726469432875279,0.5726469432875279,60000,0,evaluated
90,0.6048333333333333,1.0549043463389078,2.871700452101636,0.6485177948730472,0.5982142779794034,0.5608710901640934,0.5725737935047163,0.5725737935047163,60000,0,evaluated
91,0.6073833333333334,1.0532041467030844,2.8668221362693163,0.6518153026780181,0.6008111510746768,0.5658333469844901,0.5755375260329723,0.5755375260329723,60000,0,evaluated
92,0.6123,1.0397371582667032,2.8284734757684,0.6546634216384178,0.6059298507469976,0.5702401153618367,0.5801943666841186,0.5801943666841186,60000,0,evaluated
93,0.6096166666666667,1.0487222427368164,2.854002065389665,0.6538009331624324,0.6032316354933054,0.5673193414329567,0.5778736297911495,0.5778736297911495,60000,0,evaluated
94,0.6117333333333334,1.0459866570154825,2.846205367221189,0.6562662224978181,0.6053926753075187,0.5707108461761623,0.5800289808727098,0.5800289808727098,60000,0,evaluated
95,0.61415,1.0412225538889568,2.8326779998046936,0.6584532850996546,0.6080148862613364,0.5735097029441482,0.582561143397663,0.582561143397663,60000,0,evaluated
96,0.6141666666666666,1.0393322031021117,2.827328302713999,0.6559129139103037,0.6078756733309459,0.5747691982778108,0.5827397560766977,0.5827397560766977,60000,0,evaluated
97,0.6156166666666667,1.0392796133677165,2.8271796181791853,0.6555359058227164,0.6092939329003981,0.5777877280634252,0.5841678929265245,0.5841678929265245,60000,0,evaluated
98,0.6151666666666666,1.0406496817270914,2.8310557021640226,0.6576187736862186,0.608879460826591,0.576320501023817,0.5842418456083682,0.5842418456083682,60000,0,evaluated
99,0.6152166666666666,1.0403804197947184,2.8302935092543753,0.6585414123455505,0.6089274371912831,0.5779622624343177,0.5841313599381036,0.5841313599381036,60000,0,evaluated
100,0.6183833333333333,1.03478859761556,2.81451117835388,0.6604939194950094,0.6121032457647769,0.5812813134780216,0.5876394488999357,0.5876394488999357,60000,0,evaluated
