Config,{"general": {"device": "cuda:0", "training_rounds": 100, "train_optimization": {"cudnn_benchmark": true, "pin_memory": true, "fused_optimizer": false, "torch_compile": false, "non_blocking_transfer": true}}, "dataset": "fmnist", "model": "simple_lora_mlp", "loss_function": "CrossEntropyLoss", "aggregation": "sp", "client_selection": {"method": "random", "round": 1, "client_selection_round": 1, "number": 10, "random_seed": 42}, "hyperparameters": {"training_rounds": 100, "local_epochs": 5, "selected_clients": 10, "client_selection_round": 1, "client_selection_method": "random", "optimizer": "SGD", "lr": 0.01, "momentum": 0.0, "weight_decay": 0.0001, "nesterov": false, "batch_size": 64, "shuffle": true, "trainer_type": "standard", "rank_ratio_list": [0.7228, 1.0, 0.9552, 0.3571, 0.8082, 0.5437, 0.9035, 0.7636, 0.7251, 0.25]}, "effective_yaml": {"server_yaml": {"role": "server", "general": {"device": "cuda:0", "training_rounds": 100, "train_optimization": {"cudnn_benchmark": true, "pin_memory": true, "fused_optimizer": false, "torch_compile": false, "non_blocking_transfer": true}}, "training_logger": {"name": "train", "path": "./experiment_results/", "prefix": "sp_", "save_weights": false}, "data_loader": {"name": "fmnist", "root": "../.dataset", "split": "", "batch_size": 64, "shuffle": true, "num_workers": 0, "is_download": true, "is_load_train_set": true, "is_load_test_set": true, "task_type": "cv"}, "nn_model": {"name": "simple_lora_mlp", "input_dim": 0, "hidden_dim": 0, "output_dim": 0, "softmax_dim": 1, "lora_mode": "standard", "rank_ratio": 1.0, "cap_lora_rank_to_matrix_dim": true, "share_model": false}, "loss_func": {"type": "CrossEntropyLoss", "reduction": "mean", "weight": "None"}, "optimizer": {"type": "SGD", "lr": 0.01, "weight_decay": 0.0001, "momentum": 0.0, "nesterov": false, "betas": [0.9, 0.999], "amsgrad": false, "eps": "1e-8", "alpha": "None", "centered": "None"}, "training": {"epochs": 5, "batch_size": 64, "shuffle": true, "lr": 0.01}, "trainer": {"trainer_type": "standard", "save_path": "./.training_results/"}, "data_distribution": {"use": "fmnist_dirichlet_0_4_seed_2", "custom_define": {"fmnist_dirichlet_0_4_seed_2": [[45, 158, 4302, 1025, 568, 244, 78, 97, 119, 1175], [915, 61, 2, 824, 42, 1084, 34, 12, 2270, 1512], [337, 1, 645, 1479, 143, 63, 1987, 62, 1298, 128], [13, 333, 5, 520, 386, 106, 100, 13, 464, 808], [48, 1919, 366, 258, 12, 0, 83, 817, 14, 0], [300, 1419, 0, 7, 455, 4036, 1, 199, 19, 0], [152, 37, 100, 1690, 1939, 11, 153, 556, 173, 46], [137, 41, 269, 20, 1423, 398, 1322, 3447, 17, 366], [3933, 4, 213, 171, 16, 57, 1351, 698, 1337, 353], [120, 2027, 98, 6, 1016, 1, 891, 99, 289, 1612]]}}, "client_selection": {"method": "random", "round": 1, "client_selection_round": 1, "number": 10, "random_seed": 42}, "strategy": {"role": "server", "strategy_name": "sp"}, "aggregation": {"method": "sp", "device": "cpu", "is_wbab": false}, "rank_distribution": {"rank_ratio_list": [0.7228, 1.0, 0.9552, 0.3571, 0.8082, 0.5437, 0.9035, 0.7636, 0.7251, 0.25]}, "lora_inference": {"device": "cpu", "lora_mode": "standard", "scaling": 0.5, "rank_ratio": 1, "use_bias": true, "alpha": 0}}, "client_yamls": [{"index": 0, "node_id": "client.1", "yaml": {"role": "client", "training_logger": {"name": "train", "path": "./experiment_results/", "prefix": "", "save_weights": false}, "data_loader": {"name": "fmnist", "root": "../.dataset", "split": "", "batch_size": 64, "shuffle": true, "num_workers": 0, "is_download": true, "is_load_train_set": true, "is_load_test_set": true, "task_type": "cv"}, "nn_model": {"name": "simple_lora_mlp", "input_dim": 0, "hidden_dim": 0, "output_dim": 0, "softmax_dim": 1, "lora_mode": "standard", "rank_ratio": 0.7228, "cap_lora_rank_to_matrix_dim": true, "share_model": false}, "loss_func": {"type": "CrossEntropyLoss", "reduction": "mean", "weight": "None"}, "optimizer": {"type": "SGD", "lr": 0.01, "weight_decay": 0.0001, "momentum": 0.0, "nesterov": false, "betas": [0.9, 0.999], "amsgrad": false, "eps": "1e-8", "alpha": "None", "centered": "None"}, "training": {"epochs": 5, "batch_size": 64, "shuffle": true, "lr": 0.01}, "trainer": {"trainer_type": "standard", "save_path": "./.training_results/"}, "strategy": {"role": "client", "strategy_name": "sp"}}}, {"index": 1, "node_id": "client.2", "yaml": {"role": "client", "training_logger": {"name": "train", "path": "./experiment_results/", "prefix": "", "save_weights": false}, "data_loader": {"name": "fmnist", "root": "../.dataset", "split": "", "batch_size": 64, "shuffle": true, "num_workers": 0, "is_download": true, "is_load_train_set": true, "is_load_test_set": true, "task_type": "cv"}, "nn_model": {"name": "simple_lora_mlp", "input_dim": 0, "hidden_dim": 0, "output_dim": 0, "softmax_dim": 1, "lora_mode": "standard", "rank_ratio": 1.0, "cap_lora_rank_to_matrix_dim": true, "share_model": false}, "loss_func": {"type": "CrossEntropyLoss", "reduction": "mean", "weight": "None"}, "optimizer": {"type": "SGD", "lr": 0.01, "weight_decay": 0.0001, "momentum": 0.0, "nesterov": false, "betas": [0.9, 0.999], "amsgrad": false, "eps": "1e-8", "alpha": "None", "centered": "None"}, "training": {"epochs": 5, "batch_size": 64, "shuffle": true, "lr": 0.01}, "trainer": {"trainer_type": "standard", "save_path": "./.training_results/"}, "strategy": {"role": "client", "strategy_name": "sp"}}}, {"index": 2, "node_id": "client.3", "yaml": {"role": "client", "training_logger": {"name": "train", "path": "./experiment_results/", "prefix": "", "save_weights": false}, "data_loader": {"name": "fmnist", "root": "../.dataset", "split": "", "batch_size": 64, "shuffle": true, "num_workers": 0, "is_download": true, "is_load_train_set": true, "is_load_test_set": true, "task_type": "cv"}, "nn_model": {"name": "simple_lora_mlp", "input_dim": 0, "hidden_dim": 0, "output_dim": 0, "softmax_dim": 1, "lora_mode": "standard", "rank_ratio": 0.9552, "cap_lora_rank_to_matrix_dim": true, "share_model": false}, "loss_func": {"type": "CrossEntropyLoss", "reduction": "mean", "weight": "None"}, "optimizer": {"type": "SGD", "lr": 0.01, "weight_decay": 0.0001, "momentum": 0.0, "nesterov": false, "betas": [0.9, 0.999], "amsgrad": false, "eps": "1e-8", "alpha": "None", "centered": "None"}, "training": {"epochs": 5, "batch_size": 64, "shuffle": true, "lr": 0.01}, "trainer": {"trainer_type": "standard", "save_path": "./.training_results/"}, "strategy": {"role": "client", "strategy_name": "sp"}}}, {"index": 3, "node_id": "client.4", "yaml": {"role": "client", "training_logger": {"name": "train", "path": "./experiment_results/", "prefix": "", "save_weights": false}, "data_loader": {"name": "fmnist", "root": "../.dataset", "split": "", "batch_size": 64, "shuffle": true, "num_workers": 0, "is_download": true, "is_load_train_set": true, "is_load_test_set": true, "task_type": "cv"}, "nn_model": {"name": "simple_lora_mlp", "input_dim": 0, "hidden_dim": 0, "output_dim": 0, "softmax_dim": 1, "lora_mode": "standard", "rank_ratio": 0.3571, "cap_lora_rank_to_matrix_dim": true, "share_model": false}, "loss_func": {"type": "CrossEntropyLoss", "reduction": "mean", "weight": "None"}, "optimizer": {"type": "SGD", "lr": 0.01, "weight_decay": 0.0001, "momentum": 0.0, "nesterov": false, "betas": [0.9, 0.999], "amsgrad": false, "eps": "1e-8", "alpha": "None", "centered": "None"}, "training": {"epochs": 5, "batch_size": 64, "shuffle": true, "lr": 0.01}, "trainer": {"trainer_type": "standard", "save_path": "./.training_results/"}, "strategy": {"role": "client", "strategy_name": "sp"}}}, {"index": 4, "node_id": "client.5", "yaml": {"role": "client", "training_logger": {"name": "train", "path": "./experiment_results/", "prefix": "", "save_weights": false}, "data_loader": {"name": "fmnist", "root": "../.dataset", "split": "", "batch_size": 64, "shuffle": true, "num_workers": 0, "is_download": true, "is_load_train_set": true, "is_load_test_set": true, "task_type": "cv"}, "nn_model": {"name": "simple_lora_mlp", "input_dim": 0, "hidden_dim": 0, "output_dim": 0, "softmax_dim": 1, "lora_mode": "standard", "rank_ratio": 0.8082, "cap_lora_rank_to_matrix_dim": true, "share_model": false}, "loss_func": {"type": "CrossEntropyLoss", "reduction": "mean", "weight": "None"}, "optimizer": {"type": "SGD", "lr": 0.01, "weight_decay": 0.0001, "momentum": 0.0, "nesterov": false, "betas": [0.9, 0.999], "amsgrad": false, "eps": "1e-8", "alpha": "None", "centered": "None"}, "training": {"epochs": 5, "batch_size": 64, "shuffle": true, "lr": 0.01}, "trainer": {"trainer_type": "standard", "save_path": "./.training_results/"}, "strategy": {"role": "client", "strategy_name": "sp"}}}, {"index": 5, "node_id": "client.6", "yaml": {"role": "client", "training_logger": {"name": "train", "path": "./experiment_results/", "prefix": "", "save_weights": false}, "data_loader": {"name": "fmnist", "root": "../.dataset", "split": "", "batch_size": 64, "shuffle": true, "num_workers": 0, "is_download": true, "is_load_train_set": true, "is_load_test_set": true, "task_type": "cv"}, "nn_model": {"name": "simple_lora_mlp", "input_dim": 0, "hidden_dim": 0, "output_dim": 0, "softmax_dim": 1, "lora_mode": "standard", "rank_ratio": 0.5437, "cap_lora_rank_to_matrix_dim": true, "share_model": false}, "loss_func": {"type": "CrossEntropyLoss", "reduction": "mean", "weight": "None"}, "optimizer": {"type": "SGD", "lr": 0.01, "weight_decay": 0.0001, "momentum": 0.0, "nesterov": false, "betas": [0.9, 0.999], "amsgrad": false, "eps": "1e-8", "alpha": "None", "centered": "None"}, "training": {"epochs": 5, "batch_size": 64, "shuffle": true, "lr": 0.01}, "trainer": {"trainer_type": "standard", "save_path": "./.training_results/"}, "strategy": {"role": "client", "strategy_name": "sp"}}}, {"index": 6, "node_id": "client.7", "yaml": {"role": "client", "training_logger": {"name": "train", "path": "./experiment_results/", "prefix": "", "save_weights": false}, "data_loader": {"name": "fmnist", "root": "../.dataset", "split": "", "batch_size": 64, "shuffle": true, "num_workers": 0, "is_download": true, "is_load_train_set": true, "is_load_test_set": true, "task_type": "cv"}, "nn_model": {"name": "simple_lora_mlp", "input_dim": 0, "hidden_dim": 0, "output_dim": 0, "softmax_dim": 1, "lora_mode": "standard", "rank_ratio": 0.9035, "cap_lora_rank_to_matrix_dim": true, "share_model": false}, "loss_func": {"type": "CrossEntropyLoss", "reduction": "mean", "weight": "None"}, "optimizer": {"type": "SGD", "lr": 0.01, "weight_decay": 0.0001, "momentum": 0.0, "nesterov": false, "betas": [0.9, 0.999], "amsgrad": false, "eps": "1e-8", "alpha": "None", "centered": "None"}, "training": {"epochs": 5, "batch_size": 64, "shuffle": true, "lr": 0.01}, "trainer": {"trainer_type": "standard", "save_path": "./.training_results/"}, "strategy": {"role": "client", "strategy_name": "sp"}}}, {"index": 7, "node_id": "client.8", "yaml": {"role": "client", "training_logger": {"name": "train", "path": "./experiment_results/", "prefix": "", "save_weights": false}, "data_loader": {"name": "fmnist", "root": "../.dataset", "split": "", "batch_size": 64, "shuffle": true, "num_workers": 0, "is_download": true, "is_load_train_set": true, "is_load_test_set": true, "task_type": "cv"}, "nn_model": {"name": "simple_lora_mlp", "input_dim": 0, "hidden_dim": 0, "output_dim": 0, "softmax_dim": 1, "lora_mode": "standard", "rank_ratio": 0.7636, "cap_lora_rank_to_matrix_dim": true, "share_model": false}, "loss_func": {"type": "CrossEntropyLoss", "reduction": "mean", "weight": "None"}, "optimizer": {"type": "SGD", "lr": 0.01, "weight_decay": 0.0001, "momentum": 0.0, "nesterov": false, "betas": [0.9, 0.999], "amsgrad": false, "eps": "1e-8", "alpha": "None", "centered": "None"}, "training": {"epochs": 5, "batch_size": 64, "shuffle": true, "lr": 0.01}, "trainer": {"trainer_type": "standard", "save_path": "./.training_results/"}, "strategy": {"role": "client", "strategy_name": "sp"}}}, {"index": 8, "node_id": "client.9", "yaml": {"role": "client", "training_logger": {"name": "train", "path": "./experiment_results/", "prefix": "", "save_weights": false}, "data_loader": {"name": "fmnist", "root": "../.dataset", "split": "", "batch_size": 64, "shuffle": true, "num_workers": 0, "is_download": true, "is_load_train_set": true, "is_load_test_set": true, "task_type": "cv"}, "nn_model": {"name": "simple_lora_mlp", "input_dim": 0, "hidden_dim": 0, "output_dim": 0, "softmax_dim": 1, "lora_mode": "standard", "rank_ratio": 0.7251, "cap_lora_rank_to_matrix_dim": true, "share_model": false}, "loss_func": {"type": "CrossEntropyLoss", "reduction": "mean", "weight": "None"}, "optimizer": {"type": "SGD", "lr": 0.01, "weight_decay": 0.0001, "momentum": 0.0, "nesterov": false, "betas": [0.9, 0.999], "amsgrad": false, "eps": "1e-8", "alpha": "None", "centered": "None"}, "training": {"epochs": 5, "batch_size": 64, "shuffle": true, "lr": 0.01}, "trainer": {"trainer_type": "standard", "save_path": "./.training_results/"}, "strategy": {"role": "client", "strategy_name": "sp"}}}, {"index": 9, "node_id": "client.10", "yaml": {"role": "client", "training_logger": {"name": "train", "path": "./experiment_results/", "prefix": "", "save_weights": false}, "data_loader": {"name": "fmnist", "root": "../.dataset", "split": "", "batch_size": 64, "shuffle": true, "num_workers": 0, "is_download": true, "is_load_train_set": true, "is_load_test_set": true, "task_type": "cv"}, "nn_model": {"name": "simple_lora_mlp", "input_dim": 0, "hidden_dim": 0, "output_dim": 0, "softmax_dim": 1, "lora_mode": "standard", "rank_ratio": 0.25, "cap_lora_rank_to_matrix_dim": true, "share_model": false}, "loss_func": {"type": "CrossEntropyLoss", "reduction": "mean", "weight": "None"}, "optimizer": {"type": "SGD", "lr": 0.01, "weight_decay": 0.0001, "momentum": 0.0, "nesterov": false, "betas": [0.9, 0.999], "amsgrad": false, "eps": "1e-8", "alpha": "None", "centered": "None"}, "training": {"epochs": 5, "batch_size": 64, "shuffle": true, "lr": 0.01}, "trainer": {"trainer_type": "standard", "save_path": "./.training_results/"}, "strategy": {"role": "client", "strategy_name": "sp"}}}]}, "effective_client_rank_ratios": [0.7228, 1.0, 0.9552, 0.3571, 0.8082, 0.5437, 0.9035, 0.7636, 0.7251, 0.25], "effective_client_share_model": [false, false, false, false, false, false, false, false, false, false], "rank_distribution": {"rank_ratio_list": [0.7228, 1.0, 0.9552, 0.3571, 0.8082, 0.5437, 0.9035, 0.7636, 0.7251, 0.25]}, "rank_ratio_list": [0.7228, 1.0, 0.9552, 0.3571, 0.8082, 0.5437, 0.9035, 0.7636, 0.7251, 0.25], "rank_ratio_list_str": "[0.7228, 1.0, 0.9552, 0.3571, 0.8082, 0.5437, 0.9035, 0.7636, 0.7251, 0.25]", "epoch": 5, "batch_size": 64}

round,accuracy,average_loss,perplexity,precision,recall,f1_score,matthews_correlation,mcc,total_test_samples,invalid_label_samples,evaluation_status
0,0.0968,2.302171875,9.995868673687514,0.0890955449836421,0.09680000000000001,0.029161854266485977,-0.010666140838884645,-0.010666140838884645,10000,0,evaluated
1,0.0948,2.3035546875,10.009700647146657,0.01957440927827106,0.09480000000000001,0.023613403110370107,-0.01823990750407055,-0.01823990750407055,10000,0,evaluated
2,0.0943,2.3022515625,9.996665251210663,0.019928418969484288,0.0943,0.025382405397433416,-0.016980864499549768,-0.016980864499549768,10000,0,evaluated
3,0.0937,2.3027859375,10.002008646765624,0.02154677846425419,0.09369999999999999,0.028382484331682195,-0.016121536248770954,-0.016121536248770954,10000,0,evaluated
4,0.0969,2.30270625,10.001211643457607,0.023674381583718117,0.0969,0.030054440909814913,-0.008215537675981498,-0.008215537675981498,10000,0,evaluated
5,0.0984,2.3029859375,10.004009248548487,0.025180754496083656,0.0984,0.031676931912800924,-0.004186099308331836,-0.004186099308331836,10000,0,evaluated
6,0.0999,2.30259375,10.000086570434265,0.025939294188173163,0.0999,0.03337972873454881,-0.0002477925902274269,-0.0002477925902274269,10000,0,evaluated
7,0.102,2.302078125,9.99493160492514,0.027416859312310617,0.10200000000000001,0.03573372204723249,0.004738032040155484,0.004738032040155484,10000,0,evaluated
8,0.1038,2.3019453125,9.99360424121856,0.028596878907789024,0.1038,0.037325175958210735,0.00886150390765223,0.00886150390765223,10000,0,evaluated
9,0.104,2.301696875,9.991121763547925,0.03077509078135448,0.10400000000000001,0.03627937768950679,0.010842599855095574,0.010842599855095574,10000,0,evaluated
10,0.1059,2.3015125,9.98927982028213,0.032039390317873076,0.1059,0.038117829321530294,0.01555503768851744,0.01555503768851744,10000,0,evaluated
11,0.1072,2.3013671875,9.987828358518568,0.03076313239141048,0.1072,0.039810499101220954,0.016727460163430897,0.016727460163430897,10000,0,evaluated
12,0.1076,2.3011203125,9.98536291773293,0.03259776972796363,0.1076,0.0398436819344045,0.019096396641051543,0.019096396641051543,10000,0,evaluated
13,0.1088,2.3010140625,9.984302029283619,0.03328052271537009,0.10880000000000001,0.04097549876679387,0.02172922490147167,0.02172922490147167,10000,0,evaluated
14,0.1088,2.3008296875,9.982461343290419,0.03481442526762988,0.10880000000000001,0.040389298737438475,0.02355716279781636,0.02355716279781636,10000,0,evaluated
15,0.1101,2.3006296875,9.98046505065768,0.03294165797111444,0.1101,0.042094664518826694,0.023561815411308567,0.023561815411308567,10000,0,evaluated
16,0.1113,2.3005359375,9.979529425917276,0.031609496605927934,0.1113,0.042482951967104,0.024517549635222555,0.024517549635222555,10000,0,evaluated
17,0.1096,2.3004484375,9.97865625529428,0.035145968746531156,0.1096,0.041298101832226465,0.02512932300574606,0.02512932300574606,10000,0,evaluated
18,0.1093,2.300328125,9.977455770431682,0.03513096795469926,0.1093,0.040585924775974155,0.02501667249076216,0.02501667249076216,10000,0,evaluated
19,0.1109,2.3001875,9.976052789363381,0.03298779342723005,0.1109,0.04196098287416232,0.025711641455704887,0.025711641455704887,10000,0,evaluated
20,0.1121,2.3000578125,9.974759103906491,0.031977148806201575,0.1121,0.04261896939139751,0.02663562333755769,0.02663562333755769,10000,0,evaluated
21,0.1108,2.29996875,9.973870766483165,0.03278522301321818,0.11080000000000001,0.04159895792430357,0.02565603541070002,0.02565603541070002,10000,0,evaluated
22,0.1108,2.2998625,9.972811099010057,0.03214064615483271,0.11080000000000001,0.041513191188344435,0.025053897999432372,0.025053897999432372,10000,0,evaluated
23,0.1111,2.2997171875,9.97136203018369,0.03412506886212752,0.1111,0.04136858086740491,0.02811070388355738,0.02811070388355738,10000,0,evaluated
24,0.1098,2.2995921875,9.970115687827935,0.03486093860039713,0.10980000000000001,0.040219890710076193,0.02657905523516981,0.02657905523516981,10000,0,evaluated
25,0.1093,2.2995203125,9.969399111515141,0.034820652173913044,0.1093,0.0398235294117647,0.025550993344086746,0.025550993344086746,10000,0,evaluated
26,0.1108,2.2993984375,9.96818416503573,0.03430453448883876,0.11080000000000001,0.04105219840190755,0.02786524779370839,0.02786524779370839,10000,0,evaluated
27,0.1091,2.2991984375,9.966190727553116,0.0346805782596224,0.1091,0.03948403443609456,0.025218696880151985,0.025218696880151985,10000,0,evaluated
28,0.11,2.299003125,9.96424439600427,0.034361621910877604,0.11000000000000001,0.04035605041817548,0.026529485694925078,0.026529485694925078,10000,0,evaluated
29,0.1067,2.2988578125,9.96279657193649,0.034556566389462515,0.10669999999999999,0.0357182551556937,0.021539979019312507,0.021539979019312507,10000,0,evaluated
30,0.1071,2.2987109375,9.961333393644773,0.03462169387819945,0.1071,0.036078575095674616,0.022549348617979637,0.022549348617979637,10000,0,evaluated
31,0.1089,2.298415625,9.958392121695525,0.035223080737790145,0.1089,0.03815211783596408,0.026532338589925767,0.026532338589925767,10000,0,evaluated
32,0.1091,2.29824375,9.956680670131691,0.034830294234979166,0.1091,0.03882814001792003,0.026057335827942715,0.026057335827942715,10000,0,evaluated
33,0.1096,2.297959375,9.953849641622066,0.035203683023931086,0.1096,0.03891135916521442,0.027788911453248907,0.027788911453248907,10000,0,evaluated
34,0.11,2.297559375,9.949868897967225,0.03376307943218924,0.11000000000000001,0.04030669783128495,0.026018814954894817,0.026018814954894817,10000,0,evaluated
35,0.1111,2.2973953125,9.94823663150167,0.03334070579064709,0.1111,0.041228474146026074,0.027444508548009918,0.027444508548009918,10000,0,evaluated
36,0.111,2.297140625,9.945703262606974,0.034578073102707794,0.11100000000000002,0.041059298422685034,0.0286780652594802,0.0286780652594802,10000,0,evaluated
37,0.1101,2.29688125,9.943123930344852,0.03513032510998656,0.1101,0.0400064946016908,0.027925003001938155,0.027925003001938155,10000,0,evaluated
38,0.109,2.296546875,9.939799754072336,0.03634516337598248,0.10900000000000001,0.03783091259726774,0.028137154633701925,0.028137154633701925,10000,0,evaluated
39,0.109,2.295803125,9.93240977649381,0.03590023030494045,0.10900000000000001,0.03878691358748882,0.026683135441133,0.026683135441133,10000,0,evaluated
40,0.1083,2.294996875,9.924404998471267,0.03606085443102018,0.1083,0.03724026046288385,0.02629736398503875,0.02629736398503875,10000,0,evaluated
41,0.1102,2.29419375,9.916437660519268,0.035032608695652175,0.1102,0.04009150326797386,0.02802367011932095,0.02802367011932095,10000,0,evaluated
42,0.1105,2.2934234375,9.90880184599317,0.035943465998563295,0.1105,0.04034730573727046,0.029444479330497875,0.029444479330497875,10000,0,evaluated
43,0.1118,2.2920890625,9.895588606198926,0.03435425959119675,0.11179999999999998,0.04174139928981692,0.02975887523402875,0.02975887523402875,10000,0,evaluated
44,0.1118,2.2907546875,9.882392986063302,0.033617697801316,0.11179999999999998,0.04215183296569276,0.028429634171024707,0.028429634171024707,10000,0,evaluated
45,0.1111,2.2889484375,9.864559024877087,0.12537618431809736,0.1111,0.042462838675513245,0.03413214129695098,0.03413214129695098,10000,0,evaluated
46,0.1661,2.2872546875,9.847865069712931,0.2137971794025338,0.1661,0.1039399709174045,0.14437302089229917,0.14437302089229917,10000,0,evaluated
47,0.1993,2.2853546875,9.82917189022452,0.1717731377026118,0.19929999999999998,0.10586713238310215,0.17039259994157935,0.17039259994157935,10000,0,evaluated
48,0.2038,2.2828734375,9.804813489609746,0.16351639503512772,0.20379999999999998,0.09971574653212985,0.16717422638331017,0.16717422638331017,10000,0,evaluated
49,0.202,2.279609375,9.772862139548343,0.16671096974842253,0.202,0.09585066983501375,0.15434685754405494,0.15434685754405494,10000,0,evaluated
50,0.1924,2.2759609375,9.73727142755949,0.17726650489749166,0.1924,0.08131836919527036,0.1397365418321601,0.1397365418321601,10000,0,evaluated
51,0.1849,2.2721296875,9.700036879379539,0.1700890659195191,0.1849,0.07508795953190363,0.12648443436257628,0.12648443436257628,10000,0,evaluated
52,0.1821,2.2679453125,9.659533088186391,0.15822381495658472,0.18209999999999998,0.07409642257787011,0.1214078757688945,0.1214078757688945,10000,0,evaluated
53,0.1809,2.2636234375,9.61787587709201,0.16478478478625894,0.1809,0.07561090369634413,0.11898276760949524,0.11898276760949524,10000,0,evaluated
54,0.1812,2.2587734375,9.571342114677797,0.1878781235235989,0.18119999999999997,0.07699190650081014,0.11852430978579766,0.11852430978579766,10000,0,evaluated
55,0.1861,2.2543234375,9.528844270101938,0.0735500832084061,0.1861,0.08204769600001954,0.123374437060003,0.123374437060003,10000,0,evaluated
56,0.188,2.2494515625,9.482533832853061,0.06041698531664104,0.188,0.08301014454334149,0.12188934116695424,0.12188934116695424,10000,0,evaluated
57,0.1872,2.24475234375,9.438077868028724,0.055383516855367354,0.18719999999999998,0.08222033029115591,0.11733618762883513,0.11733618762883513,10000,0,evaluated
58,0.1896,2.240190625,9.395122061897217,0.055183939762068236,0.1896,0.08402454874003726,0.1183588759928522,0.1183588759928522,10000,0,evaluated
59,0.1932,2.23488125,9.345372023374075,0.05691483947850105,0.19319999999999998,0.08695553049443991,0.12237619633574547,0.12237619633574547,10000,0,evaluated
60,0.1956,2.2297765625,9.297788372783891,0.05793131200844866,0.1956,0.08893363702199175,0.12450217859538171,0.12450217859538171,10000,0,evaluated
61,0.2029,2.22460625,9.249839962284364,0.061847714977919875,0.2029,0.09431667356002746,0.13413935848613992,0.13413935848613992,10000,0,evaluated
62,0.2042,2.21916796875,9.199673264996129,0.06258117726957585,0.20420000000000002,0.09550799410874654,0.13528183707853073,0.13528183707853073,10000,0,evaluated
63,0.2087,2.21324765625,9.14536923140728,0.0652557997960514,0.20869999999999997,0.09891550743232626,0.1417131325261147,0.1417131325261147,10000,0,evaluated
64,0.2126,2.20671640625,9.085833172693166,0.07042095939821677,0.21260000000000004,0.10300305665277834,0.14539015459405594,0.14539015459405594,10000,0,evaluated
65,0.2149,2.2000703125,9.025648093005467,0.07529161641215433,0.2149,0.10958825574068135,0.144831686520587,0.144831686520587,10000,0,evaluated
66,0.2156,2.1927,8.959370788292,0.07645249303875157,0.21559999999999996,0.11152310429047327,0.14481856042110816,0.14481856042110816,10000,0,evaluated
67,0.219,2.184709375,8.888065084064117,0.08298723741600875,0.219,0.11987356236905396,0.14596617082901886,0.14596617082901886,10000,0,evaluated
68,0.2204,2.1760609375,8.811528646036681,0.08753640747552512,0.2204,0.1252203223531722,0.14663141512892863,0.14663141512892863,10000,0,evaluated
69,0.2265,2.16697421875,8.731823441289036,0.09311521173211,0.2265,0.13178616685136896,0.15433442437076872,0.15433442437076872,10000,0,evaluated
70,0.234,2.15623203125,8.638526560122381,0.0990325093082282,0.23399999999999999,0.13673983834539682,0.16675153364600073,0.16675153364600073,10000,0,evaluated
71,0.2451,2.1450640625,8.542588479339516,0.10667927179411148,0.24509999999999996,0.13802718092217603,0.18797249871836458,0.18797249871836458,10000,0,evaluated
72,0.2488,2.13268671875,8.437505590278883,0.10463623193760743,0.2488,0.12948182508439973,0.20057468394766986,0.20057468394766986,10000,0,evaluated
73,0.245,2.11921953125,8.324637831945624,0.09867809038658956,0.24500000000000002,0.1238999196202607,0.19791088454806088,0.19791088454806088,10000,0,evaluated
74,0.2467,2.10527421875,8.209353859722771,0.09356480712829601,0.2467,0.1242266276052423,0.20102248427137448,0.20102248427137448,10000,0,evaluated
75,0.246,2.09037734375,8.087966532182685,0.0940511595590717,0.246,0.12395204041051891,0.20121253565266098,0.20121253565266098,10000,0,evaluated
76,0.2457,2.07466953125,7.96191486017668,0.09562802764888854,0.24570000000000003,0.12401078627316937,0.20031106488716238,0.20031106488716238,10000,0,evaluated
77,0.2447,2.05824140625,7.8321840621654815,0.09893421151779054,0.2447,0.12355569001460029,0.19900730375486345,0.19900730375486345,10000,0,evaluated
78,0.243,2.04176484375,7.704193906374396,0.09435156275016841,0.24300000000000002,0.1219135089648355,0.19690114787123336,0.19690114787123336,10000,0,evaluated
79,0.2457,2.02420703125,7.570105706708897,0.09771906499496053,0.24569999999999997,0.12435218849961918,0.20035008555809894,0.20035008555809894,10000,0,evaluated
80,0.2422,2.00778984375,7.446840464787912,0.09686628013027715,0.24219999999999997,0.12175612930771891,0.1953618286611462,0.1953618286611462,10000,0,evaluated
81,0.2487,1.9912625,7.3247754562762655,0.09904204124262758,0.2487,0.12732267753555918,0.20375481326464517,0.20375481326464517,10000,0,evaluated
82,0.2494,1.9743125,7.201666805545143,0.10232364185680023,0.2494,0.1300535727233789,0.20254299677441495,0.20254299677441495,10000,0,evaluated
83,0.251,1.9578234375,7.0838917401598,0.10372440777953074,0.251,0.13476906593174204,0.2012230000104905,0.2012230000104905,10000,0,evaluated
84,0.2561,1.942621875,6.977019884777652,0.10656581242052318,0.2561,0.1395976635726002,0.2073221148954902,0.2073221148954902,10000,0,evaluated
85,0.2573,1.92759765625,6.872979134363358,0.206353918271566,0.2573,0.14236250002727252,0.2058837845399616,0.2058837845399616,10000,0,evaluated
86,0.2621,1.9135703125,6.777242528406583,0.20962786446958379,0.26209999999999994,0.1476551828618656,0.21091855460295672,0.21091855460295672,10000,0,evaluated
87,0.263,1.899046875,6.679524985065618,0.20906372521719208,0.263,0.14953487504725338,0.20873147324626323,0.20873147324626323,10000,0,evaluated
88,0.2652,1.88571015625,6.591033444001389,0.20982804623780144,0.2652,0.15162146779739102,0.21152496479085928,0.21152496479085928,10000,0,evaluated
89,0.2709,1.87220078125,6.502591444710908,0.19994054580880377,0.2709,0.15821182975845494,0.2170260684609208,0.2170260684609208,10000,0,evaluated
90,0.2731,1.85946796875,6.420320051706386,0.21092508936659105,0.2731,0.16165547304645608,0.21927104038186848,0.21927104038186848,10000,0,evaluated
91,0.2765,1.84639140625,6.336910876479648,0.19991923180012666,0.2765,0.16809054699998502,0.22204101812959876,0.22204101812959876,10000,0,evaluated
92,0.2847,1.835530078125,6.268456036349471,0.19693022658576192,0.2847,0.17998953552394883,0.23214492343304932,0.23214492343304932,10000,0,evaluated
93,0.2903,1.823533203125,6.193703448128563,0.18938233805463106,0.29029999999999995,0.18790771725407324,0.2380032569533104,0.2380032569533104,10000,0,evaluated
94,0.2933,1.812239453125,6.124146826678343,0.17953176464250026,0.2933,0.19419035378042188,0.24007023558848328,0.24007023558848328,10000,0,evaluated
95,0.2972,1.8012234375,6.057053359383741,0.17731205386214693,0.2972,0.19910404775231388,0.24431245717615693,0.24431245717615693,10000,0,evaluated
96,0.3022,1.79083671875,5.994466050751493,0.17744800634849411,0.30219999999999997,0.20492364895144047,0.24867323765200258,0.24867323765200258,10000,0,evaluated
97,0.3063,1.779301953125,5.925718545231756,0.17858344891696737,0.3063,0.2094034415277662,0.25329139493944075,0.25329139493944075,10000,0,evaluated
98,0.3103,1.7691390625,5.865801098720047,0.18060745912746068,0.31029999999999996,0.21437875523542305,0.25736241064601456,0.25736241064601456,10000,0,evaluated
99,0.3127,1.758375390625,5.803002120512503,0.18242462597177192,0.3127,0.2175933596285769,0.2599030917786978,0.2599030917786978,10000,0,evaluated
100,0.3162,1.747871484375,5.742366940890454,0.18383033909453583,0.3162,0.22134949389424027,0.26258789808571675,0.26258789808571675,10000,0,evaluated
