Config,{"general": {"device": "cuda:0", "training_rounds": 100, "train_optimization": {"cudnn_benchmark": true, "pin_memory": true, "fused_optimizer": false, "torch_compile": false, "non_blocking_transfer": true}}, "dataset": "kmnist", "model": "simple_lora_mlp", "loss_function": "CrossEntropyLoss", "aggregation": "sp", "client_selection": {"method": "random", "round": 1, "client_selection_round": 1, "number": 10, "random_seed": 42}, "hyperparameters": {"training_rounds": 100, "local_epochs": 5, "selected_clients": 10, "client_selection_round": 1, "client_selection_method": "random", "optimizer": "SGD", "lr": 0.01, "momentum": 0.0, "weight_decay": 0.0001, "nesterov": false, "batch_size": 64, "shuffle": true, "trainer_type": "standard", "rank_ratio_list": [0.9, 0.1, 0.4, 0.7, 0.8, 1.0, 0.3, 0.6, 0.5, 0.2]}, "effective_yaml": {"server_yaml": {"role": "server", "general": {"device": "cuda:0", "training_rounds": 100, "train_optimization": {"cudnn_benchmark": true, "pin_memory": true, "fused_optimizer": false, "torch_compile": false, "non_blocking_transfer": true}}, "training_logger": {"name": "train", "path": "./experiment_results/", "prefix": "sp_", "save_weights": false}, "data_loader": {"name": "kmnist", "root": "../.dataset", "split": "", "batch_size": 64, "shuffle": true, "num_workers": 0, "is_download": true, "is_load_train_set": true, "is_load_test_set": true, "task_type": "cv"}, "nn_model": {"name": "simple_lora_mlp", "input_dim": 0, "hidden_dim": 0, "output_dim": 0, "softmax_dim": 1, "lora_mode": "standard", "rank_ratio": 1.0, "cap_lora_rank_to_matrix_dim": true, "share_model": false}, "loss_func": {"type": "CrossEntropyLoss", "reduction": "mean", "weight": "None"}, "optimizer": {"type": "SGD", "lr": 0.01, "weight_decay": 0.0001, "momentum": 0.0, "nesterov": false, "betas": [0.9, 0.999], "amsgrad": false, "eps": "1e-8", "alpha": "None", "centered": "None"}, "training": {"epochs": 5, "batch_size": 64, "shuffle": true, "lr": 0.01}, "trainer": {"trainer_type": "standard", "save_path": "./.training_results/"}, "data_distribution": {"use": "kmnist_dirichlet_0_8_seed_1", "custom_define": {"kmnist_dirichlet_0_8_seed_1": [[436, 305, 1075, 117, 371, 430, 396, 414, 215, 91], [2587, 549, 1027, 1866, 371, 358, 193, 1743, 359, 1159], [294, 467, 196, 692, 566, 674, 1370, 343, 1188, 308], [305, 1077, 661, 341, 253, 46, 48, 781, 1174, 386], [15, 341, 127, 475, 468, 67, 975, 371, 1879, 98], [493, 56, 43, 23, 283, 332, 69, 921, 81, 148], [1082, 627, 216, 247, 787, 2060, 238, 34, 296, 1461], [346, 82, 535, 120, 981, 910, 2263, 149, 259, 276], [296, 1153, 1183, 246, 1446, 1118, 53, 356, 113, 21], [146, 1343, 937, 1873, 474, 5, 395, 888, 436, 2052]]}}, "client_selection": {"method": "random", "round": 1, "client_selection_round": 1, "number": 10, "random_seed": 42}, "strategy": {"role": "server", "strategy_name": "sp"}, "aggregation": {"method": "sp", "device": "cpu", "is_wbab": false}, "rank_distribution": {"rank_ratio_list": [0.9, 0.1, 0.4, 0.7, 0.8, 1.0, 0.3, 0.6, 0.5, 0.2]}, "lora_inference": {"device": "cpu", "lora_mode": "standard", "scaling": 0.5, "rank_ratio": 1, "use_bias": true, "alpha": 0}}, "client_yamls": [{"index": 0, "node_id": "client.1", "yaml": {"role": "client", "training_logger": {"name": "train", "path": "./experiment_results/", "prefix": "", "save_weights": false}, "data_loader": {"name": "kmnist", "root": "../.dataset", "split": "", "batch_size": 64, "shuffle": true, "num_workers": 0, "is_download": true, "is_load_train_set": true, "is_load_test_set": true, "task_type": "cv"}, "nn_model": {"name": "simple_lora_mlp", "input_dim": 0, "hidden_dim": 0, "output_dim": 0, "softmax_dim": 1, "lora_mode": "standard", "rank_ratio": 0.9, "cap_lora_rank_to_matrix_dim": true, "share_model": false}, "loss_func": {"type": "CrossEntropyLoss", "reduction": "mean", "weight": "None"}, "optimizer": {"type": "SGD", "lr": 0.01, "weight_decay": 0.0001, "momentum": 0.0, "nesterov": false, "betas": [0.9, 0.999], "amsgrad": false, "eps": "1e-8", "alpha": "None", "centered": "None"}, "training": {"epochs": 5, "batch_size": 64, "shuffle": true, "lr": 0.01}, "trainer": {"trainer_type": "standard", "save_path": "./.training_results/"}, "strategy": {"role": "client", "strategy_name": "sp"}}}, {"index": 1, "node_id": "client.2", "yaml": {"role": "client", "training_logger": {"name": "train", "path": "./experiment_results/", "prefix": "", "save_weights": false}, "data_loader": {"name": "kmnist", "root": "../.dataset", "split": "", "batch_size": 64, "shuffle": true, "num_workers": 0, "is_download": true, "is_load_train_set": true, "is_load_test_set": true, "task_type": "cv"}, "nn_model": {"name": "simple_lora_mlp", "input_dim": 0, "hidden_dim": 0, "output_dim": 0, "softmax_dim": 1, "lora_mode": "standard", "rank_ratio": 0.1, "cap_lora_rank_to_matrix_dim": true, "share_model": false}, "loss_func": {"type": "CrossEntropyLoss", "reduction": "mean", "weight": "None"}, "optimizer": {"type": "SGD", "lr": 0.01, "weight_decay": 0.0001, "momentum": 0.0, "nesterov": false, "betas": [0.9, 0.999], "amsgrad": false, "eps": "1e-8", "alpha": "None", "centered": "None"}, "training": {"epochs": 5, "batch_size": 64, "shuffle": true, "lr": 0.01}, "trainer": {"trainer_type": "standard", "save_path": "./.training_results/"}, "strategy": {"role": "client", "strategy_name": "sp"}}}, {"index": 2, "node_id": "client.3", "yaml": {"role": "client", "training_logger": {"name": "train", "path": "./experiment_results/", "prefix": "", "save_weights": false}, "data_loader": {"name": "kmnist", "root": "../.dataset", "split": "", "batch_size": 64, "shuffle": true, "num_workers": 0, "is_download": true, "is_load_train_set": true, "is_load_test_set": true, "task_type": "cv"}, "nn_model": {"name": "simple_lora_mlp", "input_dim": 0, "hidden_dim": 0, "output_dim": 0, "softmax_dim": 1, "lora_mode": "standard", "rank_ratio": 0.4, "cap_lora_rank_to_matrix_dim": true, "share_model": false}, "loss_func": {"type": "CrossEntropyLoss", "reduction": "mean", "weight": "None"}, "optimizer": {"type": "SGD", "lr": 0.01, "weight_decay": 0.0001, "momentum": 0.0, "nesterov": false, "betas": [0.9, 0.999], "amsgrad": false, "eps": "1e-8", "alpha": "None", "centered": "None"}, "training": {"epochs": 5, "batch_size": 64, "shuffle": true, "lr": 0.01}, "trainer": {"trainer_type": "standard", "save_path": "./.training_results/"}, "strategy": {"role": "client", "strategy_name": "sp"}}}, {"index": 3, "node_id": "client.4", "yaml": {"role": "client", "training_logger": {"name": "train", "path": "./experiment_results/", "prefix": "", "save_weights": false}, "data_loader": {"name": "kmnist", "root": "../.dataset", "split": "", "batch_size": 64, "shuffle": true, "num_workers": 0, "is_download": true, "is_load_train_set": true, "is_load_test_set": true, "task_type": "cv"}, "nn_model": {"name": "simple_lora_mlp", "input_dim": 0, "hidden_dim": 0, "output_dim": 0, "softmax_dim": 1, "lora_mode": "standard", "rank_ratio": 0.7, "cap_lora_rank_to_matrix_dim": true, "share_model": false}, "loss_func": {"type": "CrossEntropyLoss", "reduction": "mean", "weight": "None"}, "optimizer": {"type": "SGD", "lr": 0.01, "weight_decay": 0.0001, "momentum": 0.0, "nesterov": false, "betas": [0.9, 0.999], "amsgrad": false, "eps": "1e-8", "alpha": "None", "centered": "None"}, "training": {"epochs": 5, "batch_size": 64, "shuffle": true, "lr": 0.01}, "trainer": {"trainer_type": "standard", "save_path": "./.training_results/"}, "strategy": {"role": "client", "strategy_name": "sp"}}}, {"index": 4, "node_id": "client.5", "yaml": {"role": "client", "training_logger": {"name": "train", "path": "./experiment_results/", "prefix": "", "save_weights": false}, "data_loader": {"name": "kmnist", "root": "../.dataset", "split": "", "batch_size": 64, "shuffle": true, "num_workers": 0, "is_download": true, "is_load_train_set": true, "is_load_test_set": true, "task_type": "cv"}, "nn_model": {"name": "simple_lora_mlp", "input_dim": 0, "hidden_dim": 0, "output_dim": 0, "softmax_dim": 1, "lora_mode": "standard", "rank_ratio": 0.8, "cap_lora_rank_to_matrix_dim": true, "share_model": false}, "loss_func": {"type": "CrossEntropyLoss", "reduction": "mean", "weight": "None"}, "optimizer": {"type": "SGD", "lr": 0.01, "weight_decay": 0.0001, "momentum": 0.0, "nesterov": false, "betas": [0.9, 0.999], "amsgrad": false, "eps": "1e-8", "alpha": "None", "centered": "None"}, "training": {"epochs": 5, "batch_size": 64, "shuffle": true, "lr": 0.01}, "trainer": {"trainer_type": "standard", "save_path": "./.training_results/"}, "strategy": {"role": "client", "strategy_name": "sp"}}}, {"index": 5, "node_id": "client.6", "yaml": {"role": "client", "training_logger": {"name": "train", "path": "./experiment_results/", "prefix": "", "save_weights": false}, "data_loader": {"name": "kmnist", "root": "../.dataset", "split": "", "batch_size": 64, "shuffle": true, "num_workers": 0, "is_download": true, "is_load_train_set": true, "is_load_test_set": true, "task_type": "cv"}, "nn_model": {"name": "simple_lora_mlp", "input_dim": 0, "hidden_dim": 0, "output_dim": 0, "softmax_dim": 1, "lora_mode": "standard", "rank_ratio": 1.0, "cap_lora_rank_to_matrix_dim": true, "share_model": false}, "loss_func": {"type": "CrossEntropyLoss", "reduction": "mean", "weight": "None"}, "optimizer": {"type": "SGD", "lr": 0.01, "weight_decay": 0.0001, "momentum": 0.0, "nesterov": false, "betas": [0.9, 0.999], "amsgrad": false, "eps": "1e-8", "alpha": "None", "centered": "None"}, "training": {"epochs": 5, "batch_size": 64, "shuffle": true, "lr": 0.01}, "trainer": {"trainer_type": "standard", "save_path": "./.training_results/"}, "strategy": {"role": "client", "strategy_name": "sp"}}}, {"index": 6, "node_id": "client.7", "yaml": {"role": "client", "training_logger": {"name": "train", "path": "./experiment_results/", "prefix": "", "save_weights": false}, "data_loader": {"name": "kmnist", "root": "../.dataset", "split": "", "batch_size": 64, "shuffle": true, "num_workers": 0, "is_download": true, "is_load_train_set": true, "is_load_test_set": true, "task_type": "cv"}, "nn_model": {"name": "simple_lora_mlp", "input_dim": 0, "hidden_dim": 0, "output_dim": 0, "softmax_dim": 1, "lora_mode": "standard", "rank_ratio": 0.3, "cap_lora_rank_to_matrix_dim": true, "share_model": false}, "loss_func": {"type": "CrossEntropyLoss", "reduction": "mean", "weight": "None"}, "optimizer": {"type": "SGD", "lr": 0.01, "weight_decay": 0.0001, "momentum": 0.0, "nesterov": false, "betas": [0.9, 0.999], "amsgrad": false, "eps": "1e-8", "alpha": "None", "centered": "None"}, "training": {"epochs": 5, "batch_size": 64, "shuffle": true, "lr": 0.01}, "trainer": {"trainer_type": "standard", "save_path": "./.training_results/"}, "strategy": {"role": "client", "strategy_name": "sp"}}}, {"index": 7, "node_id": "client.8", "yaml": {"role": "client", "training_logger": {"name": "train", "path": "./experiment_results/", "prefix": "", "save_weights": false}, "data_loader": {"name": "kmnist", "root": "../.dataset", "split": "", "batch_size": 64, "shuffle": true, "num_workers": 0, "is_download": true, "is_load_train_set": true, "is_load_test_set": true, "task_type": "cv"}, "nn_model": {"name": "simple_lora_mlp", "input_dim": 0, "hidden_dim": 0, "output_dim": 0, "softmax_dim": 1, "lora_mode": "standard", "rank_ratio": 0.6, "cap_lora_rank_to_matrix_dim": true, "share_model": false}, "loss_func": {"type": "CrossEntropyLoss", "reduction": "mean", "weight": "None"}, "optimizer": {"type": "SGD", "lr": 0.01, "weight_decay": 0.0001, "momentum": 0.0, "nesterov": false, "betas": [0.9, 0.999], "amsgrad": false, "eps": "1e-8", "alpha": "None", "centered": "None"}, "training": {"epochs": 5, "batch_size": 64, "shuffle": true, "lr": 0.01}, "trainer": {"trainer_type": "standard", "save_path": "./.training_results/"}, "strategy": {"role": "client", "strategy_name": "sp"}}}, {"index": 8, "node_id": "client.9", "yaml": {"role": "client", "training_logger": {"name": "train", "path": "./experiment_results/", "prefix": "", "save_weights": false}, "data_loader": {"name": "kmnist", "root": "../.dataset", "split": "", "batch_size": 64, "shuffle": true, "num_workers": 0, "is_download": true, "is_load_train_set": true, "is_load_test_set": true, "task_type": "cv"}, "nn_model": {"name": "simple_lora_mlp", "input_dim": 0, "hidden_dim": 0, "output_dim": 0, "softmax_dim": 1, "lora_mode": "standard", "rank_ratio": 0.5, "cap_lora_rank_to_matrix_dim": true, "share_model": false}, "loss_func": {"type": "CrossEntropyLoss", "reduction": "mean", "weight": "None"}, "optimizer": {"type": "SGD", "lr": 0.01, "weight_decay": 0.0001, "momentum": 0.0, "nesterov": false, "betas": [0.9, 0.999], "amsgrad": false, "eps": "1e-8", "alpha": "None", "centered": "None"}, "training": {"epochs": 5, "batch_size": 64, "shuffle": true, "lr": 0.01}, "trainer": {"trainer_type": "standard", "save_path": "./.training_results/"}, "strategy": {"role": "client", "strategy_name": "sp"}}}, {"index": 9, "node_id": "client.10", "yaml": {"role": "client", "training_logger": {"name": "train", "path": "./experiment_results/", "prefix": "", "save_weights": false}, "data_loader": {"name": "kmnist", "root": "../.dataset", "split": "", "batch_size": 64, "shuffle": true, "num_workers": 0, "is_download": true, "is_load_train_set": true, "is_load_test_set": true, "task_type": "cv"}, "nn_model": {"name": "simple_lora_mlp", "input_dim": 0, "hidden_dim": 0, "output_dim": 0, "softmax_dim": 1, "lora_mode": "standard", "rank_ratio": 0.2, "cap_lora_rank_to_matrix_dim": true, "share_model": false}, "loss_func": {"type": "CrossEntropyLoss", "reduction": "mean", "weight": "None"}, "optimizer": {"type": "SGD", "lr": 0.01, "weight_decay": 0.0001, "momentum": 0.0, "nesterov": false, "betas": [0.9, 0.999], "amsgrad": false, "eps": "1e-8", "alpha": "None", "centered": "None"}, "training": {"epochs": 5, "batch_size": 64, "shuffle": true, "lr": 0.01}, "trainer": {"trainer_type": "standard", "save_path": "./.training_results/"}, "strategy": {"role": "client", "strategy_name": "sp"}}}]}, "effective_client_rank_ratios": [0.9, 0.1, 0.4, 0.7, 0.8, 1.0, 0.3, 0.6, 0.5, 0.2], "effective_client_share_model": [false, false, false, false, false, false, false, false, false, false], "rank_distribution": {"rank_ratio_list": [0.9, 0.1, 0.4, 0.7, 0.8, 1.0, 0.3, 0.6, 0.5, 0.2]}, "rank_ratio_list": [0.9, 0.1, 0.4, 0.7, 0.8, 1.0, 0.3, 0.6, 0.5, 0.2], "rank_ratio_list_str": "[0.9, 0.1, 0.4, 0.7, 0.8, 1.0, 0.3, 0.6, 0.5, 0.2]", "epoch": 5, "batch_size": 64}

round,accuracy,average_loss,perplexity,precision,recall,f1_score,matthews_correlation,mcc,total_test_samples,invalid_label_samples,evaluation_status
0,0.1034,2.3038375,10.012531915951163,0.016356669356080163,0.1034,0.0252013972264661,0.008277230157531176,0.008277230157531176,10000,0,evaluated
1,0.1,2.3044953125,10.019120451375018,0.01000100010001,0.1,0.018183471224656786,0.0,0.0,10000,0,evaluated
2,0.0998,2.3051390625,10.02557233664335,0.009988990091081975,0.0998,0.018160312983350014,-0.004971277528455819,-0.004971277528455819,10000,0,evaluated
3,0.0997,2.3051875,10.026057962064554,0.014330786896819206,0.0997,0.018342538130246742,-0.00466789521089456,-0.00466789521089456,10000,0,evaluated
4,0.0997,2.305475,10.028940868126535,0.019065770830476714,0.0997,0.01907486592808939,-0.0030234393679671907,-0.0030234393679671907,10000,0,evaluated
5,0.0998,2.3054484375,10.028674477922737,0.018632901813329945,0.0998,0.01944694253937348,-0.0016630958833134574,-0.0016630958833134574,10000,0,evaluated
6,0.1002,2.30529375,10.027123287317426,0.021546524429007802,0.1002,0.01985324169120962,0.0016945205124715684,0.0016945205124715684,10000,0,evaluated
7,0.1,2.3052640625,10.02682561151348,0.019330129425526293,0.1,0.020144605376458274,0.0,0.0,10000,0,evaluated
8,0.1001,2.3051890625,10.02607362779236,0.018990885074966324,0.1001,0.020474335172449863,0.0006235214982699286,0.0006235214982699286,10000,0,evaluated
9,0.1002,2.3050765625,10.0249457579531,0.01978049772364336,0.1002,0.0209477381618355,0.0011737147410450215,0.0011737147410450215,10000,0,evaluated
10,0.1004,2.30503125,10.024491512890007,0.02045301561658589,0.1004,0.020056659044293663,0.0030576150432791525,0.0030576150432791525,10000,0,evaluated
11,0.1005,2.3049859375,10.024037288409433,0.020233709245031525,0.10049999999999999,0.020237487587352557,0.003605618888663337,0.003605618888663337,10000,0,evaluated
12,0.1007,2.304934375,10.023520437311932,0.02278753085392573,0.10069999999999998,0.020601225886366203,0.005192637158688413,0.005192637158688413,10000,0,evaluated
13,0.1004,2.304828125,10.022455494841534,0.02136747065088055,0.1004,0.020220639598829186,0.0030419668858854723,0.0030419668858854723,10000,0,evaluated
14,0.1007,2.3047328125,10.021500275075102,0.02362557644711401,0.10069999999999998,0.020763730874550967,0.005167629752125201,0.005167629752125201,10000,0,evaluated
15,0.1008,2.304621875,10.020388576554002,0.02355497372182578,0.1008,0.020938859429151656,0.005691359991599655,0.005691359991599655,10000,0,evaluated
16,0.1007,2.304521875,10.019386587796618,0.02243819639120967,0.10069999999999998,0.020913152290145783,0.00477213377549476,0.00477213377549476,10000,0,evaluated
17,0.1009,2.304425,10.018416006734206,0.023811007875753975,0.10089999999999999,0.020958743658677316,0.006460600802046968,0.006460600802046968,10000,0,evaluated
18,0.1013,2.3043921875,10.01808728285214,0.02415010042987742,0.10129999999999999,0.021645302480786423,0.008396371981153545,0.008396371981153545,10000,0,evaluated
19,0.1015,2.30431875,10.017351606580752,0.024365047076601185,0.10149999999999999,0.022407225673296775,0.008699202304411457,0.008699202304411457,10000,0,evaluated
20,0.1013,2.3042171875,10.016334270970654,0.02446690250703222,0.10129999999999999,0.021649124541071724,0.008489958429254428,0.008489958429254428,10000,0,evaluated
21,0.1011,2.3042234375,10.01639687325548,0.024227395411605936,0.1011,0.021307773109243696,0.007529867554154981,0.007529867554154981,10000,0,evaluated
22,0.1011,2.30413125,10.015473529229771,0.025645870261075076,0.1011,0.021319428960751254,0.007896289869168517,0.007896289869168517,10000,0,evaluated
23,0.1008,2.30415625,10.015723919197862,0.02464609178996439,0.1008,0.020625986411973864,0.006348922021763585,0.006348922021763585,10000,0,evaluated
24,0.101,2.3040671875,10.014831933508134,0.025671445880452344,0.101,0.020987409696301095,0.007644037608197881,0.007644037608197881,10000,0,evaluated
25,0.1012,2.30395,10.013658389154633,0.026883203523908307,0.1012,0.021346657556514072,0.008945170944857889,0.008945170944857889,10000,0,evaluated
26,0.1016,2.3039765625,10.013924380488278,0.02864779083287163,0.1016,0.0220522659013433,0.011282679232365304,0.011282679232365304,10000,0,evaluated
27,0.1014,2.3039265625,10.013423696786452,0.02850015352303483,0.1014,0.02170705653888787,0.010335259504250401,0.010335259504250401,10000,0,evaluated
28,0.1016,2.3039,10.013157718752042,0.028170222861050254,0.1016,0.022047160081089732,0.011137516671363104,0.011137516671363104,10000,0,evaluated
29,0.1017,2.3038890625,10.013048200438423,0.028253687804249604,0.10169999999999998,0.022217189342273565,0.011589467740487275,0.011589467740487275,10000,0,evaluated
30,0.1016,2.303825,10.012406760084435,0.028326625761474343,0.1016,0.022048855647402214,0.011185270029793384,0.011185270029793384,10000,0,evaluated
31,0.1017,2.3037953125,10.01210952117091,0.028253687804249604,0.10169999999999998,0.022217189342273565,0.011589467740487275,0.011589467740487275,10000,0,evaluated
32,0.1021,2.303765625,10.011812291081531,0.029204832784695385,0.1021,0.02289484328652326,0.013514097758391685,0.013514097758391685,10000,0,evaluated
33,0.1022,2.30374375,10.011593285083052,0.028845373376623372,0.1022,0.023051156654693865,0.013764322346737705,0.013764322346737705,10000,0,evaluated
34,0.1018,2.3037359375,10.011515069816038,0.029373098941973586,0.1018,0.022248463016916624,0.012637859528719106,0.012637859528719106,10000,0,evaluated
35,0.1024,2.3036453125,10.010607817373334,0.030374069473186847,0.1024,0.023403554246241465,0.015067270742819987,0.015067270742819987,10000,0,evaluated
36,0.1025,2.303646875,10.01062345896027,0.030101522842639596,0.1025,0.02355840512923262,0.015329924337198967,0.015329924337198967,10000,0,evaluated
37,0.1023,2.3035796875,10.009950892790894,0.029806376555896068,0.10229999999999999,0.023086816204797724,0.014747784514081605,0.014747784514081605,10000,0,evaluated
38,0.1025,2.303525,10.009403488569664,0.03010654490106545,0.1025,0.023416492510444344,0.015588037456748215,0.015588037456748215,10000,0,evaluated
39,0.103,2.3035203125,10.009356569600776,0.03168862896061593,0.10300000000000001,0.02479222287584657,0.017005307572582756,0.017005307572582756,10000,0,evaluated
40,0.1026,2.303484375,10.008996864812541,0.031475708112458235,0.1026,0.023747412799526912,0.016211558955018142,0.016211558955018142,10000,0,evaluated
41,0.1028,2.3034609375,10.008762281697555,0.03167322783688473,0.1028,0.024070284220536194,0.017002942824291902,0.017002942824291902,10000,0,evaluated
42,0.1024,2.303428125,10.008433874573145,0.03172693193267395,0.1024,0.02342864544226591,0.015557937927159935,0.015557937927159935,10000,0,evaluated
43,0.1029,2.3034578125,10.008731004364295,0.03261910477347013,0.10289999999999999,0.02425061056526768,0.01772463101555057,0.01772463101555057,10000,0,evaluated
44,0.1029,2.3033875,10.00802729020579,0.032042136994380646,0.10289999999999999,0.024236915689197846,0.017497984843890632,0.017497984843890632,10000,0,evaluated
45,0.1028,2.30336875,10.007839641453314,0.033012040043290045,0.1028,0.02410010770364492,0.017518228441302536,0.017518228441302536,10000,0,evaluated
46,0.103,2.3033609375,10.007761455511528,0.03328135642909926,0.10300000000000001,0.024424372511401476,0.01833582518850059,0.01833582518850059,10000,0,evaluated
47,0.1028,2.303315625,10.007307989094503,0.034002274871487395,0.1028,0.024120399749016176,0.017889563189049412,0.017889563189049412,10000,0,evaluated
48,0.1021,2.303275,10.006901450465318,0.03343221063510403,0.1021,0.022803685119381262,0.015213430288765898,0.015213430288765898,10000,0,evaluated
49,0.1028,2.3032484375,10.006635645675775,0.0343518916082248,0.1028,0.024127237652720446,0.018018797011188914,0.018018797011188914,10000,0,evaluated
50,0.1025,2.3031859375,10.00601025049172,0.03486525805218349,0.1025,0.02364448639847339,0.017043334912481285,0.017043334912481285,10000,0,evaluated
51,0.1026,2.30315625,10.005713201471751,0.03392720754422882,0.1026,0.023793993373008443,0.01710829943960493,0.01710829943960493,10000,0,evaluated
52,0.1029,2.30309375,10.005087863938662,0.034550686192755566,0.10289999999999999,0.024292587334939338,0.018462642732819952,0.018462642732819952,10000,0,evaluated
53,0.103,2.3030953125,10.005103496900663,0.03205695355042204,0.10300000000000001,0.02453182024028344,0.01760572111567532,0.01760572111567532,10000,0,evaluated
54,0.1024,2.3030265625,10.004415669679583,0.035955559408229316,0.1024,0.02349282954239107,0.016998544986821025,0.016998544986821025,10000,0,evaluated
55,0.1031,2.30304375,10.004587622051618,0.03153246224136426,0.1031,0.02493878880189344,0.017285352216494222,0.017285352216494222,10000,0,evaluated
56,0.1028,2.302990625,10.004056142451748,0.03296010662482386,0.1028,0.024380328740261838,0.017002942824291902,0.017002942824291902,10000,0,evaluated
57,0.1029,2.3029046875,10.003196455817193,0.03165553363932158,0.10289999999999999,0.02450253759043881,0.01686787951289303,0.01686787951289303,10000,0,evaluated
58,0.1025,2.3028515625,10.002665050121067,0.037582585966855236,0.1025,0.02368224721084467,0.017946113339019357,0.017946113339019357,10000,0,evaluated
59,0.1028,2.30278125,10.001961762459976,0.03310958142716662,0.1028,0.024383911012782693,0.01705791574143381,0.01705791574143381,10000,0,evaluated
60,0.1027,2.3027203125,10.001352286485238,0.033850282820557756,0.10269999999999999,0.024241602294877547,0.016950679585672486,0.016950679585672486,10000,0,evaluated
61,0.1031,2.3027234375,10.001383540759969,0.03398980903280398,0.1031,0.024876720283199334,0.018471716870824315,0.018471716870824315,10000,0,evaluated
62,0.1026,2.30266875,10.000836605052992,0.03645569620253165,0.1026,0.024128735632183908,0.01744269298812309,0.01744269298812309,10000,0,evaluated
63,0.1029,2.30269375,10.001086629093406,0.03673255617502956,0.10289999999999999,0.024622489463195688,0.018730368265650218,0.018730368265650218,10000,0,evaluated
64,0.1032,2.3026796875,10.000945989801556,0.035409989157703964,0.1032,0.02506999681375079,0.019369724764831727,0.019369724764831727,10000,0,evaluated
65,0.1034,2.302646875,10.00061783914502,0.03436105689104445,0.1034,0.0253507993838615,0.019660767350342948,0.019660767350342948,10000,0,evaluated
66,0.1033,2.302528125,9.999430336285995,0.03448581120622105,0.10329999999999999,0.025200648468449955,0.019366293227242856,0.019366293227242856,10000,0,evaluated
67,0.1032,2.3025015625,9.999164729945287,0.03274461116372081,0.1032,0.025262891302260216,0.017891255109687282,0.017891255109687282,10000,0,evaluated
68,0.1035,2.3025140625,9.9992897202856,0.03260204081632653,0.1035,0.02583333333333333,0.018633899812498248,0.018633899812498248,10000,0,evaluated
69,0.1038,2.30245,9.998649161306018,0.0327277169333677,0.1038,0.02652194992857392,0.019266551343146057,0.019266551343146057,10000,0,evaluated
70,0.1039,2.3024140625,9.998289841308354,0.03242305371815666,0.10389999999999999,0.026768509799588135,0.01926947134882748,0.01926947134882748,10000,0,evaluated
71,0.1033,2.3023453125,9.997602482509993,0.03419400604247374,0.10329999999999999,0.025192243084552757,0.01925123259962705,0.01925123259962705,10000,0,evaluated
72,0.1031,2.3022609375,9.996758970386699,0.03207210602080897,0.1031,0.02535246190260798,0.016880930831788807,0.016880930831788807,10000,0,evaluated
73,0.1034,2.3021796875,9.995946766716576,0.03113431165254197,0.1034,0.025752096118252014,0.017511896110214354,0.017511896110214354,10000,0,evaluated
74,0.1037,2.302184375,9.995993622826864,0.03165614674235363,0.10369999999999999,0.02644897821346558,0.0183197124918564,0.0183197124918564,10000,0,evaluated
75,0.1035,2.302075,9.994900370812678,0.030724554940359493,0.1035,0.02599857756446621,0.017477231511841294,0.017477231511841294,10000,0,evaluated
76,0.1031,2.302025,9.994400638287555,0.033407424454186055,0.1031,0.024860928742340083,0.018247371054730656,0.018247371054730656,10000,0,evaluated
77,0.1031,2.302021875,9.99436940583436,0.034140045632384076,0.1031,0.024880693293113616,0.018529138069163377,0.018529138069163377,10000,0,evaluated
78,0.1031,2.30190625,9.993213873677302,0.0316988081137104,0.1031,0.024810700333348416,0.017572151158335512,0.017572151158335512,10000,0,evaluated
79,0.103,2.301840625,9.992558090534962,0.031249727371864777,0.10300000000000001,0.024644292663751167,0.017052957052618726,0.017052957052618726,10000,0,evaluated
80,0.1035,2.3017421875,9.991574496509987,0.030927988176714438,0.1035,0.025885303870274646,0.017745507816055578,0.017745507816055578,10000,0,evaluated
81,0.1036,2.3015734375,9.989888560568547,0.03087127392913435,0.1036,0.026267710058339017,0.017676503409917103,0.017676503409917103,10000,0,evaluated
82,0.1034,2.3014609375,9.988764761320375,0.03002704464471278,0.1034,0.02582256332091415,0.016869865487624907,0.016869865487624907,10000,0,evaluated
83,0.1035,2.3012796875,9.98695446177074,0.03029619176882033,0.1035,0.025854277769243705,0.017477231511841294,0.017477231511841294,10000,0,evaluated
84,0.1036,2.301146875,9.985628157458132,0.030226356090717794,0.1036,0.025745665749596053,0.018132665189614382,0.018132665189614382,10000,0,evaluated
85,0.1032,2.3010109375,9.984270828388526,0.029285590133530447,0.1032,0.02513020264538417,0.016481784574319393,0.016481784574319393,10000,0,evaluated
86,0.1033,2.300771875,9.981884248925809,0.028466530054644806,0.10329999999999999,0.025479673821801174,0.01607115751354384,0.01607115751354384,10000,0,evaluated
87,0.1039,2.3005734375,9.979903665287695,0.02936047892811327,0.10389999999999999,0.026922144569785728,0.017439992279612265,0.017439992279612265,10000,0,evaluated
88,0.104,2.3003171875,9.977346642605987,0.027054162179902225,0.10400000000000001,0.02736798239795233,0.015982847206448107,0.015982847206448107,10000,0,evaluated
89,0.1039,2.3001046875,9.975226681698258,0.02877147716032427,0.10389999999999999,0.026428804141171953,0.017806802442503353,0.017806802442503353,10000,0,evaluated
90,0.1039,2.2998296875,9.972483871514475,0.027107359084651624,0.10389999999999999,0.027154009611881025,0.015860982132270045,0.015860982132270045,10000,0,evaluated
91,0.1038,2.29958125,9.970006640283955,0.027728326017691228,0.1038,0.026447710790012735,0.01671191024893342,0.01671191024893342,10000,0,evaluated
92,0.1043,2.2992625,9.966829207097682,0.02594905539727967,0.10429999999999999,0.027769389185969585,0.015996308509086198,0.015996308509086198,10000,0,evaluated
93,0.1042,2.2989296875,9.963512673674694,0.025323921182369556,0.1042,0.027393395527680477,0.01566009045524798,0.01566009045524798,10000,0,evaluated
94,0.1041,2.2985453125,9.959683684421766,0.023600769096311834,0.1041,0.02704983064739508,0.014513119760844514,0.014513119760844514,10000,0,evaluated
95,0.1043,2.2981125,9.955373941549672,0.021690254930565072,0.10429999999999999,0.02753989500990357,0.013133272113932,0.013133272113932,10000,0,evaluated
96,0.1044,2.2976140625,9.950413046301504,0.12143738589682604,0.1044,0.02758169119265385,0.013628775994666246,0.013628775994666246,10000,0,evaluated
97,0.1044,2.2971375,9.94567218233284,0.12071070949878651,0.1044,0.02809784084420571,0.012367010625885869,0.012367010625885869,10000,0,evaluated
98,0.1043,2.2965765625,9.940094846257784,0.11962354031330935,0.10429999999999999,0.028220722528903324,0.011563712476777123,0.011563712476777123,10000,0,evaluated
99,0.1046,2.2959109375,9.93348067214977,0.11897378277153556,0.1046,0.02941842351402581,0.010953087337526077,0.010953087337526077,10000,0,evaluated
100,0.1057,2.2952859375,9.92727418645849,0.11860629223222555,0.10569999999999999,0.03198081924682753,0.013192080566179997,0.013192080566179997,10000,0,evaluated
