Config,{"general": {"device": "cuda:0", "training_rounds": 100, "train_optimization": {"cudnn_benchmark": true, "pin_memory": true, "fused_optimizer": false, "torch_compile": false, "non_blocking_transfer": true}}, "dataset": "fmnist", "model": "simple_lora_mlp", "loss_function": "CrossEntropyLoss", "aggregation": "zeropadding", "client_selection": {"method": "random", "round": 1, "client_selection_round": 1, "number": 10, "random_seed": 42}, "hyperparameters": {"training_rounds": 100, "local_epochs": 5, "selected_clients": 10, "client_selection_round": 1, "client_selection_method": "random", "optimizer": "SGD", "lr": 0.01, "momentum": 0.0, "weight_decay": 0.0001, "nesterov": false, "batch_size": 64, "shuffle": true, "trainer_type": "standard", "rank_ratio_list": [0.6, 1.0, 0.1, 0.8, 0.7, 0.9, 0.3, 0.5, 0.4, 0.2]}, "effective_yaml": {"server_yaml": {"role": "server", "general": {"device": "cuda:0", "training_rounds": 100, "train_optimization": {"cudnn_benchmark": true, "pin_memory": true, "fused_optimizer": false, "torch_compile": false, "non_blocking_transfer": true}}, "training_logger": {"name": "train", "path": "./experiment_results/", "prefix": "zeropadding_", "save_weights": false}, "data_loader": {"name": "fmnist", "root": "../.dataset", "split": "", "batch_size": 64, "shuffle": true, "num_workers": 0, "is_download": true, "is_load_train_set": true, "is_load_test_set": true, "task_type": "cv"}, "nn_model": {"name": "simple_lora_mlp", "input_dim": 0, "hidden_dim": 0, "output_dim": 0, "softmax_dim": 1, "lora_mode": "standard", "rank_ratio": 1.0, "cap_lora_rank_to_matrix_dim": true, "share_model": false}, "loss_func": {"type": "CrossEntropyLoss", "reduction": "mean", "weight": "None"}, "optimizer": {"type": "SGD", "lr": 0.01, "weight_decay": 0.0001, "momentum": 0.0, "nesterov": false, "betas": [0.9, 0.999], "amsgrad": false, "eps": "1e-8", "alpha": "None", "centered": "None"}, "training": {"epochs": 5, "batch_size": 64, "shuffle": true, "lr": 0.01}, "trainer": {"trainer_type": "standard", "save_path": "./.training_results/"}, "data_distribution": {"use": "fmnist_dirichlet_0_1_seed_1", "custom_define": {"fmnist_dirichlet_0_1_seed_1": [[7, 0, 792, 725, 1, 4108, 0, 0, 1, 0], [5299, 847, 3, 2722, 5445, 69, 1, 0, 0, 0], [4, 22, 1, 17, 402, 0, 0, 11, 0, 0], [1, 0, 0, 689, 30, 1814, 43, 4406, 3964, 8], [0, 2143, 3114, 1, 113, 0, 1426, 550, 0, 0], [12, 0, 2090, 0, 0, 1, 3278, 1001, 0, 5201], [675, 5, 0, 0, 0, 4, 94, 0, 2, 756], [0, 619, 0, 0, 5, 3, 1128, 0, 2031, 0], [2, 1435, 0, 1843, 0, 0, 0, 32, 0, 35], [0, 929, 0, 3, 4, 1, 30, 0, 2, 0]]}}, "client_selection": {"method": "random", "round": 1, "client_selection_round": 1, "number": 10, "random_seed": 42}, "strategy": {"role": "server", "strategy_name": "rbla"}, "aggregation": {"method": "zeropadding", "device": "cpu"}, "rank_distribution": {"rank_ratio_list": [0.6, 1.0, 0.1, 0.8, 0.7, 0.9, 0.3, 0.5, 0.4, 0.2]}, "lora_inference": {"device": "cpu", "lora_mode": "standard", "scaling": 0.5, "rank_ratio": 1, "use_bias": true, "alpha": 0}}, "client_yamls": [{"index": 0, "node_id": "client.1", "yaml": {"role": "client", "training_logger": {"name": "train", "path": "./experiment_results/", "prefix": "", "save_weights": false}, "data_loader": {"name": "fmnist", "root": "../.dataset", "split": "", "batch_size": 64, "shuffle": true, "num_workers": 0, "is_download": true, "is_load_train_set": true, "is_load_test_set": true, "task_type": "cv"}, "nn_model": {"name": "simple_lora_mlp", "input_dim": 0, "hidden_dim": 0, "output_dim": 0, "softmax_dim": 1, "lora_mode": "standard", "rank_ratio": 0.6, "cap_lora_rank_to_matrix_dim": true, "share_model": false}, "loss_func": {"type": "CrossEntropyLoss", "reduction": "mean", "weight": "None"}, "optimizer": {"type": "SGD", "lr": 0.01, "weight_decay": 0.0001, "momentum": 0.0, "nesterov": false, "betas": [0.9, 0.999], "amsgrad": false, "eps": "1e-8", "alpha": "None", "centered": "None"}, "training": {"epochs": 5, "batch_size": 64, "shuffle": true, "lr": 0.01}, "trainer": {"trainer_type": "standard", "save_path": "./.training_results/"}, "strategy": {"role": "client", "strategy_name": "rbla"}}}, {"index": 1, "node_id": "client.2", "yaml": {"role": "client", "training_logger": {"name": "train", "path": "./experiment_results/", "prefix": "", "save_weights": false}, "data_loader": {"name": "fmnist", "root": "../.dataset", "split": "", "batch_size": 64, "shuffle": true, "num_workers": 0, "is_download": true, "is_load_train_set": true, "is_load_test_set": true, "task_type": "cv"}, "nn_model": {"name": "simple_lora_mlp", "input_dim": 0, "hidden_dim": 0, "output_dim": 0, "softmax_dim": 1, "lora_mode": "standard", "rank_ratio": 1.0, "cap_lora_rank_to_matrix_dim": true, "share_model": false}, "loss_func": {"type": "CrossEntropyLoss", "reduction": "mean", "weight": "None"}, "optimizer": {"type": "SGD", "lr": 0.01, "weight_decay": 0.0001, "momentum": 0.0, "nesterov": false, "betas": [0.9, 0.999], "amsgrad": false, "eps": "1e-8", "alpha": "None", "centered": "None"}, "training": {"epochs": 5, "batch_size": 64, "shuffle": true, "lr": 0.01}, "trainer": {"trainer_type": "standard", "save_path": "./.training_results/"}, "strategy": {"role": "client", "strategy_name": "rbla"}}}, {"index": 2, "node_id": "client.3", "yaml": {"role": "client", "training_logger": {"name": "train", "path": "./experiment_results/", "prefix": "", "save_weights": false}, "data_loader": {"name": "fmnist", "root": "../.dataset", "split": "", "batch_size": 64, "shuffle": true, "num_workers": 0, "is_download": true, "is_load_train_set": true, "is_load_test_set": true, "task_type": "cv"}, "nn_model": {"name": "simple_lora_mlp", "input_dim": 0, "hidden_dim": 0, "output_dim": 0, "softmax_dim": 1, "lora_mode": "standard", "rank_ratio": 0.1, "cap_lora_rank_to_matrix_dim": true, "share_model": false}, "loss_func": {"type": "CrossEntropyLoss", "reduction": "mean", "weight": "None"}, "optimizer": {"type": "SGD", "lr": 0.01, "weight_decay": 0.0001, "momentum": 0.0, "nesterov": false, "betas": [0.9, 0.999], "amsgrad": false, "eps": "1e-8", "alpha": "None", "centered": "None"}, "training": {"epochs": 5, "batch_size": 64, "shuffle": true, "lr": 0.01}, "trainer": {"trainer_type": "standard", "save_path": "./.training_results/"}, "strategy": {"role": "client", "strategy_name": "rbla"}}}, {"index": 3, "node_id": "client.4", "yaml": {"role": "client", "training_logger": {"name": "train", "path": "./experiment_results/", "prefix": "", "save_weights": false}, "data_loader": {"name": "fmnist", "root": "../.dataset", "split": "", "batch_size": 64, "shuffle": true, "num_workers": 0, "is_download": true, "is_load_train_set": true, "is_load_test_set": true, "task_type": "cv"}, "nn_model": {"name": "simple_lora_mlp", "input_dim": 0, "hidden_dim": 0, "output_dim": 0, "softmax_dim": 1, "lora_mode": "standard", "rank_ratio": 0.8, "cap_lora_rank_to_matrix_dim": true, "share_model": false}, "loss_func": {"type": "CrossEntropyLoss", "reduction": "mean", "weight": "None"}, "optimizer": {"type": "SGD", "lr": 0.01, "weight_decay": 0.0001, "momentum": 0.0, "nesterov": false, "betas": [0.9, 0.999], "amsgrad": false, "eps": "1e-8", "alpha": "None", "centered": "None"}, "training": {"epochs": 5, "batch_size": 64, "shuffle": true, "lr": 0.01}, "trainer": {"trainer_type": "standard", "save_path": "./.training_results/"}, "strategy": {"role": "client", "strategy_name": "rbla"}}}, {"index": 4, "node_id": "client.5", "yaml": {"role": "client", "training_logger": {"name": "train", "path": "./experiment_results/", "prefix": "", "save_weights": false}, "data_loader": {"name": "fmnist", "root": "../.dataset", "split": "", "batch_size": 64, "shuffle": true, "num_workers": 0, "is_download": true, "is_load_train_set": true, "is_load_test_set": true, "task_type": "cv"}, "nn_model": {"name": "simple_lora_mlp", "input_dim": 0, "hidden_dim": 0, "output_dim": 0, "softmax_dim": 1, "lora_mode": "standard", "rank_ratio": 0.7, "cap_lora_rank_to_matrix_dim": true, "share_model": false}, "loss_func": {"type": "CrossEntropyLoss", "reduction": "mean", "weight": "None"}, "optimizer": {"type": "SGD", "lr": 0.01, "weight_decay": 0.0001, "momentum": 0.0, "nesterov": false, "betas": [0.9, 0.999], "amsgrad": false, "eps": "1e-8", "alpha": "None", "centered": "None"}, "training": {"epochs": 5, "batch_size": 64, "shuffle": true, "lr": 0.01}, "trainer": {"trainer_type": "standard", "save_path": "./.training_results/"}, "strategy": {"role": "client", "strategy_name": "rbla"}}}, {"index": 5, "node_id": "client.6", "yaml": {"role": "client", "training_logger": {"name": "train", "path": "./experiment_results/", "prefix": "", "save_weights": false}, "data_loader": {"name": "fmnist", "root": "../.dataset", "split": "", "batch_size": 64, "shuffle": true, "num_workers": 0, "is_download": true, "is_load_train_set": true, "is_load_test_set": true, "task_type": "cv"}, "nn_model": {"name": "simple_lora_mlp", "input_dim": 0, "hidden_dim": 0, "output_dim": 0, "softmax_dim": 1, "lora_mode": "standard", "rank_ratio": 0.9, "cap_lora_rank_to_matrix_dim": true, "share_model": false}, "loss_func": {"type": "CrossEntropyLoss", "reduction": "mean", "weight": "None"}, "optimizer": {"type": "SGD", "lr": 0.01, "weight_decay": 0.0001, "momentum": 0.0, "nesterov": false, "betas": [0.9, 0.999], "amsgrad": false, "eps": "1e-8", "alpha": "None", "centered": "None"}, "training": {"epochs": 5, "batch_size": 64, "shuffle": true, "lr": 0.01}, "trainer": {"trainer_type": "standard", "save_path": "./.training_results/"}, "strategy": {"role": "client", "strategy_name": "rbla"}}}, {"index": 6, "node_id": "client.7", "yaml": {"role": "client", "training_logger": {"name": "train", "path": "./experiment_results/", "prefix": "", "save_weights": false}, "data_loader": {"name": "fmnist", "root": "../.dataset", "split": "", "batch_size": 64, "shuffle": true, "num_workers": 0, "is_download": true, "is_load_train_set": true, "is_load_test_set": true, "task_type": "cv"}, "nn_model": {"name": "simple_lora_mlp", "input_dim": 0, "hidden_dim": 0, "output_dim": 0, "softmax_dim": 1, "lora_mode": "standard", "rank_ratio": 0.3, "cap_lora_rank_to_matrix_dim": true, "share_model": false}, "loss_func": {"type": "CrossEntropyLoss", "reduction": "mean", "weight": "None"}, "optimizer": {"type": "SGD", "lr": 0.01, "weight_decay": 0.0001, "momentum": 0.0, "nesterov": false, "betas": [0.9, 0.999], "amsgrad": false, "eps": "1e-8", "alpha": "None", "centered": "None"}, "training": {"epochs": 5, "batch_size": 64, "shuffle": true, "lr": 0.01}, "trainer": {"trainer_type": "standard", "save_path": "./.training_results/"}, "strategy": {"role": "client", "strategy_name": "rbla"}}}, {"index": 7, "node_id": "client.8", "yaml": {"role": "client", "training_logger": {"name": "train", "path": "./experiment_results/", "prefix": "", "save_weights": false}, "data_loader": {"name": "fmnist", "root": "../.dataset", "split": "", "batch_size": 64, "shuffle": true, "num_workers": 0, "is_download": true, "is_load_train_set": true, "is_load_test_set": true, "task_type": "cv"}, "nn_model": {"name": "simple_lora_mlp", "input_dim": 0, "hidden_dim": 0, "output_dim": 0, "softmax_dim": 1, "lora_mode": "standard", "rank_ratio": 0.5, "cap_lora_rank_to_matrix_dim": true, "share_model": false}, "loss_func": {"type": "CrossEntropyLoss", "reduction": "mean", "weight": "None"}, "optimizer": {"type": "SGD", "lr": 0.01, "weight_decay": 0.0001, "momentum": 0.0, "nesterov": false, "betas": [0.9, 0.999], "amsgrad": false, "eps": "1e-8", "alpha": "None", "centered": "None"}, "training": {"epochs": 5, "batch_size": 64, "shuffle": true, "lr": 0.01}, "trainer": {"trainer_type": "standard", "save_path": "./.training_results/"}, "strategy": {"role": "client", "strategy_name": "rbla"}}}, {"index": 8, "node_id": "client.9", "yaml": {"role": "client", "training_logger": {"name": "train", "path": "./experiment_results/", "prefix": "", "save_weights": false}, "data_loader": {"name": "fmnist", "root": "../.dataset", "split": "", "batch_size": 64, "shuffle": true, "num_workers": 0, "is_download": true, "is_load_train_set": true, "is_load_test_set": true, "task_type": "cv"}, "nn_model": {"name": "simple_lora_mlp", "input_dim": 0, "hidden_dim": 0, "output_dim": 0, "softmax_dim": 1, "lora_mode": "standard", "rank_ratio": 0.4, "cap_lora_rank_to_matrix_dim": true, "share_model": false}, "loss_func": {"type": "CrossEntropyLoss", "reduction": "mean", "weight": "None"}, "optimizer": {"type": "SGD", "lr": 0.01, "weight_decay": 0.0001, "momentum": 0.0, "nesterov": false, "betas": [0.9, 0.999], "amsgrad": false, "eps": "1e-8", "alpha": "None", "centered": "None"}, "training": {"epochs": 5, "batch_size": 64, "shuffle": true, "lr": 0.01}, "trainer": {"trainer_type": "standard", "save_path": "./.training_results/"}, "strategy": {"role": "client", "strategy_name": "rbla"}}}, {"index": 9, "node_id": "client.10", "yaml": {"role": "client", "training_logger": {"name": "train", "path": "./experiment_results/", "prefix": "", "save_weights": false}, "data_loader": {"name": "fmnist", "root": "../.dataset", "split": "", "batch_size": 64, "shuffle": true, "num_workers": 0, "is_download": true, "is_load_train_set": true, "is_load_test_set": true, "task_type": "cv"}, "nn_model": {"name": "simple_lora_mlp", "input_dim": 0, "hidden_dim": 0, "output_dim": 0, "softmax_dim": 1, "lora_mode": "standard", "rank_ratio": 0.2, "cap_lora_rank_to_matrix_dim": true, "share_model": false}, "loss_func": {"type": "CrossEntropyLoss", "reduction": "mean", "weight": "None"}, "optimizer": {"type": "SGD", "lr": 0.01, "weight_decay": 0.0001, "momentum": 0.0, "nesterov": false, "betas": [0.9, 0.999], "amsgrad": false, "eps": "1e-8", "alpha": "None", "centered": "None"}, "training": {"epochs": 5, "batch_size": 64, "shuffle": true, "lr": 0.01}, "trainer": {"trainer_type": "standard", "save_path": "./.training_results/"}, "strategy": {"role": "client", "strategy_name": "rbla"}}}]}, "effective_client_rank_ratios": [0.6, 1.0, 0.1, 0.8, 0.7, 0.9, 0.3, 0.5, 0.4, 0.2], "effective_client_share_model": [false, false, false, false, false, false, false, false, false, false], "rank_distribution": {"rank_ratio_list": [0.6, 1.0, 0.1, 0.8, 0.7, 0.9, 0.3, 0.5, 0.4, 0.2]}, "rank_ratio_list": [0.6, 1.0, 0.1, 0.8, 0.7, 0.9, 0.3, 0.5, 0.4, 0.2], "rank_ratio_list_str": "[0.6, 1.0, 0.1, 0.8, 0.7, 0.9, 0.3, 0.5, 0.4, 0.2]", "epoch": 5, "batch_size": 64}

round,accuracy,average_loss,perplexity,precision,recall,f1_score,matthews_correlation,mcc,total_test_samples,invalid_label_samples,evaluation_status
0,0.1142,2.294140625,9.915910863761717,0.1103234554432879,0.1142,0.08249085343843032,0.01814769785508434,0.01814769785508434,10000,0,evaluated
1,0.0788,2.2896359375,9.871343241013767,0.09620387082036004,0.0788,0.05599010875445411,-0.026570345779771205,-0.026570345779771205,10000,0,evaluated
2,0.1026,2.285378125,9.82940226414038,0.17277227072295576,0.1026,0.06745913334399732,0.003189486176683218,0.003189486176683218,10000,0,evaluated
3,0.1327,2.2804234375,9.780821099239597,0.19922528558827673,0.13269999999999998,0.08164277597620215,0.03990435919834605,0.03990435919834605,10000,0,evaluated
4,0.1613,2.274225,9.720382795986275,0.2099096545538402,0.16130000000000003,0.0977603050170541,0.0747778516939848,0.0747778516939848,10000,0,evaluated
5,0.1888,2.2662421875,9.64309569733446,0.23064285332014486,0.1888,0.11635627155103712,0.11091302474033603,0.11091302474033603,10000,0,evaluated
6,0.2001,2.25560859375,9.541098196289273,0.24391437875104258,0.2001,0.12476737458180243,0.1381273833181832,0.1381273833181832,10000,0,evaluated
7,0.1764,2.24363984375,9.427583844783305,0.15548121786538038,0.1764,0.09089605718094837,0.1347337827792579,0.1347337827792579,10000,0,evaluated
8,0.1684,2.23514921875,9.347876626596175,0.08135445442221118,0.1684,0.07871935928630092,0.1410222278607901,0.1410222278607901,10000,0,evaluated
9,0.1678,2.23422265625,9.339219246080788,0.0865609392951598,0.1678,0.0809315444468662,0.1489320976557462,0.1489320976557462,10000,0,evaluated
10,0.1691,2.23699375,9.365134989056344,0.10640288180667054,0.16909999999999997,0.08232631040087537,0.1544796290303105,0.1544796290303105,10000,0,evaluated
11,0.1767,2.232965625,9.327486931126007,0.09845534190856309,0.1767,0.08455665641198658,0.16184596103686744,0.16184596103686744,10000,0,evaluated
12,0.1845,2.22321953125,9.23702192533433,0.08953526589205163,0.1845,0.08418202188209783,0.16509574516910588,0.16509574516910588,10000,0,evaluated
13,0.1893,2.2008609375,9.032786817684238,0.08600758005884475,0.1893,0.08580517285481393,0.17078657045933804,0.17078657045933804,10000,0,evaluated
14,0.1966,2.1692875,8.75204598593273,0.08009933984189259,0.19659999999999997,0.08622220713121746,0.16397187888537013,0.16397187888537013,10000,0,evaluated
15,0.2105,2.12954140625,8.411008690835935,0.08420770781477838,0.2105,0.10063004408323879,0.1718007657090782,0.1718007657090782,10000,0,evaluated
16,0.2273,2.08444375,8.040117922010134,0.08254054784792675,0.22729999999999997,0.11117920606642313,0.18381970109090778,0.18381970109090778,10000,0,evaluated
17,0.2357,2.03426328125,7.646616643995399,0.1661547563029644,0.23570000000000002,0.11861652609906848,0.18965706197520146,0.18965706197520146,10000,0,evaluated
18,0.243,1.98696484375,7.293363636206793,0.18697426828719785,0.24300000000000002,0.12518316349640526,0.19507451484135133,0.19507451484135133,10000,0,evaluated
19,0.256,1.93216640625,6.904451898633879,0.15392554597170024,0.256,0.1465778625840601,0.20636673253731963,0.20636673253731963,10000,0,evaluated
20,0.2602,1.884119140625,6.5805553444274505,0.15072892516995595,0.26020000000000004,0.1504893713141536,0.20939115989065318,0.20939115989065318,10000,0,evaluated
21,0.2659,1.835126171875,6.265924679028475,0.2492937777589764,0.26589999999999997,0.15987512836320888,0.21414064661203466,0.21414064661203466,10000,0,evaluated
22,0.2711,1.7899568359375,5.989193942862016,0.2432397939151195,0.2711,0.16679824562980572,0.21691846021681055,0.21691846021681055,10000,0,evaluated
23,0.2792,1.7488876953125,5.748205363014698,0.24101279529833208,0.2792,0.1784002733763431,0.22680374978265336,0.22680374978265336,10000,0,evaluated
24,0.291,1.7042845703125,5.497451220160715,0.24188193733385455,0.29100000000000004,0.19304241908869005,0.23891660349326002,0.23891660349326002,10000,0,evaluated
25,0.3028,1.6589279296875,5.253675514700959,0.35166199352781397,0.30279999999999996,0.21031243809362338,0.2504890285669913,0.2504890285669913,10000,0,evaluated
26,0.3131,1.6249470703125,5.0781502451610505,0.253793059933107,0.31310000000000004,0.22285925092412423,0.26212589352592053,0.26212589352592053,10000,0,evaluated
27,0.3195,1.5923470703125,4.915271889166152,0.3004467096545884,0.3195,0.23229985976500694,0.2677816100310199,0.2677816100310199,10000,0,evaluated
28,0.3295,1.559301953125,4.755500523983355,0.28207118233639933,0.3295,0.24274423106775783,0.2784413046367797,0.2784413046367797,10000,0,evaluated
29,0.3371,1.53077666015625,4.621764969437272,0.3846505318241874,0.33709999999999996,0.2546465678332806,0.2849592746626685,0.2849592746626685,10000,0,evaluated
30,0.346,1.5064294921875,4.510596886909577,0.3878908518767358,0.34600000000000003,0.26140410082007953,0.2947958786031642,0.2947958786031642,10000,0,evaluated
31,0.351,1.47608701171875,4.375789723369824,0.3948994639489055,0.351,0.27211655303308935,0.2986713631158133,0.2986713631158133,10000,0,evaluated
32,0.357,1.45280166015625,4.2750750601151175,0.4017223780692529,0.35700000000000004,0.28129446060887126,0.3048119323514419,0.3048119323514419,10000,0,evaluated
33,0.3664,1.4291375,4.175096617703676,0.4113870242343801,0.36640000000000006,0.2960756778963581,0.31396227884679645,0.31396227884679645,10000,0,evaluated
34,0.3724,1.4054373046875,4.077309377964797,0.41633589766180634,0.37239999999999995,0.2983725140477197,0.3209360997320235,0.3209360997320235,10000,0,evaluated
35,0.3752,1.38805556640625,4.007051028477152,0.4196701897635295,0.3752,0.3050300368884639,0.3233889555345342,0.3233889555345342,10000,0,evaluated
36,0.3865,1.36199013671875,3.9039549799870787,0.4338669591661676,0.38649999999999995,0.32125216760336717,0.33534933809462303,0.33534933809462303,10000,0,evaluated
37,0.3832,1.35777158203125,3.8875206213991196,0.43603500191605365,0.38320000000000004,0.3205603448290704,0.3312435306067154,0.3312435306067154,10000,0,evaluated
38,0.4002,1.33763701171875,3.8100298041469074,0.5506504509771177,0.4002,0.348454485192328,0.3480769595582688,0.3480769595582688,10000,0,evaluated
39,0.4009,1.3286314453125,3.775872362139714,0.5543769326604739,0.4008999999999999,0.3462870817642475,0.35038379490941884,0.35038379490941884,10000,0,evaluated
40,0.416,1.3067513671875,3.6941532502850123,0.5423390155997015,0.4159999999999999,0.3702918304228342,0.36513083662569074,0.36513083662569074,10000,0,evaluated
41,0.4128,1.30128408203125,3.6740113719231724,0.5571706070790956,0.4128,0.3652182882797309,0.36281582464436307,0.36281582464436307,10000,0,evaluated
42,0.4305,1.2838388671875,3.610473283404014,0.5737047667544106,0.4305,0.39094818463589115,0.3812224251779167,0.3812224251779167,10000,0,evaluated
43,0.4531,1.25881279296875,3.521238565675788,0.5739061323655592,0.45309999999999995,0.4220191441764153,0.40476445564097846,0.40476445564097846,10000,0,evaluated
44,0.4781,1.24180341796875,3.4618510029317533,0.5844358740504215,0.4781000000000001,0.45475518549058336,0.42973202002419164,0.42973202002419164,10000,0,evaluated
45,0.4647,1.244917431640625,3.472648056646328,0.5859802050020269,0.4647,0.43973958313778977,0.41693831004417276,0.41693831004417276,10000,0,evaluated
46,0.4692,1.235456396484375,3.4399481427316667,0.5826946741076893,0.4692,0.4456794442621394,0.42198946995272396,0.42198946995272396,10000,0,evaluated
47,0.497,1.216859033203125,3.376565380377723,0.5918147678174607,0.49700000000000005,0.47984712150499426,0.4501587270289023,0.4501587270289023,10000,0,evaluated
48,0.4999,1.20777119140625,3.3460187003163098,0.5967928316677,0.4998999999999999,0.48496880430671163,0.45342361890459165,0.45342361890459165,10000,0,evaluated
49,0.5103,1.197548388671875,3.3119872559415486,0.5999012768109998,0.5103000000000001,0.49589405327604197,0.46468155052728866,0.46468155052728866,10000,0,evaluated
50,0.5159,1.188921728515625,3.283538751658094,0.6024342551106311,0.5159,0.502291029623122,0.4699344579223367,0.4699344579223367,10000,0,evaluated
51,0.5233,1.1800732421875,3.254612569104359,0.6079641853387063,0.5233000000000001,0.5109461070212971,0.4781148655581257,0.4781148655581257,10000,0,evaluated
52,0.5277,1.1698517333984375,3.2215149600424837,0.6077422331679196,0.5277000000000001,0.5155376098004456,0.48294951258404717,0.48294951258404717,10000,0,evaluated
53,0.529,1.164444091796875,3.20414117965115,0.6129915602322276,0.5289999999999999,0.5175887378590901,0.48437570244531847,0.48437570244531847,10000,0,evaluated
54,0.5401,1.153183935546875,3.1682644173661894,0.6133747039572881,0.5401,0.5296810450878813,0.49564405401437517,0.49564405401437517,10000,0,evaluated
55,0.5406,1.1459841796875,3.145535606190648,0.6132633660342861,0.5406,0.5307898058067501,0.4958498410364546,0.4958498410364546,10000,0,evaluated
56,0.5432,1.1396714111328126,3.1257411126921912,0.6137144931482557,0.5432000000000001,0.5325514202227531,0.499087718005566,0.499087718005566,10000,0,evaluated
57,0.5511,1.1314933349609375,3.100282805655555,0.6149250286093079,0.5510999999999999,0.5425553064967022,0.5071930937770972,0.5071930937770972,10000,0,evaluated
58,0.5587,1.116834326171875,3.055167215566215,0.6225249476228443,0.5587000000000001,0.5513192847803685,0.5153650907631476,0.5153650907631476,10000,0,evaluated
59,0.5539,1.1168056396484376,3.0550795746973427,0.6218703036066562,0.5539,0.5446184204124624,0.5111229519721521,0.5111229519721521,10000,0,evaluated
60,0.5631,1.1067471435546874,3.0245040981695945,0.6265074377631378,0.5631,0.5558673695648391,0.5199121098109019,0.5199121098109019,10000,0,evaluated
61,0.5708,1.097629296875,2.9970524735551667,0.6292731937303042,0.5708,0.5640486041465007,0.5280465638698095,0.5280465638698095,10000,0,evaluated
62,0.577,1.0903385009765625,2.975281037660912,0.634294138102412,0.5770000000000001,0.5706049955690483,0.5348703940559099,0.5348703940559099,10000,0,evaluated
63,0.5765,1.0842322509765625,2.957168583689541,0.631946008944168,0.5765,0.5692844679261639,0.5345932622589102,0.5345932622589102,10000,0,evaluated
64,0.5717,1.0861651245117188,2.9628899441357954,0.6294487505651658,0.5717,0.563736151630953,0.5296215010082106,0.5296215010082106,10000,0,evaluated
65,0.5801,1.0736276977539063,2.9259748223347044,0.6323048357555424,0.5801000000000001,0.5744152602028069,0.5380375906584363,0.5380375906584363,10000,0,evaluated
66,0.5787,1.0690681396484376,2.912664038823004,0.632648033304821,0.5787,0.5714061992645738,0.5371986946519274,0.5371986946519274,10000,0,evaluated
67,0.5759,1.0698947021484375,2.915072532940928,0.6281026574973645,0.5759000000000001,0.5691234672743101,0.5337192436843321,0.5337192436843321,10000,0,evaluated
68,0.5813,1.061439013671875,2.890527506508924,0.6335904841332253,0.5813,0.5739779220435557,0.5399159629592173,0.5399159629592173,10000,0,evaluated
69,0.5817,1.0621283935546875,2.8925208650343164,0.6383446838825346,0.5817,0.5751512639067154,0.5409973998644783,0.5409973998644783,10000,0,evaluated
70,0.5933,1.0465651245117187,2.847852280810805,0.6417203040090552,0.5933,0.5902473712301616,0.5517842785938358,0.5517842785938358,10000,0,evaluated
71,0.5859,1.053108203125,2.866547096290202,0.644285150798267,0.5859,0.5795720263002411,0.545654815771873,0.545654815771873,10000,0,evaluated
72,0.5993,1.0399897705078125,2.829188073046242,0.6504660066159784,0.5993,0.5957121165308841,0.5594691514787884,0.5594691514787884,10000,0,evaluated
73,0.6008,1.0368863159179686,2.8204214268159333,0.6511819786313686,0.6008,0.5971667042202833,0.5611542682435907,0.5611542682435907,10000,0,evaluated
74,0.5979,1.0327114501953125,2.8086710911812816,0.6472549036552004,0.5979000000000001,0.5931236850512417,0.55796595989985,0.55796595989985,10000,0,evaluated
75,0.601,1.0281595947265625,2.7959154791900995,0.6484979545080304,0.6010000000000001,0.5977559652163269,0.5606838167176439,0.5606838167176439,10000,0,evaluated
76,0.6086,1.0194608276367187,2.771699937010476,0.6534342950482042,0.6086,0.605652921043799,0.5688310032638778,0.5688310032638778,10000,0,evaluated
77,0.6079,1.013859765625,2.7562188694675758,0.6554905038301608,0.6079000000000001,0.6043730022697271,0.5688165971086407,0.5688165971086407,10000,0,evaluated
78,0.6103,1.0087577758789064,2.742192480729233,0.655110374982671,0.6103000000000001,0.6067896865324663,0.5711821350212901,0.5711821350212901,10000,0,evaluated
79,0.6095,1.0081646850585937,2.7405665937383663,0.6528379746266129,0.6094999999999999,0.6069400406904284,0.5697222057809517,0.5697222057809517,10000,0,evaluated
80,0.6092,1.0064532592773439,2.735880328655881,0.6529139337023848,0.6092000000000001,0.6066248540571233,0.5697469000849982,0.5697469000849982,10000,0,evaluated
81,0.6187,0.9876960815429687,2.6850412246845203,0.656147068128232,0.6187,0.6158606531309595,0.579468972987456,0.579468972987456,10000,0,evaluated
82,0.6144,0.9953271240234375,2.7056092663204896,0.6575482930486405,0.6144000000000001,0.612632379885677,0.5752884531947349,0.5752884531947349,10000,0,evaluated
83,0.6109,0.9927539184570312,2.698656127260558,0.6593605624880048,0.6108999999999999,0.6056360891743136,0.5724772149529062,0.5724772149529062,10000,0,evaluated
84,0.6184,0.9900482971191407,2.6913644543600617,0.6628296579531404,0.6184000000000001,0.6160471358839237,0.5801023840474254,0.5801023840474254,10000,0,evaluated
85,0.6254,0.9767322631835937,2.655763710359658,0.663750499234391,0.6254,0.6240652717817358,0.5869158237236073,0.5869158237236073,10000,0,evaluated
86,0.6233,0.9766669006347656,2.6555901285474004,0.6628525302541346,0.6233000000000001,0.6208039322987317,0.5852156831501983,0.5852156831501983,10000,0,evaluated
87,0.6228,0.97601474609375,2.653858837981855,0.6630453251160328,0.6228,0.6191461123252703,0.5850435257865513,0.5850435257865513,10000,0,evaluated
88,0.63,0.9651817504882813,2.625264756268021,0.6683771393865611,0.6300000000000001,0.6290954224279833,0.5917755420316769,0.5917755420316769,10000,0,evaluated
89,0.629,0.9615065979003906,2.6156342153984946,0.6669943003296047,0.6289999999999999,0.6274755487837426,0.5911117831916605,0.5911117831916605,10000,0,evaluated
90,0.6279,0.9623275573730469,2.6177824267612104,0.6696063743319443,0.6279,0.6258746075362152,0.5903891182068504,0.5903891182068504,10000,0,evaluated
91,0.6328,0.9586356262207031,2.608135572987279,0.6714096750074494,0.6328000000000001,0.6314327255395275,0.5952116908480659,0.5952116908480659,10000,0,evaluated
92,0.6332,0.9513089294433594,2.5890963868310455,0.6706508974285699,0.6332000000000001,0.6304636798836836,0.5960648102088112,0.5960648102088112,10000,0,evaluated
93,0.6356,0.9436993408203125,2.569469200539231,0.6766521719537018,0.6356,0.6322913002260118,0.5995544462362111,0.5995544462362111,10000,0,evaluated
94,0.6369,0.9406146362304687,2.5615553593093288,0.6740513494063081,0.6369,0.6350954635958928,0.6000994790602749,0.6000994790602749,10000,0,evaluated
95,0.6372,0.9410199157714844,2.5625937156877217,0.6740451045518807,0.6372,0.6339258601724408,0.6007521452093314,0.6007521452093314,10000,0,evaluated
96,0.644,0.9313507019042969,2.537934857005541,0.6783635047996626,0.644,0.6426795098028739,0.6076955273502485,0.6076955273502485,10000,0,evaluated
97,0.6403,0.9387956420898438,2.5569001403114746,0.6769036764195233,0.6403,0.6397633154599277,0.6036841046346936,0.6036841046346936,10000,0,evaluated
98,0.6499,0.9222998413085938,2.5150680008778727,0.6793757926277106,0.6498999999999999,0.6492835099769643,0.6135596631004496,0.6135596631004496,10000,0,evaluated
99,0.6403,0.931837841796875,2.5391714875007216,0.6800316557839398,0.6403000000000001,0.6388572659955746,0.6042109265073907,0.6042109265073907,10000,0,evaluated
100,0.6462,0.9196083129882813,2.5083077259428537,0.6839437324208577,0.6462000000000001,0.6443545196812857,0.6107477314889659,0.6107477314889659,10000,0,evaluated
