Config,{"general": {"device": "cuda:0", "training_rounds": 100, "train_optimization": {"cudnn_benchmark": true, "pin_memory": true, "fused_optimizer": false, "torch_compile": false, "non_blocking_transfer": true}}, "dataset": "qmnist", "model": "simple_lora_mlp", "loss_function": "CrossEntropyLoss", "aggregation": "zeropadding", "client_selection": {"method": "random", "round": 1, "client_selection_round": 1, "number": 10, "random_seed": 42}, "hyperparameters": {"training_rounds": 100, "local_epochs": 5, "selected_clients": 10, "client_selection_round": 1, "client_selection_method": "random", "optimizer": "SGD", "lr": 0.01, "momentum": 0.0, "weight_decay": 0.0001, "nesterov": false, "batch_size": 64, "shuffle": true, "trainer_type": "standard", "rank_ratio_list": [0.3, 0.7, 0.9, 0.2, 0.1, 0.5, 1.0, 0.6, 0.8, 0.4]}, "effective_yaml": {"server_yaml": {"role": "server", "general": {"device": "cuda:0", "training_rounds": 100, "train_optimization": {"cudnn_benchmark": true, "pin_memory": true, "fused_optimizer": false, "torch_compile": false, "non_blocking_transfer": true}}, "training_logger": {"name": "train", "path": "./experiment_results/", "prefix": "zeropadding_", "save_weights": false}, "data_loader": {"name": "qmnist", "root": "../.dataset", "split": "", "batch_size": 64, "shuffle": true, "num_workers": 0, "is_download": true, "is_load_train_set": true, "is_load_test_set": true, "task_type": "cv"}, "nn_model": {"name": "simple_lora_mlp", "input_dim": 0, "hidden_dim": 0, "output_dim": 0, "softmax_dim": 1, "lora_mode": "standard", "rank_ratio": 1.0, "cap_lora_rank_to_matrix_dim": true, "share_model": false}, "loss_func": {"type": "CrossEntropyLoss", "reduction": "mean", "weight": "None"}, "optimizer": {"type": "SGD", "lr": 0.01, "weight_decay": 0.0001, "momentum": 0.0, "nesterov": false, "betas": [0.9, 0.999], "amsgrad": false, "eps": "1e-8", "alpha": "None", "centered": "None"}, "training": {"epochs": 5, "batch_size": 64, "shuffle": true, "lr": 0.01}, "trainer": {"trainer_type": "standard", "save_path": "./.training_results/"}, "data_distribution": {"use": "qmnist_dirichlet_0_1_seed_3", "custom_define": {"qmnist_dirichlet_0_1_seed_3": [[0, 0, 35, 0, 0, 9, 2125, 3, 402, 281], [2767, 0, 0, 1903, 0, 1479, 0, 165, 0, 2], [0, 401, 0, 0, 5645, 3, 2633, 137, 2383, 0], [16, 1468, 0, 3, 0, 45, 0, 261, 29, 1], [1157, 210, 0, 7, 0, 59, 147, 0, 20, 0], [3, 4, 6, 15, 17, 18, 5, 3921, 0, 0], [5, 1879, 5623, 3305, 0, 167, 1005, 0, 18, 1], [1289, 4, 0, 244, 165, 0, 3, 1778, 1975, 603], [1, 309, 180, 651, 15, 3509, 0, 0, 1024, 5061], [685, 2467, 114, 3, 0, 132, 0, 0, 0, 0]]}}, "client_selection": {"method": "random", "round": 1, "client_selection_round": 1, "number": 10, "random_seed": 42}, "strategy": {"role": "server", "strategy_name": "rbla"}, "aggregation": {"method": "zeropadding", "device": "cpu"}, "rank_distribution": {"rank_ratio_list": [0.3, 0.7, 0.9, 0.2, 0.1, 0.5, 1.0, 0.6, 0.8, 0.4]}, "lora_inference": {"device": "cpu", "lora_mode": "standard", "scaling": 0.5, "rank_ratio": 1, "use_bias": true, "alpha": 0}}, "client_yamls": [{"index": 0, "node_id": "client.1", "yaml": {"role": "client", "training_logger": {"name": "train", "path": "./experiment_results/", "prefix": "", "save_weights": false}, "data_loader": {"name": "qmnist", "root": "../.dataset", "split": "", "batch_size": 64, "shuffle": true, "num_workers": 0, "is_download": true, "is_load_train_set": true, "is_load_test_set": true, "task_type": "cv"}, "nn_model": {"name": "simple_lora_mlp", "input_dim": 0, "hidden_dim": 0, "output_dim": 0, "softmax_dim": 1, "lora_mode": "standard", "rank_ratio": 0.3, "cap_lora_rank_to_matrix_dim": true, "share_model": false}, "loss_func": {"type": "CrossEntropyLoss", "reduction": "mean", "weight": "None"}, "optimizer": {"type": "SGD", "lr": 0.01, "weight_decay": 0.0001, "momentum": 0.0, "nesterov": false, "betas": [0.9, 0.999], "amsgrad": false, "eps": "1e-8", "alpha": "None", "centered": "None"}, "training": {"epochs": 5, "batch_size": 64, "shuffle": true, "lr": 0.01}, "trainer": {"trainer_type": "standard", "save_path": "./.training_results/"}, "strategy": {"role": "client", "strategy_name": "rbla"}}}, {"index": 1, "node_id": "client.2", "yaml": {"role": "client", "training_logger": {"name": "train", "path": "./experiment_results/", "prefix": "", "save_weights": false}, "data_loader": {"name": "qmnist", "root": "../.dataset", "split": "", "batch_size": 64, "shuffle": true, "num_workers": 0, "is_download": true, "is_load_train_set": true, "is_load_test_set": true, "task_type": "cv"}, "nn_model": {"name": "simple_lora_mlp", "input_dim": 0, "hidden_dim": 0, "output_dim": 0, "softmax_dim": 1, "lora_mode": "standard", "rank_ratio": 0.7, "cap_lora_rank_to_matrix_dim": true, "share_model": false}, "loss_func": {"type": "CrossEntropyLoss", "reduction": "mean", "weight": "None"}, "optimizer": {"type": "SGD", "lr": 0.01, "weight_decay": 0.0001, "momentum": 0.0, "nesterov": false, "betas": [0.9, 0.999], "amsgrad": false, "eps": "1e-8", "alpha": "None", "centered": "None"}, "training": {"epochs": 5, "batch_size": 64, "shuffle": true, "lr": 0.01}, "trainer": {"trainer_type": "standard", "save_path": "./.training_results/"}, "strategy": {"role": "client", "strategy_name": "rbla"}}}, {"index": 2, "node_id": "client.3", "yaml": {"role": "client", "training_logger": {"name": "train", "path": "./experiment_results/", "prefix": "", "save_weights": false}, "data_loader": {"name": "qmnist", "root": "../.dataset", "split": "", "batch_size": 64, "shuffle": true, "num_workers": 0, "is_download": true, "is_load_train_set": true, "is_load_test_set": true, "task_type": "cv"}, "nn_model": {"name": "simple_lora_mlp", "input_dim": 0, "hidden_dim": 0, "output_dim": 0, "softmax_dim": 1, "lora_mode": "standard", "rank_ratio": 0.9, "cap_lora_rank_to_matrix_dim": true, "share_model": false}, "loss_func": {"type": "CrossEntropyLoss", "reduction": "mean", "weight": "None"}, "optimizer": {"type": "SGD", "lr": 0.01, "weight_decay": 0.0001, "momentum": 0.0, "nesterov": false, "betas": [0.9, 0.999], "amsgrad": false, "eps": "1e-8", "alpha": "None", "centered": "None"}, "training": {"epochs": 5, "batch_size": 64, "shuffle": true, "lr": 0.01}, "trainer": {"trainer_type": "standard", "save_path": "./.training_results/"}, "strategy": {"role": "client", "strategy_name": "rbla"}}}, {"index": 3, "node_id": "client.4", "yaml": {"role": "client", "training_logger": {"name": "train", "path": "./experiment_results/", "prefix": "", "save_weights": false}, "data_loader": {"name": "qmnist", "root": "../.dataset", "split": "", "batch_size": 64, "shuffle": true, "num_workers": 0, "is_download": true, "is_load_train_set": true, "is_load_test_set": true, "task_type": "cv"}, "nn_model": {"name": "simple_lora_mlp", "input_dim": 0, "hidden_dim": 0, "output_dim": 0, "softmax_dim": 1, "lora_mode": "standard", "rank_ratio": 0.2, "cap_lora_rank_to_matrix_dim": true, "share_model": false}, "loss_func": {"type": "CrossEntropyLoss", "reduction": "mean", "weight": "None"}, "optimizer": {"type": "SGD", "lr": 0.01, "weight_decay": 0.0001, "momentum": 0.0, "nesterov": false, "betas": [0.9, 0.999], "amsgrad": false, "eps": "1e-8", "alpha": "None", "centered": "None"}, "training": {"epochs": 5, "batch_size": 64, "shuffle": true, "lr": 0.01}, "trainer": {"trainer_type": "standard", "save_path": "./.training_results/"}, "strategy": {"role": "client", "strategy_name": "rbla"}}}, {"index": 4, "node_id": "client.5", "yaml": {"role": "client", "training_logger": {"name": "train", "path": "./experiment_results/", "prefix": "", "save_weights": false}, "data_loader": {"name": "qmnist", "root": "../.dataset", "split": "", "batch_size": 64, "shuffle": true, "num_workers": 0, "is_download": true, "is_load_train_set": true, "is_load_test_set": true, "task_type": "cv"}, "nn_model": {"name": "simple_lora_mlp", "input_dim": 0, "hidden_dim": 0, "output_dim": 0, "softmax_dim": 1, "lora_mode": "standard", "rank_ratio": 0.1, "cap_lora_rank_to_matrix_dim": true, "share_model": false}, "loss_func": {"type": "CrossEntropyLoss", "reduction": "mean", "weight": "None"}, "optimizer": {"type": "SGD", "lr": 0.01, "weight_decay": 0.0001, "momentum": 0.0, "nesterov": false, "betas": [0.9, 0.999], "amsgrad": false, "eps": "1e-8", "alpha": "None", "centered": "None"}, "training": {"epochs": 5, "batch_size": 64, "shuffle": true, "lr": 0.01}, "trainer": {"trainer_type": "standard", "save_path": "./.training_results/"}, "strategy": {"role": "client", "strategy_name": "rbla"}}}, {"index": 5, "node_id": "client.6", "yaml": {"role": "client", "training_logger": {"name": "train", "path": "./experiment_results/", "prefix": "", "save_weights": false}, "data_loader": {"name": "qmnist", "root": "../.dataset", "split": "", "batch_size": 64, "shuffle": true, "num_workers": 0, "is_download": true, "is_load_train_set": true, "is_load_test_set": true, "task_type": "cv"}, "nn_model": {"name": "simple_lora_mlp", "input_dim": 0, "hidden_dim": 0, "output_dim": 0, "softmax_dim": 1, "lora_mode": "standard", "rank_ratio": 0.5, "cap_lora_rank_to_matrix_dim": true, "share_model": false}, "loss_func": {"type": "CrossEntropyLoss", "reduction": "mean", "weight": "None"}, "optimizer": {"type": "SGD", "lr": 0.01, "weight_decay": 0.0001, "momentum": 0.0, "nesterov": false, "betas": [0.9, 0.999], "amsgrad": false, "eps": "1e-8", "alpha": "None", "centered": "None"}, "training": {"epochs": 5, "batch_size": 64, "shuffle": true, "lr": 0.01}, "trainer": {"trainer_type": "standard", "save_path": "./.training_results/"}, "strategy": {"role": "client", "strategy_name": "rbla"}}}, {"index": 6, "node_id": "client.7", "yaml": {"role": "client", "training_logger": {"name": "train", "path": "./experiment_results/", "prefix": "", "save_weights": false}, "data_loader": {"name": "qmnist", "root": "../.dataset", "split": "", "batch_size": 64, "shuffle": true, "num_workers": 0, "is_download": true, "is_load_train_set": true, "is_load_test_set": true, "task_type": "cv"}, "nn_model": {"name": "simple_lora_mlp", "input_dim": 0, "hidden_dim": 0, "output_dim": 0, "softmax_dim": 1, "lora_mode": "standard", "rank_ratio": 1.0, "cap_lora_rank_to_matrix_dim": true, "share_model": false}, "loss_func": {"type": "CrossEntropyLoss", "reduction": "mean", "weight": "None"}, "optimizer": {"type": "SGD", "lr": 0.01, "weight_decay": 0.0001, "momentum": 0.0, "nesterov": false, "betas": [0.9, 0.999], "amsgrad": false, "eps": "1e-8", "alpha": "None", "centered": "None"}, "training": {"epochs": 5, "batch_size": 64, "shuffle": true, "lr": 0.01}, "trainer": {"trainer_type": "standard", "save_path": "./.training_results/"}, "strategy": {"role": "client", "strategy_name": "rbla"}}}, {"index": 7, "node_id": "client.8", "yaml": {"role": "client", "training_logger": {"name": "train", "path": "./experiment_results/", "prefix": "", "save_weights": false}, "data_loader": {"name": "qmnist", "root": "../.dataset", "split": "", "batch_size": 64, "shuffle": true, "num_workers": 0, "is_download": true, "is_load_train_set": true, "is_load_test_set": true, "task_type": "cv"}, "nn_model": {"name": "simple_lora_mlp", "input_dim": 0, "hidden_dim": 0, "output_dim": 0, "softmax_dim": 1, "lora_mode": "standard", "rank_ratio": 0.6, "cap_lora_rank_to_matrix_dim": true, "share_model": false}, "loss_func": {"type": "CrossEntropyLoss", "reduction": "mean", "weight": "None"}, "optimizer": {"type": "SGD", "lr": 0.01, "weight_decay": 0.0001, "momentum": 0.0, "nesterov": false, "betas": [0.9, 0.999], "amsgrad": false, "eps": "1e-8", "alpha": "None", "centered": "None"}, "training": {"epochs": 5, "batch_size": 64, "shuffle": true, "lr": 0.01}, "trainer": {"trainer_type": "standard", "save_path": "./.training_results/"}, "strategy": {"role": "client", "strategy_name": "rbla"}}}, {"index": 8, "node_id": "client.9", "yaml": {"role": "client", "training_logger": {"name": "train", "path": "./experiment_results/", "prefix": "", "save_weights": false}, "data_loader": {"name": "qmnist", "root": "../.dataset", "split": "", "batch_size": 64, "shuffle": true, "num_workers": 0, "is_download": true, "is_load_train_set": true, "is_load_test_set": true, "task_type": "cv"}, "nn_model": {"name": "simple_lora_mlp", "input_dim": 0, "hidden_dim": 0, "output_dim": 0, "softmax_dim": 1, "lora_mode": "standard", "rank_ratio": 0.8, "cap_lora_rank_to_matrix_dim": true, "share_model": false}, "loss_func": {"type": "CrossEntropyLoss", "reduction": "mean", "weight": "None"}, "optimizer": {"type": "SGD", "lr": 0.01, "weight_decay": 0.0001, "momentum": 0.0, "nesterov": false, "betas": [0.9, 0.999], "amsgrad": false, "eps": "1e-8", "alpha": "None", "centered": "None"}, "training": {"epochs": 5, "batch_size": 64, "shuffle": true, "lr": 0.01}, "trainer": {"trainer_type": "standard", "save_path": "./.training_results/"}, "strategy": {"role": "client", "strategy_name": "rbla"}}}, {"index": 9, "node_id": "client.10", "yaml": {"role": "client", "training_logger": {"name": "train", "path": "./experiment_results/", "prefix": "", "save_weights": false}, "data_loader": {"name": "qmnist", "root": "../.dataset", "split": "", "batch_size": 64, "shuffle": true, "num_workers": 0, "is_download": true, "is_load_train_set": true, "is_load_test_set": true, "task_type": "cv"}, "nn_model": {"name": "simple_lora_mlp", "input_dim": 0, "hidden_dim": 0, "output_dim": 0, "softmax_dim": 1, "lora_mode": "standard", "rank_ratio": 0.4, "cap_lora_rank_to_matrix_dim": true, "share_model": false}, "loss_func": {"type": "CrossEntropyLoss", "reduction": "mean", "weight": "None"}, "optimizer": {"type": "SGD", "lr": 0.01, "weight_decay": 0.0001, "momentum": 0.0, "nesterov": false, "betas": [0.9, 0.999], "amsgrad": false, "eps": "1e-8", "alpha": "None", "centered": "None"}, "training": {"epochs": 5, "batch_size": 64, "shuffle": true, "lr": 0.01}, "trainer": {"trainer_type": "standard", "save_path": "./.training_results/"}, "strategy": {"role": "client", "strategy_name": "rbla"}}}]}, "effective_client_rank_ratios": [0.3, 0.7, 0.9, 0.2, 0.1, 0.5, 1.0, 0.6, 0.8, 0.4], "effective_client_share_model": [false, false, false, false, false, false, false, false, false, false], "rank_distribution": {"rank_ratio_list": [0.3, 0.7, 0.9, 0.2, 0.1, 0.5, 1.0, 0.6, 0.8, 0.4]}, "rank_ratio_list": [0.3, 0.7, 0.9, 0.2, 0.1, 0.5, 1.0, 0.6, 0.8, 0.4], "rank_ratio_list_str": "[0.3, 0.7, 0.9, 0.2, 0.1, 0.5, 1.0, 0.6, 0.8, 0.4]", "epoch": 5, "batch_size": 64}

round,accuracy,average_loss,perplexity,precision,recall,f1_score,matthews_correlation,mcc,total_test_samples,invalid_label_samples,evaluation_status
0,0.10146666666666666,2.2916212239583333,9.890960151225698,0.16162174933045778,0.10386233819586559,0.05797022390089723,0.0039993248293850835,0.0039993248293850835,60000,0,evaluated
1,0.10743333333333334,2.2899877604166665,9.874816816790188,0.18013289156818427,0.10756480441349434,0.05950360721157172,0.011271589390124223,0.011271589390124223,60000,0,evaluated
2,0.11471666666666666,2.2879940104166665,9.855148514116129,0.20163653528221187,0.11419987217378982,0.05875842609673758,0.02637848926164007,0.02637848926164007,60000,0,evaluated
3,0.11891666666666667,2.2851333333333335,9.826996402857219,0.22186090725008184,0.11811842714475167,0.05896190220224694,0.03879145196518408,0.03879145196518408,60000,0,evaluated
4,0.12245,2.28173671875,9.793674506420793,0.2432519052103693,0.12155904885536742,0.06101351917076031,0.0499511419406193,0.0499511419406193,60000,0,evaluated
5,0.12371666666666667,2.278112890625,9.75824814159457,0.26306675074257646,0.12276154977703099,0.060170540293324956,0.056201270661802284,0.056201270661802284,60000,0,evaluated
6,0.12165,2.2746506510416666,9.724521167737427,0.2865171475679881,0.12057966481009066,0.05396965639736031,0.055889341842153856,0.055889341842153856,60000,0,evaluated
7,0.1188,2.2718055989583332,9.696893717932001,0.29444893782297793,0.11765306020789305,0.04749931143817331,0.05002869756287271,0.05002869756287271,60000,0,evaluated
8,0.12178333333333333,2.2708794270833335,9.687916885382197,0.1025404907634097,0.1206514349387597,0.05064898609123075,0.05467544335866635,0.05467544335866635,60000,0,evaluated
9,0.13583333333333333,2.273365494791667,9.712031665780204,0.11295864230252262,0.13488244360690094,0.06464542965202387,0.07133363553258862,0.07133363553258862,60000,0,evaluated
10,0.14923333333333333,2.2789635416666667,9.766552537111647,0.12475897942534822,0.14817499565507802,0.07489961626948043,0.08265328865490999,0.08265328865490999,60000,0,evaluated
11,0.17041666666666666,2.2845622395833334,9.821385868853215,0.14080965085106323,0.1675464441530413,0.09363761308214932,0.10448205816604954,0.10448205816604954,60000,0,evaluated
12,0.2009,2.286732161458333,9.842720647923413,0.144515571183025,0.19311049162874,0.11142907854061423,0.14059889146325918,0.14059889146325918,60000,0,evaluated
13,0.21056666666666668,2.2874618489583334,9.849905379131684,0.1527198327645042,0.20057060766981344,0.10466009334618627,0.1485307807616781,0.1485307807616781,60000,0,evaluated
14,0.22358333333333333,2.2843390625,9.819194205174362,0.1543126338163256,0.2114364680886735,0.10676952905167178,0.1600016582924632,0.1600016582924632,60000,0,evaluated
15,0.22085,2.278640885416667,9.763401806223438,0.15784225810941982,0.20804649832185476,0.09938194259982971,0.15717905369890534,0.15717905369890534,60000,0,evaluated
16,0.23355,2.2729045572916666,9.707556057751285,0.16258081939116548,0.22026703227127423,0.109955348987042,0.17113254306106432,0.17113254306106432,60000,0,evaluated
17,0.22825,2.262267578125,9.604844226455707,0.16319275718840218,0.2147977800443032,0.1007172339959711,0.1654469515381983,0.1654469515381983,60000,0,evaluated
18,0.22896666666666668,2.2468524739583335,9.457919888588513,0.16431793436359518,0.21528404130855386,0.10739135440161782,0.16994432118990868,0.16994432118990868,60000,0,evaluated
19,0.23565,2.2307455729166668,9.30680239320359,0.1679050454135694,0.2221995686885978,0.10886561829970413,0.1755374743478838,0.1755374743478838,60000,0,evaluated
20,0.22673333333333334,2.198076171875,9.007667615235267,0.1650552532067292,0.21295478844471338,0.10378330640266305,0.1692113781813865,0.1692113781813865,60000,0,evaluated
21,0.23501666666666668,2.1725653645833334,8.780781076641363,0.1671896835389884,0.22142874817328795,0.11343415269691785,0.17762090939554986,0.17762090939554986,60000,0,evaluated
22,0.24198333333333333,2.1435789713541666,8.529911372485865,0.17052758050792333,0.22853027659614158,0.12145156758356572,0.18598579293957493,0.18598579293957493,60000,0,evaluated
23,0.24065,2.10458515625,8.203699050311108,0.16945979244007084,0.22712918849147262,0.12094198995043999,0.1858006855196423,0.1858006855196423,60000,0,evaluated
24,0.25526666666666664,2.0780444661458333,7.988831199373652,0.17426216446502407,0.24222083633803254,0.13417851469723624,0.20081751850991045,0.20081751850991045,60000,0,evaluated
25,0.24553333333333333,2.032797395833333,7.635415791758818,0.16853277421472174,0.232033906422381,0.12995822481199595,0.1929303520088076,0.1929303520088076,60000,0,evaluated
26,0.26763333333333333,1.989422802734375,7.311312474600432,0.16705275680953507,0.254522667874842,0.15500908802139474,0.21662561199119812,0.21662561199119812,60000,0,evaluated
27,0.28128333333333333,1.9524423665364583,7.045875192611672,0.16020072498035434,0.26823990215737425,0.16942463422610432,0.23222072747442737,0.23222072747442737,60000,0,evaluated
28,0.29318333333333335,1.9096698567708332,6.750859679972936,0.20219104763477533,0.2803902420212525,0.1790267889438299,0.24484795722344843,0.24484795722344843,60000,0,evaluated
29,0.30328333333333335,1.8649748372395833,6.4557734388670776,0.42113370755352386,0.29051890097135497,0.18715279782522012,0.2562703849717271,0.2562703849717271,60000,0,evaluated
30,0.31446666666666667,1.8250395670572916,6.203040450306218,0.420714517434832,0.30186446546565665,0.19681332864108275,0.26898725230521553,0.26898725230521553,60000,0,evaluated
31,0.32208333333333333,1.7792157552083334,5.925207782652055,0.43543692154425645,0.30959877305154415,0.206846350607289,0.277193533501594,0.277193533501594,60000,0,evaluated
32,0.3329166666666667,1.7458949544270834,5.731028190041567,0.4297751151849445,0.3206463053188199,0.2150763111116186,0.28814152427425044,0.28814152427425044,60000,0,evaluated
33,0.3455666666666667,1.7020456298828126,5.485156523046843,0.43808040399804893,0.3336346837716158,0.2340805209688021,0.3018910499895102,0.3018910499895102,60000,0,evaluated
34,0.3636,1.6553378784179686,5.234848365685901,0.43048551978088756,0.352130588895726,0.25480942110525184,0.32037809100816306,0.32037809100816306,60000,0,evaluated
35,0.37255,1.6246634765625,5.076710317676831,0.5243878502370345,0.3613658023782332,0.2640621400000457,0.3298894060008809,0.3298894060008809,60000,0,evaluated
36,0.38521666666666665,1.5821473815917968,4.865392455694069,0.5180898032829189,0.37429213882239465,0.28403102084135384,0.3421028880158994,0.3421028880158994,60000,0,evaluated
37,0.3962,1.5526686767578124,4.724060365654506,0.5205068335692287,0.3855672113439835,0.2981158332517705,0.3540066501033693,0.3540066501033693,60000,0,evaluated
38,0.4093833333333333,1.523219989013672,4.586971438668468,0.5183815475819366,0.3989525803567187,0.3194513420615657,0.36674826939076494,0.36674826939076494,60000,0,evaluated
39,0.4191166666666667,1.496799637858073,4.467368969282694,0.5640025122910483,0.4088406578176599,0.3290784473834509,0.37742145687969747,0.37742145687969747,60000,0,evaluated
40,0.4409666666666667,1.4572686909993489,4.294214669050383,0.5508834307008348,0.431274050488342,0.3624870551083444,0.39920185212960596,0.39920185212960596,60000,0,evaluated
41,0.44888333333333336,1.432350072224935,4.188530985017528,0.5581645040397949,0.4394319739741923,0.36902736702137456,0.4071959678731211,0.4071959678731211,60000,0,evaluated
42,0.4634333333333333,1.4095298990885416,4.094030344224077,0.5730702626451789,0.45436273989137055,0.3950533295237805,0.42198222433427135,0.42198222433427135,60000,0,evaluated
43,0.4784,1.3791456939697266,3.971507295170366,0.5750341350922618,0.4695054393866219,0.41505812494566063,0.4367594383341717,0.4367594383341717,60000,0,evaluated
44,0.4849333333333333,1.363094394938151,3.908268335452711,0.5820739141952065,0.47618014116795554,0.42426416742335754,0.4433540107271966,0.4433540107271966,60000,0,evaluated
45,0.49328333333333335,1.340588815307617,3.8212928788105205,0.578760439068003,0.4847928147405409,0.4317838461978429,0.45174769819298927,0.45174769819298927,60000,0,evaluated
46,0.5028833333333333,1.321824164835612,3.7502562269530815,0.5849814408545337,0.49469095986581124,0.45148258787317763,0.46147257409839715,0.46147257409839715,60000,0,evaluated
47,0.5128833333333334,1.2986370763142903,3.6642991027044536,0.5864338749141348,0.5045443909638888,0.46155195836438334,0.47181158015870206,0.47181158015870206,60000,0,evaluated
48,0.5297666666666667,1.2701200276692708,3.561279988840186,0.5927569747512614,0.5222916705792543,0.48607056684324446,0.4884601144656854,0.4884601144656854,60000,0,evaluated
49,0.5306333333333333,1.2603730356852214,3.52673684070723,0.5939777626399698,0.523111455139653,0.48385162724816483,0.4896343438061677,0.4896343438061677,60000,0,evaluated
50,0.5417666666666666,1.2421251022338866,3.4629648050643493,0.603264132344505,0.5345744985552214,0.5022488241931169,0.5006965958883365,0.5006965958883365,60000,0,evaluated
51,0.55505,1.218969524637858,3.383699117889875,0.6122117833039723,0.5483516642797361,0.5200986643851925,0.5146087988800931,0.5146087988800931,60000,0,evaluated
52,0.5506333333333333,1.2192060953776043,3.3844996967863104,0.6119291858114438,0.5434132099638498,0.5152817802540532,0.5102014384128708,0.5102014384128708,60000,0,evaluated
53,0.5592333333333334,1.2018912190755209,3.3264019324856458,0.6066688057749994,0.5521184480463969,0.5276428304538515,0.5189302841535531,0.5189302841535531,60000,0,evaluated
54,0.5734333333333334,1.1747437138875325,3.237313159106964,0.611382978388215,0.5667698868036699,0.5439393187639269,0.5333237811940665,0.5333237811940665,60000,0,evaluated
55,0.5733333333333334,1.1685088272094726,3.2171916712001885,0.6152003805506089,0.5665974394920152,0.5429348404610462,0.5333495758005692,0.5333495758005692,60000,0,evaluated
56,0.5823666666666667,1.1516902636210125,3.163535602280616,0.6183819949488771,0.5756691840106138,0.5538350736325321,0.542803247622064,0.542803247622064,60000,0,evaluated
57,0.5892,1.135921418762207,3.1140415576984477,0.6243965552721108,0.5828928875954223,0.5641167988667142,0.5498491290329004,0.5498491290329004,60000,0,evaluated
58,0.5921666666666666,1.1291653762817382,3.0930738696983417,0.6244339355888834,0.5854419718878803,0.5663226108266755,0.5531804450684306,0.5531804450684306,60000,0,evaluated
59,0.6003833333333334,1.1127894879659017,3.0428345171861615,0.6316526238019323,0.5942168882238789,0.5775052625564085,0.5616280800918724,0.5616280800918724,60000,0,evaluated
60,0.6018666666666667,1.1086428319295247,3.030243053344805,0.6305413573447446,0.5950850916337064,0.5782166901769574,0.5630439028407411,0.5630439028407411,60000,0,evaluated
61,0.60845,1.0921980883280435,2.980818980193711,0.6368860522902471,0.6025664036093386,0.5879840990953725,0.569977681777401,0.569977681777401,60000,0,evaluated
62,0.6101333333333333,1.0855600875854492,2.961097828513854,0.6364691776999118,0.6041833512854656,0.5886296384632876,0.5717463816973297,0.5717463816973297,60000,0,evaluated
63,0.6179833333333333,1.0709889162699382,2.918263992223149,0.6429644342182617,0.6117968420020511,0.5983445176761857,0.5799470815814357,0.5799470815814357,60000,0,evaluated
64,0.6192,1.0627764228820802,2.8943959108616797,0.6417753428698785,0.6131159110679828,0.5992449226009354,0.5813977222731687,0.5813977222731687,60000,0,evaluated
65,0.6265,1.0465526102701823,2.8478166423224978,0.6511459366201164,0.620881250917438,0.6089623781665962,0.5892844630278706,0.5892844630278706,60000,0,evaluated
66,0.6283166666666666,1.0417503898620606,2.8341735838300113,0.6502061220332221,0.6225092154222134,0.6107544395135761,0.5912626802974326,0.5912626802974326,60000,0,evaluated
67,0.6329166666666667,1.0261253395080567,2.7902336546360553,0.6528932254819644,0.6271849577752368,0.6155520617445156,0.5961727903263101,0.5961727903263101,60000,0,evaluated
68,0.6340166666666667,1.0209103541056315,2.775720502687264,0.6549594402608583,0.6284547771099882,0.6167952066842775,0.5973757861235686,0.5973757861235686,60000,0,evaluated
69,0.6393,1.0143039881388347,2.757443515930076,0.658062505275153,0.6339903093287902,0.6222021986380624,0.6030248980879719,0.6030248980879719,60000,0,evaluated
70,0.64125,1.0053958000183105,2.732988775789862,0.6590786668828861,0.6357101114978038,0.6251418237036805,0.6050081341026041,0.6050081341026041,60000,0,evaluated
71,0.6434166666666666,0.9947053080240885,2.7039273981511647,0.660781040233881,0.6380223147126322,0.6269819952681941,0.6073785160406758,0.6073785160406758,60000,0,evaluated
72,0.6498666666666667,0.9858459332784016,2.6800780930028663,0.6655910263718928,0.6445945811206792,0.6335628958408384,0.6144143053286502,0.6144143053286502,60000,0,evaluated
73,0.65535,0.9728720476786296,2.6455316517888585,0.6700681880558076,0.6502624195639745,0.6406025977699414,0.6202230744727124,0.6202230744727124,60000,0,evaluated
74,0.6529,0.9772037209828695,2.657016086071892,0.6715734393363773,0.6471877288621973,0.6364765939931738,0.6179136780668494,0.6179136780668494,60000,0,evaluated
75,0.6573166666666667,0.9657220288594563,2.6266835132617885,0.6727262304025372,0.6519704879341908,0.6415606554743991,0.622607704934681,0.622607704934681,60000,0,evaluated
76,0.6596,0.9571653774261475,2.6043037823380915,0.6761004185982926,0.6544531536601335,0.6457159314033759,0.6249224317336028,0.6249224317336028,60000,0,evaluated
77,0.6649333333333334,0.947358225886027,2.5788878133271416,0.6769869669985508,0.659879242259489,0.6508932189743479,0.6305830319079522,0.6305830319079522,60000,0,evaluated
78,0.6647333333333333,0.9447694632212321,2.5722203188433235,0.6775975318826453,0.6594864396566027,0.6490346229425155,0.6307640374226933,0.6307640374226933,60000,0,evaluated
79,0.6662,0.9425402320861817,2.566492631763498,0.6795627380704438,0.6606693975844585,0.6507232296723511,0.6322993434703951,0.6322993434703951,60000,0,evaluated
80,0.66935,0.9352701733907064,2.5479017400093285,0.682897599565985,0.6644437804981663,0.6556292691448534,0.6355826540130401,0.6355826540130401,60000,0,evaluated
81,0.6731666666666667,0.9269704401652018,2.526842349833168,0.6850065270244436,0.6680540220181285,0.6593212120632729,0.6396621750583255,0.6396621750583255,60000,0,evaluated
82,0.6761166666666667,0.9171211201985677,2.502076832980622,0.686875866776892,0.671336148411741,0.662129202408307,0.6429038448918514,0.6429038448918514,60000,0,evaluated
83,0.6751166666666667,0.916779563776652,2.5012223785007053,0.6874828748832791,0.6704497358456207,0.6613548236892826,0.6419570111024681,0.6419570111024681,60000,0,evaluated
84,0.6801166666666667,0.9061237253189087,2.4747112568574416,0.6907848985882155,0.6754233581778826,0.6667159449058857,0.6473832067136691,0.6473832067136691,60000,0,evaluated
85,0.6837833333333333,0.8967164289474487,2.451540074601633,0.6945668922604408,0.6791541683777627,0.6700306429900944,0.6514379912424972,0.6514379912424972,60000,0,evaluated
86,0.6792833333333334,0.9026673815409343,2.4661725688236324,0.6938236816553779,0.6743613486250044,0.6649365676552285,0.6468540177256557,0.6468540177256557,60000,0,evaluated
87,0.6842666666666667,0.8930666259129842,2.44260874490991,0.6968998796282285,0.67938964724411,0.6695672519689142,0.6522507181744526,0.6522507181744526,60000,0,evaluated
88,0.68475,0.888113418896993,2.430539912524902,0.6986625379894804,0.6799310991037887,0.667045359641949,0.6531836024114245,0.6531836024114245,60000,0,evaluated
89,0.6938666666666666,0.873667879931132,2.3956818315552217,0.7014106022653397,0.6894673954207198,0.6818139355583513,0.6621823544602305,0.6621823544602305,60000,0,evaluated
90,0.6906,0.8763057481765747,2.402009666913569,0.7005923297833782,0.6859913656447201,0.6781488680895751,0.658818123291082,0.658818123291082,60000,0,evaluated
91,0.691,0.873120833905538,2.3943716417304235,0.7006252004806374,0.6862087546418585,0.6766122306527632,0.6594503354723625,0.6594503354723625,60000,0,evaluated
92,0.6933333333333334,0.8662176450093587,2.377899761662249,0.7022368939508805,0.6885031012295754,0.6804595527648271,0.6617451538319382,0.6617451538319382,60000,0,evaluated
93,0.6919666666666666,0.8676284599304199,2.3812569057244195,0.7037450578291761,0.686993948635337,0.6770621622690639,0.6607169095435262,0.6607169095435262,60000,0,evaluated
94,0.6964166666666667,0.8612630827585857,2.3661474470950536,0.7073897701752574,0.6918576442659213,0.6847576812166737,0.6652420837472548,0.6652420837472548,60000,0,evaluated
95,0.7004333333333334,0.8510757011413574,2.3421649668417093,0.7090753199678865,0.6958501273826976,0.6890005554094543,0.6694846463127835,0.6694846463127835,60000,0,evaluated
96,0.6996,0.848424128850301,2.335962773530396,0.7096827042825142,0.694875724034819,0.6864634312982794,0.6689308685159889,0.6689308685159889,60000,0,evaluated
97,0.7024666666666667,0.8433966829299927,2.324248318582754,0.712088706064069,0.6978149703423174,0.689769027353372,0.6720161688833186,0.6720161688833186,60000,0,evaluated
98,0.70545,0.8373250497182211,2.310179090118146,0.7142780049986188,0.7008250164998894,0.6926355423827417,0.6752465234939213,0.6752465234939213,60000,0,evaluated
99,0.7053333333333334,0.8342198274612427,2.303016596911869,0.7146654496916375,0.7007529173323164,0.6916133887444585,0.6752868831208908,0.6752868831208908,60000,0,evaluated
100,0.7093333333333334,0.8273623057683309,2.2872776374451846,0.7172336859904967,0.7048559133985011,0.6974260688204392,0.6794015665691188,0.6794015665691188,60000,0,evaluated
