Config,{"general": {"device": "cuda:0", "training_rounds": 100, "train_optimization": {"cudnn_benchmark": true, "pin_memory": true, "fused_optimizer": false, "torch_compile": false, "non_blocking_transfer": true}}, "dataset": "qmnist", "model": "simple_lora_mlp", "loss_function": "CrossEntropyLoss", "aggregation": "sp", "client_selection": {"method": "random", "round": 1, "client_selection_round": 1, "number": 10, "random_seed": 42}, "hyperparameters": {"training_rounds": 100, "local_epochs": 5, "selected_clients": 10, "client_selection_round": 1, "client_selection_method": "random", "optimizer": "SGD", "lr": 0.01, "momentum": 0.0, "weight_decay": 0.0001, "nesterov": false, "batch_size": 64, "shuffle": true, "trainer_type": "standard", "rank_ratio_list": [0.6, 0.1, 0.3, 0.7, 1.0, 0.4, 0.5, 0.8, 0.9, 0.2]}, "effective_yaml": {"server_yaml": {"role": "server", "general": {"device": "cuda:0", "training_rounds": 100, "train_optimization": {"cudnn_benchmark": true, "pin_memory": true, "fused_optimizer": false, "torch_compile": false, "non_blocking_transfer": true}}, "training_logger": {"name": "train", "path": "./experiment_results/", "prefix": "sp_", "save_weights": false}, "data_loader": {"name": "qmnist", "root": "../.dataset", "split": "", "batch_size": 64, "shuffle": true, "num_workers": 0, "is_download": true, "is_load_train_set": true, "is_load_test_set": true, "task_type": "cv"}, "nn_model": {"name": "simple_lora_mlp", "input_dim": 0, "hidden_dim": 0, "output_dim": 0, "softmax_dim": 1, "lora_mode": "standard", "rank_ratio": 1.0, "cap_lora_rank_to_matrix_dim": true, "share_model": false}, "loss_func": {"type": "CrossEntropyLoss", "reduction": "mean", "weight": "None"}, "optimizer": {"type": "SGD", "lr": 0.01, "weight_decay": 0.0001, "momentum": 0.0, "nesterov": false, "betas": [0.9, 0.999], "amsgrad": false, "eps": "1e-8", "alpha": "None", "centered": "None"}, "training": {"epochs": 5, "batch_size": 64, "shuffle": true, "lr": 0.01}, "trainer": {"trainer_type": "standard", "save_path": "./.training_results/"}, "data_distribution": {"use": "qmnist_dirichlet_0_8_seed_1", "custom_define": {"qmnist_dirichlet_0_8_seed_1": [[430, 342, 1067, 120, 350, 306, 48, 838, 1906, 50], [2555, 616, 1020, 1907, 535, 577, 977, 246, 182, 753], [290, 523, 195, 707, 240, 43, 69, 4038, 391, 197], [301, 1212, 656, 349, 442, 76, 238, 870, 595, 399], [15, 384, 126, 486, 269, 330, 2239, 35, 18, 210], [487, 52, 43, 23, 742, 1888, 64, 112, 23, 3143], [1067, 745, 214, 276, 928, 827, 438, 1, 1213, 216], [342, 90, 532, 139, 1375, 992, 680, 36, 654, 146], [292, 1284, 1174, 287, 475, 2, 11, 27, 316, 560], [144, 1494, 931, 1837, 486, 380, 1154, 62, 553, 275]]}}, "client_selection": {"method": "random", "round": 1, "client_selection_round": 1, "number": 10, "random_seed": 42}, "strategy": {"role": "server", "strategy_name": "sp"}, "aggregation": {"method": "sp", "device": "cpu", "is_wbab": false}, "rank_distribution": {"rank_ratio_list": [0.6, 0.1, 0.3, 0.7, 1.0, 0.4, 0.5, 0.8, 0.9, 0.2]}, "lora_inference": {"device": "cpu", "lora_mode": "standard", "scaling": 0.5, "rank_ratio": 1, "use_bias": true, "alpha": 0}}, "client_yamls": [{"index": 0, "node_id": "client.1", "yaml": {"role": "client", "training_logger": {"name": "train", "path": "./experiment_results/", "prefix": "", "save_weights": false}, "data_loader": {"name": "qmnist", "root": "../.dataset", "split": "", "batch_size": 64, "shuffle": true, "num_workers": 0, "is_download": true, "is_load_train_set": true, "is_load_test_set": true, "task_type": "cv"}, "nn_model": {"name": "simple_lora_mlp", "input_dim": 0, "hidden_dim": 0, "output_dim": 0, "softmax_dim": 1, "lora_mode": "standard", "rank_ratio": 0.6, "cap_lora_rank_to_matrix_dim": true, "share_model": false}, "loss_func": {"type": "CrossEntropyLoss", "reduction": "mean", "weight": "None"}, "optimizer": {"type": "SGD", "lr": 0.01, "weight_decay": 0.0001, "momentum": 0.0, "nesterov": false, "betas": [0.9, 0.999], "amsgrad": false, "eps": "1e-8", "alpha": "None", "centered": "None"}, "training": {"epochs": 5, "batch_size": 64, "shuffle": true, "lr": 0.01}, "trainer": {"trainer_type": "standard", "save_path": "./.training_results/"}, "strategy": {"role": "client", "strategy_name": "sp"}}}, {"index": 1, "node_id": "client.2", "yaml": {"role": "client", "training_logger": {"name": "train", "path": "./experiment_results/", "prefix": "", "save_weights": false}, "data_loader": {"name": "qmnist", "root": "../.dataset", "split": "", "batch_size": 64, "shuffle": true, "num_workers": 0, "is_download": true, "is_load_train_set": true, "is_load_test_set": true, "task_type": "cv"}, "nn_model": {"name": "simple_lora_mlp", "input_dim": 0, "hidden_dim": 0, "output_dim": 0, "softmax_dim": 1, "lora_mode": "standard", "rank_ratio": 0.1, "cap_lora_rank_to_matrix_dim": true, "share_model": false}, "loss_func": {"type": "CrossEntropyLoss", "reduction": "mean", "weight": "None"}, "optimizer": {"type": "SGD", "lr": 0.01, "weight_decay": 0.0001, "momentum": 0.0, "nesterov": false, "betas": [0.9, 0.999], "amsgrad": false, "eps": "1e-8", "alpha": "None", "centered": "None"}, "training": {"epochs": 5, "batch_size": 64, "shuffle": true, "lr": 0.01}, "trainer": {"trainer_type": "standard", "save_path": "./.training_results/"}, "strategy": {"role": "client", "strategy_name": "sp"}}}, {"index": 2, "node_id": "client.3", "yaml": {"role": "client", "training_logger": {"name": "train", "path": "./experiment_results/", "prefix": "", "save_weights": false}, "data_loader": {"name": "qmnist", "root": "../.dataset", "split": "", "batch_size": 64, "shuffle": true, "num_workers": 0, "is_download": true, "is_load_train_set": true, "is_load_test_set": true, "task_type": "cv"}, "nn_model": {"name": "simple_lora_mlp", "input_dim": 0, "hidden_dim": 0, "output_dim": 0, "softmax_dim": 1, "lora_mode": "standard", "rank_ratio": 0.3, "cap_lora_rank_to_matrix_dim": true, "share_model": false}, "loss_func": {"type": "CrossEntropyLoss", "reduction": "mean", "weight": "None"}, "optimizer": {"type": "SGD", "lr": 0.01, "weight_decay": 0.0001, "momentum": 0.0, "nesterov": false, "betas": [0.9, 0.999], "amsgrad": false, "eps": "1e-8", "alpha": "None", "centered": "None"}, "training": {"epochs": 5, "batch_size": 64, "shuffle": true, "lr": 0.01}, "trainer": {"trainer_type": "standard", "save_path": "./.training_results/"}, "strategy": {"role": "client", "strategy_name": "sp"}}}, {"index": 3, "node_id": "client.4", "yaml": {"role": "client", "training_logger": {"name": "train", "path": "./experiment_results/", "prefix": "", "save_weights": false}, "data_loader": {"name": "qmnist", "root": "../.dataset", "split": "", "batch_size": 64, "shuffle": true, "num_workers": 0, "is_download": true, "is_load_train_set": true, "is_load_test_set": true, "task_type": "cv"}, "nn_model": {"name": "simple_lora_mlp", "input_dim": 0, "hidden_dim": 0, "output_dim": 0, "softmax_dim": 1, "lora_mode": "standard", "rank_ratio": 0.7, "cap_lora_rank_to_matrix_dim": true, "share_model": false}, "loss_func": {"type": "CrossEntropyLoss", "reduction": "mean", "weight": "None"}, "optimizer": {"type": "SGD", "lr": 0.01, "weight_decay": 0.0001, "momentum": 0.0, "nesterov": false, "betas": [0.9, 0.999], "amsgrad": false, "eps": "1e-8", "alpha": "None", "centered": "None"}, "training": {"epochs": 5, "batch_size": 64, "shuffle": true, "lr": 0.01}, "trainer": {"trainer_type": "standard", "save_path": "./.training_results/"}, "strategy": {"role": "client", "strategy_name": "sp"}}}, {"index": 4, "node_id": "client.5", "yaml": {"role": "client", "training_logger": {"name": "train", "path": "./experiment_results/", "prefix": "", "save_weights": false}, "data_loader": {"name": "qmnist", "root": "../.dataset", "split": "", "batch_size": 64, "shuffle": true, "num_workers": 0, "is_download": true, "is_load_train_set": true, "is_load_test_set": true, "task_type": "cv"}, "nn_model": {"name": "simple_lora_mlp", "input_dim": 0, "hidden_dim": 0, "output_dim": 0, "softmax_dim": 1, "lora_mode": "standard", "rank_ratio": 1.0, "cap_lora_rank_to_matrix_dim": true, "share_model": false}, "loss_func": {"type": "CrossEntropyLoss", "reduction": "mean", "weight": "None"}, "optimizer": {"type": "SGD", "lr": 0.01, "weight_decay": 0.0001, "momentum": 0.0, "nesterov": false, "betas": [0.9, 0.999], "amsgrad": false, "eps": "1e-8", "alpha": "None", "centered": "None"}, "training": {"epochs": 5, "batch_size": 64, "shuffle": true, "lr": 0.01}, "trainer": {"trainer_type": "standard", "save_path": "./.training_results/"}, "strategy": {"role": "client", "strategy_name": "sp"}}}, {"index": 5, "node_id": "client.6", "yaml": {"role": "client", "training_logger": {"name": "train", "path": "./experiment_results/", "prefix": "", "save_weights": false}, "data_loader": {"name": "qmnist", "root": "../.dataset", "split": "", "batch_size": 64, "shuffle": true, "num_workers": 0, "is_download": true, "is_load_train_set": true, "is_load_test_set": true, "task_type": "cv"}, "nn_model": {"name": "simple_lora_mlp", "input_dim": 0, "hidden_dim": 0, "output_dim": 0, "softmax_dim": 1, "lora_mode": "standard", "rank_ratio": 0.4, "cap_lora_rank_to_matrix_dim": true, "share_model": false}, "loss_func": {"type": "CrossEntropyLoss", "reduction": "mean", "weight": "None"}, "optimizer": {"type": "SGD", "lr": 0.01, "weight_decay": 0.0001, "momentum": 0.0, "nesterov": false, "betas": [0.9, 0.999], "amsgrad": false, "eps": "1e-8", "alpha": "None", "centered": "None"}, "training": {"epochs": 5, "batch_size": 64, "shuffle": true, "lr": 0.01}, "trainer": {"trainer_type": "standard", "save_path": "./.training_results/"}, "strategy": {"role": "client", "strategy_name": "sp"}}}, {"index": 6, "node_id": "client.7", "yaml": {"role": "client", "training_logger": {"name": "train", "path": "./experiment_results/", "prefix": "", "save_weights": false}, "data_loader": {"name": "qmnist", "root": "../.dataset", "split": "", "batch_size": 64, "shuffle": true, "num_workers": 0, "is_download": true, "is_load_train_set": true, "is_load_test_set": true, "task_type": "cv"}, "nn_model": {"name": "simple_lora_mlp", "input_dim": 0, "hidden_dim": 0, "output_dim": 0, "softmax_dim": 1, "lora_mode": "standard", "rank_ratio": 0.5, "cap_lora_rank_to_matrix_dim": true, "share_model": false}, "loss_func": {"type": "CrossEntropyLoss", "reduction": "mean", "weight": "None"}, "optimizer": {"type": "SGD", "lr": 0.01, "weight_decay": 0.0001, "momentum": 0.0, "nesterov": false, "betas": [0.9, 0.999], "amsgrad": false, "eps": "1e-8", "alpha": "None", "centered": "None"}, "training": {"epochs": 5, "batch_size": 64, "shuffle": true, "lr": 0.01}, "trainer": {"trainer_type": "standard", "save_path": "./.training_results/"}, "strategy": {"role": "client", "strategy_name": "sp"}}}, {"index": 7, "node_id": "client.8", "yaml": {"role": "client", "training_logger": {"name": "train", "path": "./experiment_results/", "prefix": "", "save_weights": false}, "data_loader": {"name": "qmnist", "root": "../.dataset", "split": "", "batch_size": 64, "shuffle": true, "num_workers": 0, "is_download": true, "is_load_train_set": true, "is_load_test_set": true, "task_type": "cv"}, "nn_model": {"name": "simple_lora_mlp", "input_dim": 0, "hidden_dim": 0, "output_dim": 0, "softmax_dim": 1, "lora_mode": "standard", "rank_ratio": 0.8, "cap_lora_rank_to_matrix_dim": true, "share_model": false}, "loss_func": {"type": "CrossEntropyLoss", "reduction": "mean", "weight": "None"}, "optimizer": {"type": "SGD", "lr": 0.01, "weight_decay": 0.0001, "momentum": 0.0, "nesterov": false, "betas": [0.9, 0.999], "amsgrad": false, "eps": "1e-8", "alpha": "None", "centered": "None"}, "training": {"epochs": 5, "batch_size": 64, "shuffle": true, "lr": 0.01}, "trainer": {"trainer_type": "standard", "save_path": "./.training_results/"}, "strategy": {"role": "client", "strategy_name": "sp"}}}, {"index": 8, "node_id": "client.9", "yaml": {"role": "client", "training_logger": {"name": "train", "path": "./experiment_results/", "prefix": "", "save_weights": false}, "data_loader": {"name": "qmnist", "root": "../.dataset", "split": "", "batch_size": 64, "shuffle": true, "num_workers": 0, "is_download": true, "is_load_train_set": true, "is_load_test_set": true, "task_type": "cv"}, "nn_model": {"name": "simple_lora_mlp", "input_dim": 0, "hidden_dim": 0, "output_dim": 0, "softmax_dim": 1, "lora_mode": "standard", "rank_ratio": 0.9, "cap_lora_rank_to_matrix_dim": true, "share_model": false}, "loss_func": {"type": "CrossEntropyLoss", "reduction": "mean", "weight": "None"}, "optimizer": {"type": "SGD", "lr": 0.01, "weight_decay": 0.0001, "momentum": 0.0, "nesterov": false, "betas": [0.9, 0.999], "amsgrad": false, "eps": "1e-8", "alpha": "None", "centered": "None"}, "training": {"epochs": 5, "batch_size": 64, "shuffle": true, "lr": 0.01}, "trainer": {"trainer_type": "standard", "save_path": "./.training_results/"}, "strategy": {"role": "client", "strategy_name": "sp"}}}, {"index": 9, "node_id": "client.10", "yaml": {"role": "client", "training_logger": {"name": "train", "path": "./experiment_results/", "prefix": "", "save_weights": false}, "data_loader": {"name": "qmnist", "root": "../.dataset", "split": "", "batch_size": 64, "shuffle": true, "num_workers": 0, "is_download": true, "is_load_train_set": true, "is_load_test_set": true, "task_type": "cv"}, "nn_model": {"name": "simple_lora_mlp", "input_dim": 0, "hidden_dim": 0, "output_dim": 0, "softmax_dim": 1, "lora_mode": "standard", "rank_ratio": 0.2, "cap_lora_rank_to_matrix_dim": true, "share_model": false}, "loss_func": {"type": "CrossEntropyLoss", "reduction": "mean", "weight": "None"}, "optimizer": {"type": "SGD", "lr": 0.01, "weight_decay": 0.0001, "momentum": 0.0, "nesterov": false, "betas": [0.9, 0.999], "amsgrad": false, "eps": "1e-8", "alpha": "None", "centered": "None"}, "training": {"epochs": 5, "batch_size": 64, "shuffle": true, "lr": 0.01}, "trainer": {"trainer_type": "standard", "save_path": "./.training_results/"}, "strategy": {"role": "client", "strategy_name": "sp"}}}]}, "effective_client_rank_ratios": [0.6, 0.1, 0.3, 0.7, 1.0, 0.4, 0.5, 0.8, 0.9, 0.2], "effective_client_share_model": [false, false, false, false, false, false, false, false, false, false], "rank_distribution": {"rank_ratio_list": [0.6, 0.1, 0.3, 0.7, 1.0, 0.4, 0.5, 0.8, 0.9, 0.2]}, "rank_ratio_list": [0.6, 0.1, 0.3, 0.7, 1.0, 0.4, 0.5, 0.8, 0.9, 0.2], "rank_ratio_list_str": "[0.6, 0.1, 0.3, 0.7, 1.0, 0.4, 0.5, 0.8, 0.9, 0.2]", "epoch": 5, "batch_size": 64}

round,accuracy,average_loss,perplexity,precision,recall,f1_score,matthews_correlation,mcc,total_test_samples,invalid_label_samples,evaluation_status
0,0.13655,2.3013796875,9.987953207153351,0.03562318562236109,0.1274148269707444,0.05146465551458229,0.049521316633546655,0.049521316633546655,60000,0,evaluated
1,0.10616666666666667,2.302084375,9.994994073442887,0.04376711701377102,0.1039007500590072,0.029597599441924784,0.02063542982031484,0.02063542982031484,60000,0,evaluated
2,0.10151666666666667,2.30150859375,9.989240799734045,0.04643388445539684,0.10005895136293637,0.019361588996816618,0.001162984677383512,0.001162984677383512,60000,0,evaluated
3,0.10133333333333333,2.301272395833333,9.986881640493282,0.023174747755306875,0.0999239866819129,0.018571263415340517,-0.0020161270701414317,-0.0020161270701414317,60000,0,evaluated
4,0.10135,2.30076171875,9.981782870928715,0.01965919249756657,0.0999472679691408,0.018462643492981635,-0.002106072404262898,-0.002106072404262898,60000,0,evaluated
5,0.1014,2.3007731770833333,9.981897246179384,0.02442491575274771,0.0999965776338351,0.018469835417649277,-0.0001279178216351233,-0.0001279178216351233,60000,0,evaluated
6,0.10148333333333333,2.3007203125,9.98136957128837,0.04347603805459234,0.1000736268590782,0.018564317325682186,0.0036719152470034307,0.0036719152470034307,60000,0,evaluated
7,0.10176666666666667,2.3004908854166666,9.979079837453476,0.06960571631785548,0.10032395817994404,0.01906764944304942,0.010792524559468712,0.010792524559468712,60000,0,evaluated
8,0.10193333333333333,2.3002044270833335,9.976221656269496,0.06833112171005239,0.10047121189810042,0.019363118836402883,0.01287188628379429,0.01287188628379429,60000,0,evaluated
9,0.10331666666666667,2.29990234375,9.973208461118427,0.08468555352535526,0.1016899953926335,0.021818586282158055,0.027519088364098897,0.027519088364098897,60000,0,evaluated
10,0.1048,2.29960546875,9.970248104306238,0.08880707844099897,0.10300055348422532,0.02432162930962259,0.03785885494763033,0.03785885494763033,60000,0,evaluated
11,0.10473333333333333,2.2994109375,9.96830876811656,0.09195994495829693,0.10294165199696277,0.024216200107352197,0.03824468742283771,0.03824468742283771,60000,0,evaluated
12,0.1055,2.2991859375,9.966066150947627,0.09477695561320802,0.10362073028356458,0.025466055778454576,0.04330580424190063,0.04330580424190063,60000,0,evaluated
13,0.10736666666666667,2.298980729166667,9.964021240946366,0.09551652308439819,0.10526826074383362,0.028507151363872073,0.05248620772456611,0.05248620772456611,60000,0,evaluated
14,0.10818333333333334,2.2988041666666668,9.962262123747646,0.0975842010220764,0.10599151514588234,0.029783976063476846,0.056704693194478024,0.056704693194478024,60000,0,evaluated
15,0.10878333333333333,2.29866328125,9.960858685161735,0.09745511041627244,0.10652162853124533,0.030717468625846112,0.059144055714183935,0.059144055714183935,60000,0,evaluated
16,0.11106666666666666,2.2984638020833335,9.958871899539695,0.09748954202546639,0.1085390044699878,0.03418028623905245,0.06780075314923857,0.06780075314923857,60000,0,evaluated
17,0.1119,2.2982953125,9.957194074714842,0.09812892043264171,0.10927698424385215,0.03539728129911537,0.07102106378234552,0.07102106378234552,60000,0,evaluated
18,0.11763333333333334,2.298177604166667,9.95602209897264,0.11564755986227157,0.11433945430263756,0.04336294665217161,0.0870746916367683,0.0870746916367683,60000,0,evaluated
19,0.12033333333333333,2.2980661458333334,9.954912479182193,0.10977846731612098,0.11672325335368852,0.046839803487810076,0.094018034193333,0.094018034193333,60000,0,evaluated
20,0.1167,2.2979671875,9.953927406376158,0.11156038313606895,0.11351483348096184,0.04218134095417801,0.08520412802894745,0.08520412802894745,60000,0,evaluated
21,0.12335,2.2978994791666665,9.953253465357319,0.11125666608682976,0.11938854565231907,0.050466084247997686,0.10093983185000684,0.10093983185000684,60000,0,evaluated
22,0.12111666666666666,2.2978010416666668,9.952273740190964,0.10825106458687106,0.11741705701210599,0.04781121865734239,0.09614911519171614,0.09614911519171614,60000,0,evaluated
23,0.1285,2.297732552083333,9.951592136450921,0.10540201831194988,0.12393355199410394,0.05634035658153848,0.1121486061663483,0.1121486061663483,60000,0,evaluated
24,0.12095,2.2976190104166667,9.950462280237858,0.1070019741057578,0.1172698032939496,0.047612171892212264,0.09577436367452555,0.09577436367452555,60000,0,evaluated
25,0.12288333333333333,2.29757265625,9.950001045541065,0.10805744945358817,0.11897794642456365,0.04995406682441932,0.10037446757748186,0.10037446757748186,60000,0,evaluated
26,0.1201,2.29747109375,9.94899054987498,0.11090038167820056,0.11652052051443448,0.04656479114200783,0.09411830540139733,0.09411830540139733,60000,0,evaluated
27,0.12141666666666667,2.29740078125,9.948291036069511,0.10699214443573864,0.11768211370478747,0.04818900175775637,0.09693819908571517,0.09693819908571517,60000,0,evaluated
28,0.12521666666666667,2.2973513020833334,9.947798815096732,0.10682926105026876,0.12103607611258811,0.052643438816638424,0.10501480848129159,0.10501480848129159,60000,0,evaluated
29,0.12703333333333333,2.297275260416667,9.947042396655194,0.1122648918104356,0.12263979497778095,0.054724427563444936,0.1088013265915081,0.1088013265915081,60000,0,evaluated
30,0.12628333333333333,2.297256770833333,9.946858481686137,0.11074921002017954,0.12197715324607723,0.053884955185985975,0.1071095562137101,0.1071095562137101,60000,0,evaluated
31,0.1232,2.29716796875,9.945975219148703,0.11079711426903574,0.11925809300943149,0.05035603759343906,0.10088607724257567,0.10088607724257567,60000,0,evaluated
32,0.12691666666666668,2.2971276041666666,9.945573762105512,0.11404900883508544,0.12254050426160712,0.054592000925146086,0.10847434580395324,0.10847434580395324,60000,0,evaluated
33,0.12628333333333333,2.2970721354166668,9.945022108860798,0.11323009518797293,0.1219826513156953,0.05390116224219309,0.10734792259020313,0.10734792259020313,60000,0,evaluated
34,0.12953333333333333,2.297037239583333,9.94467507508184,0.11152379435856814,0.12485067645357988,0.057447222296121,0.11391088785932307,0.11391088785932307,60000,0,evaluated
35,0.12633333333333333,2.296978645833333,9.944092396347491,0.10980686468019632,0.12202475172768905,0.05393744061495383,0.10747677651608305,0.10747677651608305,60000,0,evaluated
36,0.1274,2.29690234375,9.943333670327346,0.11582752337847875,0.12296754004426062,0.055158989186279574,0.10979224591645288,0.10979224591645288,60000,0,evaluated
37,0.12618333333333334,2.2968716145833334,9.943028124664378,0.11633504443193465,0.12189258790171902,0.053837368908790637,0.10741903175309374,0.10741903175309374,60000,0,evaluated
38,0.12553333333333333,2.2967861979166666,9.942178860616563,0.11081097005112547,0.12131964506362085,0.053089005777738785,0.10633890823674631,0.10633890823674631,60000,0,evaluated
39,0.12645,2.296763020833333,9.94194843257893,0.1131917624696271,0.12212611814731607,0.05413174692632974,0.1081367472778185,0.1081367472778185,60000,0,evaluated
40,0.13503333333333334,2.2967177083333334,9.941497948246944,0.11537809713084199,0.12970662678657563,0.06310551727989766,0.12510427472590432,0.12510427472590432,60000,0,evaluated
41,0.13375,2.2966822916666665,9.941145859762878,0.11242474219934362,0.1285744843398539,0.06192491865622374,0.1231369929709321,0.1231369929709321,60000,0,evaluated
42,0.13463333333333333,2.29659140625,9.940242395635751,0.11047016582974947,0.12935492904608276,0.06279366314355804,0.12476000949327859,0.12476000949327859,60000,0,evaluated
43,0.1333,2.2965598958333335,9.93992917939091,0.11290881121136917,0.12817897500428488,0.06148365148077267,0.12210161678393684,0.12210161678393684,60000,0,evaluated
44,0.1307,2.2965265625,9.939597853940384,0.1132544951341786,0.1258852393672102,0.058808687297882946,0.11709471813826443,0.11709471813826443,60000,0,evaluated
45,0.13381666666666667,2.29645078125,9.938844647330344,0.11215483823052914,0.12863546153056965,0.06200839102833664,0.12313227164746587,0.12313227164746587,60000,0,evaluated
46,0.1344,2.29641484375,9.938487476518782,0.11265866007088414,0.12914913836103453,0.06256814097499028,0.12407588218987095,0.12407588218987095,60000,0,evaluated
47,0.13753333333333334,2.2963848958333335,9.938189843980805,0.11280351618037696,0.13191579707929207,0.0655107502142458,0.12956792194398922,0.12956792194398922,60000,0,evaluated
48,0.13538333333333333,2.296354427083333,9.937887044371978,0.11092752419272389,0.13001793529815722,0.06350820383626836,0.12578924810204034,0.12578924810204034,60000,0,evaluated
49,0.13856666666666667,2.2962627604166665,9.936976113144564,0.10860246335157961,0.13282877013186167,0.06648203074916963,0.13138117864875345,0.13138117864875345,60000,0,evaluated
50,0.1397,2.29618359375,9.936189467007427,0.10947912708678605,0.1338304599356958,0.06756583652845083,0.13341175878790365,0.13341175878790365,60000,0,evaluated
51,0.13536666666666666,2.296137760416667,9.935734068759814,0.11430035180725022,0.1300069968128772,0.06360193619828894,0.12635956249883015,0.12635956249883015,60000,0,evaluated
52,0.14131666666666667,2.2960434895833335,9.934797462977372,0.11782223409005807,0.13526260788834837,0.06902162632820644,0.13655109761224002,0.13655109761224002,60000,0,evaluated
53,0.14183333333333334,2.2959919270833336,9.93428521318974,0.11092911981886781,0.1357173832315507,0.0694879425165931,0.1371926641176597,0.1371926641176597,60000,0,evaluated
54,0.1422,2.2959283854166666,9.933653992204778,0.11327448350902185,0.13603963022841228,0.0698448731899994,0.13802398558659226,0.13802398558659226,60000,0,evaluated
55,0.13743333333333332,2.2958234375,9.932611530616455,0.11765030655853026,0.13183294291801637,0.06557647751057875,0.13032761042479923,0.13032761042479923,60000,0,evaluated
56,0.13826666666666668,2.29573671875,9.931750224306528,0.1178944699477344,0.13256921150879827,0.06639917048697425,0.13208741219090198,0.13208741219090198,60000,0,evaluated
57,0.13615,2.2956026041666666,9.930418321079241,0.11844441672761745,0.1307011649916654,0.06442312540609549,0.1281307455525327,0.1281307455525327,60000,0,evaluated
58,0.14211666666666667,2.2955471354166668,9.92986750846458,0.11292055973266493,0.13596771455241655,0.06990094018702124,0.13851212195326734,0.13851212195326734,60000,0,evaluated
59,0.14576666666666666,2.2954322916666667,9.92872719072334,0.11237384512313604,0.13918914861387643,0.07306884414228923,0.144873995176154,0.144873995176154,60000,0,evaluated
60,0.14331666666666668,2.295292708333333,9.927341402605013,0.111148597649902,0.13702965250622495,0.07105328345575754,0.14106929367017385,0.14106929367017385,60000,0,evaluated
61,0.1436,2.2951815104166666,9.926237564296402,0.11550762398588485,0.13727827264400835,0.0713364876638538,0.14185599979187039,0.14185599979187039,60000,0,evaluated
62,0.15011666666666668,2.2950807291666666,9.925237236074887,0.11310003857448585,0.14303283517812876,0.07663344773679596,0.15213845281967572,0.15213845281967572,60000,0,evaluated
63,0.15018333333333334,2.29492890625,9.92373047199265,0.11661668065957445,0.14309344784847378,0.07668813425218604,0.15245752430366658,0.15245752430366658,60000,0,evaluated
64,0.1539,2.294772135416667,9.92217484243864,0.11716838094175826,0.14637378339719623,0.0795327534335499,0.1583837653185317,0.1583837653185317,60000,0,evaluated
65,0.16005,2.2946015625,9.920482532471313,0.11793743263010062,0.15181025034136136,0.08375393866016112,0.16690601220417825,0.16690601220417825,60000,0,evaluated
66,0.16368333333333332,2.2944161458333334,9.918643280187702,0.1155656779503649,0.15502038139717053,0.08612605898723187,0.17213594791045148,0.17213594791045148,60000,0,evaluated
67,0.16701666666666667,2.2941895833333334,9.9163963421151,0.11464254829951062,0.15796032221105086,0.08813739690887787,0.17655038669875858,0.17655038669875858,60000,0,evaluated
68,0.16958333333333334,2.294001302083333,9.914529446372555,0.116148397707587,0.16022704732831813,0.0896839584954477,0.17988051386365636,0.17988051386365636,60000,0,evaluated
69,0.17226666666666668,2.2937361979166666,9.911901411672648,0.12037152109824249,0.16259612100755347,0.09122333148763764,0.1836766471550193,0.1836766471550193,60000,0,evaluated
70,0.17218333333333333,2.2934921875,9.909483099537903,0.12055270335553955,0.16253006792154653,0.09143906689997376,0.18416697656502046,0.18416697656502046,60000,0,evaluated
71,0.17708333333333334,2.29321875,9.906773845675554,0.12704361730540453,0.16686213197953884,0.09402370316565309,0.19029246476620523,0.19029246476620523,60000,0,evaluated
72,0.18126666666666666,2.2928950520833333,9.903567562582397,0.12487649543652295,0.17055892934600553,0.09599231507467106,0.1949890682966626,0.1949890682966626,60000,0,evaluated
73,0.18451666666666666,2.2925453125,9.900104498610123,0.13758329933714902,0.17343427515536178,0.09732675501142178,0.19814628234090542,0.19814628234090542,60000,0,evaluated
74,0.18718333333333334,2.2921770833333333,9.896459662489352,0.137839298606894,0.17579521509351173,0.09831658110434299,0.20053002794266855,0.20053002794266855,60000,0,evaluated
75,0.1892,2.291757291666667,9.89230608307355,0.14007727532006786,0.177596395455024,0.09921410483580598,0.20220171810835708,0.20220171810835708,60000,0,evaluated
76,0.19473333333333334,2.29129921875,9.887775723270295,0.13973611097171518,0.18251377254296136,0.10025098937523938,0.20417295282103784,0.20417295282103784,60000,0,evaluated
77,0.19583333333333333,2.2908236979166667,9.883074997653614,0.14252385169923482,0.18350054152733644,0.10054665800165896,0.20471176496858326,0.20471176496858326,60000,0,evaluated
78,0.19826666666666667,2.2903263020833333,9.878160419675886,0.1447545991893041,0.18570281433789101,0.10134894265584012,0.2052978380952838,0.2052978380952838,60000,0,evaluated
79,0.1987,2.28979140625,9.87287804571226,0.14990789259647008,0.18613512636760315,0.10216824144163088,0.20605995002004,0.20605995002004,60000,0,evaluated
80,0.20021666666666665,2.289240625,9.867441746844321,0.15063876183658642,0.18755754571898314,0.10334529835859137,0.20665772347359201,0.20665772347359201,60000,0,evaluated
81,0.20346666666666666,2.2885919270833335,9.861042833645536,0.15043316790367445,0.19058391167722236,0.10486739992274603,0.2062482112016073,0.2062482112016073,60000,0,evaluated
82,0.20671666666666666,2.287894270833333,9.854165614727446,0.1463856737779734,0.19365641905057338,0.10549022052853071,0.20286647304986571,0.20286647304986571,60000,0,evaluated
83,0.20866666666666667,2.28706171875,9.84596492284064,0.14888600419517714,0.19556523014021931,0.10736220170017588,0.20315579129007008,0.20315579129007008,60000,0,evaluated
84,0.21128333333333332,2.2861338541666667,9.836833437745932,0.14644041994395318,0.1980748927012396,0.10824097987651063,0.2014631662512218,0.2014631662512218,60000,0,evaluated
85,0.21285,2.28511796875,9.826845416311993,0.14697281559898664,0.1996180360942345,0.10927051778588075,0.20081743990802237,0.20081743990802237,60000,0,evaluated
86,0.21623333333333333,2.2839705729166666,9.815576600958698,0.14490989830598205,0.202937657678178,0.11212373083291091,0.2012871397655321,0.2012871397655321,60000,0,evaluated
87,0.22011666666666665,2.2826677083333333,9.802796560978841,0.14167299066298217,0.20672672333816627,0.11351257819334057,0.1985919291532315,0.1985919291532315,60000,0,evaluated
88,0.2247,2.28131484375,9.789543671397677,0.13666338951146417,0.2112233984441268,0.11569235432105404,0.1974926886326659,0.1974926886326659,60000,0,evaluated
89,0.22776666666666667,2.2798247395833333,9.774967094589245,0.13386662564932977,0.21424878919411486,0.11701096263907056,0.19608425132157117,0.19608425132157117,60000,0,evaluated
90,0.23075,2.2780192708333336,9.75733461919908,0.1306438559426187,0.21718871648627597,0.11806410275519323,0.194922952577359,0.194922952577359,60000,0,evaluated
91,0.2328,2.27605703125,9.7382071634442,0.12816319670594528,0.21921877743235255,0.11869654276223511,0.19346980788040333,0.19346980788040333,60000,0,evaluated
92,0.23435,2.2739221354166665,9.717439282066486,0.12619600115798327,0.22072317836226302,0.11890374342124987,0.19187563688827522,0.19187563688827522,60000,0,evaluated
93,0.23505,2.2714161458333333,9.693117967657356,0.12535489546853612,0.22140837048127784,0.11889109956811975,0.19067891691477917,0.19067891691477917,60000,0,evaluated
94,0.23428333333333334,2.2686614583333333,9.666453200168364,0.12470683403921586,0.22061161534641455,0.11758019502990644,0.1877635843919751,0.1877635843919751,60000,0,evaluated
95,0.23418333333333333,2.2655848958333333,9.63675945349999,0.12399187293545151,0.2204816279902282,0.11709174993713756,0.18566875749465467,0.18566875749465467,60000,0,evaluated
96,0.23296666666666666,2.262143359375,9.60365119881169,0.12335446312210965,0.2192496417885287,0.11599615010741289,0.18290203868994706,0.18290203868994706,60000,0,evaluated
97,0.23218333333333332,2.2583584635416667,9.567371080948687,0.12280928943610703,0.21843973078210385,0.11529201478782203,0.1810441602124427,0.1810441602124427,60000,0,evaluated
98,0.22963333333333333,2.25425859375,9.528226404138888,0.12376538798191376,0.21585440386680252,0.11290851266781417,0.17718848889557548,0.17718848889557548,60000,0,evaluated
99,0.22871666666666668,2.249866276041667,9.486467183593394,0.12324917539754703,0.21491288900242175,0.1122310790756951,0.17549177190964252,0.17549177190964252,60000,0,evaluated
100,0.22798333333333334,2.24494921875,9.439936172529837,0.12241374006091592,0.21417677105364413,0.11219824689791227,0.17405388444569966,0.17405388444569966,60000,0,evaluated
