Config,{"general": {"device": "cuda:0", "training_rounds": 100, "train_optimization": {"cudnn_benchmark": true, "pin_memory": true, "fused_optimizer": false, "torch_compile": false, "non_blocking_transfer": true}}, "dataset": "qmnist", "model": "simple_lora_mlp", "loss_function": "CrossEntropyLoss", "aggregation": "zeropadding", "client_selection": {"method": "random", "round": 1, "client_selection_round": 1, "number": 10, "random_seed": 42}, "hyperparameters": {"training_rounds": 100, "local_epochs": 5, "selected_clients": 10, "client_selection_round": 1, "client_selection_method": "random", "optimizer": "SGD", "lr": 0.01, "momentum": 0.0, "weight_decay": 0.0001, "nesterov": false, "batch_size": 64, "shuffle": true, "trainer_type": "standard", "rank_ratio_list": [0.4416, 0.5644, 0.25, 0.4404, 0.3107, 0.3121, 0.535, 0.4642, 1.0, 0.3836]}, "effective_yaml": {"server_yaml": {"role": "server", "general": {"device": "cuda:0", "training_rounds": 100, "train_optimization": {"cudnn_benchmark": true, "pin_memory": true, "fused_optimizer": false, "torch_compile": false, "non_blocking_transfer": true}}, "training_logger": {"name": "train", "path": "./experiment_results/", "prefix": "qmnist_dirichlet_0_4_rank_medium_zeropadding_", "save_weights": false}, "data_loader": {"name": "qmnist", "root": "../.dataset", "split": "", "batch_size": 64, "shuffle": true, "num_workers": 0, "is_download": true, "is_load_train_set": true, "is_load_test_set": true, "task_type": "cv"}, "nn_model": {"name": "simple_lora_mlp", "input_dim": 0, "hidden_dim": 0, "output_dim": 0, "softmax_dim": 1, "lora_mode": "standard", "rank_ratio": 1.0, "cap_lora_rank_to_matrix_dim": true, "share_model": false}, "loss_func": {"type": "CrossEntropyLoss", "reduction": "mean", "weight": "None"}, "optimizer": {"type": "SGD", "lr": 0.01, "weight_decay": 0.0001, "momentum": 0.0, "nesterov": false, "betas": [0.9, 0.999], "amsgrad": false, "eps": "1e-8", "alpha": "None", "centered": "None"}, "training": {"epochs": 5, "batch_size": 64, "shuffle": true, "lr": 0.01}, "trainer": {"trainer_type": "standard", "save_path": "./.training_results/"}, "data_distribution": {"use": "qmnist_dirichlet_0_4", "custom_define": {"qmnist_dirichlet_0_4": [[81, 2934, 88, 158, 73, 2077, 974, 522, 50, 8], [0, 90, 1170, 1221, 0, 1214, 652, 1, 0, 363], [227, 388, 1007, 568, 933, 43, 86, 274, 1999, 31], [1061, 34, 1833, 2965, 1196, 677, 2353, 3696, 0, 74], [568, 64, 0, 144, 359, 11, 119, 58, 301, 1097], [559, 0, 964, 228, 2353, 154, 1185, 18, 63, 50], [171, 496, 329, 13, 875, 544, 1, 3, 25, 1189], [290, 1084, 113, 117, 4, 422, 344, 512, 7, 732], [319, 147, 450, 554, 44, 88, 12, 184, 1730, 2382], [2647, 1505, 4, 163, 5, 191, 192, 997, 1676, 23]]}}, "client_selection": {"method": "random", "round": 1, "client_selection_round": 1, "number": 10, "random_seed": 42}, "strategy": {"role": "server", "strategy_name": "rbla"}, "aggregation": {"method": "zeropadding", "device": "cpu"}, "rank_distribution": {"rank_ratio_list": [0.4416, 0.5644, 0.25, 0.4404, 0.3107, 0.3121, 0.535, 0.4642, 1.0, 0.3836]}, "lora_inference": {"device": "cpu", "lora_mode": "standard", "scaling": 0.5, "rank_ratio": 1, "use_bias": true, "alpha": 0}}, "client_yamls": [{"index": 0, "node_id": "client.1", "yaml": {"role": "client", "training_logger": {"name": "train", "path": "./experiment_results/", "prefix": "", "save_weights": false}, "data_loader": {"name": "qmnist", "root": "../.dataset", "split": "", "batch_size": 64, "shuffle": true, "num_workers": 0, "is_download": true, "is_load_train_set": true, "is_load_test_set": true, "task_type": "cv"}, "nn_model": {"name": "simple_lora_mlp", "input_dim": 0, "hidden_dim": 0, "output_dim": 0, "softmax_dim": 1, "lora_mode": "standard", "rank_ratio": 0.4416, "cap_lora_rank_to_matrix_dim": true, "share_model": false}, "loss_func": {"type": "CrossEntropyLoss", "reduction": "mean", "weight": "None"}, "optimizer": {"type": "SGD", "lr": 0.01, "weight_decay": 0.0001, "momentum": 0.0, "nesterov": false, "betas": [0.9, 0.999], "amsgrad": false, "eps": "1e-8", "alpha": "None", "centered": "None"}, "training": {"epochs": 5, "batch_size": 64, "shuffle": true, "lr": 0.01}, "trainer": {"trainer_type": "standard", "save_path": "./.training_results/"}, "strategy": {"role": "client", "strategy_name": "rbla"}}}, {"index": 1, "node_id": "client.2", "yaml": {"role": "client", "training_logger": {"name": "train", "path": "./experiment_results/", "prefix": "", "save_weights": false}, "data_loader": {"name": "qmnist", "root": "../.dataset", "split": "", "batch_size": 64, "shuffle": true, "num_workers": 0, "is_download": true, "is_load_train_set": true, "is_load_test_set": true, "task_type": "cv"}, "nn_model": {"name": "simple_lora_mlp", "input_dim": 0, "hidden_dim": 0, "output_dim": 0, "softmax_dim": 1, "lora_mode": "standard", "rank_ratio": 0.5644, "cap_lora_rank_to_matrix_dim": true, "share_model": false}, "loss_func": {"type": "CrossEntropyLoss", "reduction": "mean", "weight": "None"}, "optimizer": {"type": "SGD", "lr": 0.01, "weight_decay": 0.0001, "momentum": 0.0, "nesterov": false, "betas": [0.9, 0.999], "amsgrad": false, "eps": "1e-8", "alpha": "None", "centered": "None"}, "training": {"epochs": 5, "batch_size": 64, "shuffle": true, "lr": 0.01}, "trainer": {"trainer_type": "standard", "save_path": "./.training_results/"}, "strategy": {"role": "client", "strategy_name": "rbla"}}}, {"index": 2, "node_id": "client.3", "yaml": {"role": "client", "training_logger": {"name": "train", "path": "./experiment_results/", "prefix": "", "save_weights": false}, "data_loader": {"name": "qmnist", "root": "../.dataset", "split": "", "batch_size": 64, "shuffle": true, "num_workers": 0, "is_download": true, "is_load_train_set": true, "is_load_test_set": true, "task_type": "cv"}, "nn_model": {"name": "simple_lora_mlp", "input_dim": 0, "hidden_dim": 0, "output_dim": 0, "softmax_dim": 1, "lora_mode": "standard", "rank_ratio": 0.25, "cap_lora_rank_to_matrix_dim": true, "share_model": false}, "loss_func": {"type": "CrossEntropyLoss", "reduction": "mean", "weight": "None"}, "optimizer": {"type": "SGD", "lr": 0.01, "weight_decay": 0.0001, "momentum": 0.0, "nesterov": false, "betas": [0.9, 0.999], "amsgrad": false, "eps": "1e-8", "alpha": "None", "centered": "None"}, "training": {"epochs": 5, "batch_size": 64, "shuffle": true, "lr": 0.01}, "trainer": {"trainer_type": "standard", "save_path": "./.training_results/"}, "strategy": {"role": "client", "strategy_name": "rbla"}}}, {"index": 3, "node_id": "client.4", "yaml": {"role": "client", "training_logger": {"name": "train", "path": "./experiment_results/", "prefix": "", "save_weights": false}, "data_loader": {"name": "qmnist", "root": "../.dataset", "split": "", "batch_size": 64, "shuffle": true, "num_workers": 0, "is_download": true, "is_load_train_set": true, "is_load_test_set": true, "task_type": "cv"}, "nn_model": {"name": "simple_lora_mlp", "input_dim": 0, "hidden_dim": 0, "output_dim": 0, "softmax_dim": 1, "lora_mode": "standard", "rank_ratio": 0.4404, "cap_lora_rank_to_matrix_dim": true, "share_model": false}, "loss_func": {"type": "CrossEntropyLoss", "reduction": "mean", "weight": "None"}, "optimizer": {"type": "SGD", "lr": 0.01, "weight_decay": 0.0001, "momentum": 0.0, "nesterov": false, "betas": [0.9, 0.999], "amsgrad": false, "eps": "1e-8", "alpha": "None", "centered": "None"}, "training": {"epochs": 5, "batch_size": 64, "shuffle": true, "lr": 0.01}, "trainer": {"trainer_type": "standard", "save_path": "./.training_results/"}, "strategy": {"role": "client", "strategy_name": "rbla"}}}, {"index": 4, "node_id": "client.5", "yaml": {"role": "client", "training_logger": {"name": "train", "path": "./experiment_results/", "prefix": "", "save_weights": false}, "data_loader": {"name": "qmnist", "root": "../.dataset", "split": "", "batch_size": 64, "shuffle": true, "num_workers": 0, "is_download": true, "is_load_train_set": true, "is_load_test_set": true, "task_type": "cv"}, "nn_model": {"name": "simple_lora_mlp", "input_dim": 0, "hidden_dim": 0, "output_dim": 0, "softmax_dim": 1, "lora_mode": "standard", "rank_ratio": 0.3107, "cap_lora_rank_to_matrix_dim": true, "share_model": false}, "loss_func": {"type": "CrossEntropyLoss", "reduction": "mean", "weight": "None"}, "optimizer": {"type": "SGD", "lr": 0.01, "weight_decay": 0.0001, "momentum": 0.0, "nesterov": false, "betas": [0.9, 0.999], "amsgrad": false, "eps": "1e-8", "alpha": "None", "centered": "None"}, "training": {"epochs": 5, "batch_size": 64, "shuffle": true, "lr": 0.01}, "trainer": {"trainer_type": "standard", "save_path": "./.training_results/"}, "strategy": {"role": "client", "strategy_name": "rbla"}}}, {"index": 5, "node_id": "client.6", "yaml": {"role": "client", "training_logger": {"name": "train", "path": "./experiment_results/", "prefix": "", "save_weights": false}, "data_loader": {"name": "qmnist", "root": "../.dataset", "split": "", "batch_size": 64, "shuffle": true, "num_workers": 0, "is_download": true, "is_load_train_set": true, "is_load_test_set": true, "task_type": "cv"}, "nn_model": {"name": "simple_lora_mlp", "input_dim": 0, "hidden_dim": 0, "output_dim": 0, "softmax_dim": 1, "lora_mode": "standard", "rank_ratio": 0.3121, "cap_lora_rank_to_matrix_dim": true, "share_model": false}, "loss_func": {"type": "CrossEntropyLoss", "reduction": "mean", "weight": "None"}, "optimizer": {"type": "SGD", "lr": 0.01, "weight_decay": 0.0001, "momentum": 0.0, "nesterov": false, "betas": [0.9, 0.999], "amsgrad": false, "eps": "1e-8", "alpha": "None", "centered": "None"}, "training": {"epochs": 5, "batch_size": 64, "shuffle": true, "lr": 0.01}, "trainer": {"trainer_type": "standard", "save_path": "./.training_results/"}, "strategy": {"role": "client", "strategy_name": "rbla"}}}, {"index": 6, "node_id": "client.7", "yaml": {"role": "client", "training_logger": {"name": "train", "path": "./experiment_results/", "prefix": "", "save_weights": false}, "data_loader": {"name": "qmnist", "root": "../.dataset", "split": "", "batch_size": 64, "shuffle": true, "num_workers": 0, "is_download": true, "is_load_train_set": true, "is_load_test_set": true, "task_type": "cv"}, "nn_model": {"name": "simple_lora_mlp", "input_dim": 0, "hidden_dim": 0, "output_dim": 0, "softmax_dim": 1, "lora_mode": "standard", "rank_ratio": 0.535, "cap_lora_rank_to_matrix_dim": true, "share_model": false}, "loss_func": {"type": "CrossEntropyLoss", "reduction": "mean", "weight": "None"}, "optimizer": {"type": "SGD", "lr": 0.01, "weight_decay": 0.0001, "momentum": 0.0, "nesterov": false, "betas": [0.9, 0.999], "amsgrad": false, "eps": "1e-8", "alpha": "None", "centered": "None"}, "training": {"epochs": 5, "batch_size": 64, "shuffle": true, "lr": 0.01}, "trainer": {"trainer_type": "standard", "save_path": "./.training_results/"}, "strategy": {"role": "client", "strategy_name": "rbla"}}}, {"index": 7, "node_id": "client.8", "yaml": {"role": "client", "training_logger": {"name": "train", "path": "./experiment_results/", "prefix": "", "save_weights": false}, "data_loader": {"name": "qmnist", "root": "../.dataset", "split": "", "batch_size": 64, "shuffle": true, "num_workers": 0, "is_download": true, "is_load_train_set": true, "is_load_test_set": true, "task_type": "cv"}, "nn_model": {"name": "simple_lora_mlp", "input_dim": 0, "hidden_dim": 0, "output_dim": 0, "softmax_dim": 1, "lora_mode": "standard", "rank_ratio": 0.4642, "cap_lora_rank_to_matrix_dim": true, "share_model": false}, "loss_func": {"type": "CrossEntropyLoss", "reduction": "mean", "weight": "None"}, "optimizer": {"type": "SGD", "lr": 0.01, "weight_decay": 0.0001, "momentum": 0.0, "nesterov": false, "betas": [0.9, 0.999], "amsgrad": false, "eps": "1e-8", "alpha": "None", "centered": "None"}, "training": {"epochs": 5, "batch_size": 64, "shuffle": true, "lr": 0.01}, "trainer": {"trainer_type": "standard", "save_path": "./.training_results/"}, "strategy": {"role": "client", "strategy_name": "rbla"}}}, {"index": 8, "node_id": "client.9", "yaml": {"role": "client", "training_logger": {"name": "train", "path": "./experiment_results/", "prefix": "", "save_weights": false}, "data_loader": {"name": "qmnist", "root": "../.dataset", "split": "", "batch_size": 64, "shuffle": true, "num_workers": 0, "is_download": true, "is_load_train_set": true, "is_load_test_set": true, "task_type": "cv"}, "nn_model": {"name": "simple_lora_mlp", "input_dim": 0, "hidden_dim": 0, "output_dim": 0, "softmax_dim": 1, "lora_mode": "standard", "rank_ratio": 1.0, "cap_lora_rank_to_matrix_dim": true, "share_model": false}, "loss_func": {"type": "CrossEntropyLoss", "reduction": "mean", "weight": "None"}, "optimizer": {"type": "SGD", "lr": 0.01, "weight_decay": 0.0001, "momentum": 0.0, "nesterov": false, "betas": [0.9, 0.999], "amsgrad": false, "eps": "1e-8", "alpha": "None", "centered": "None"}, "training": {"epochs": 5, "batch_size": 64, "shuffle": true, "lr": 0.01}, "trainer": {"trainer_type": "standard", "save_path": "./.training_results/"}, "strategy": {"role": "client", "strategy_name": "rbla"}}}, {"index": 9, "node_id": "client.10", "yaml": {"role": "client", "training_logger": {"name": "train", "path": "./experiment_results/", "prefix": "", "save_weights": false}, "data_loader": {"name": "qmnist", "root": "../.dataset", "split": "", "batch_size": 64, "shuffle": true, "num_workers": 0, "is_download": true, "is_load_train_set": true, "is_load_test_set": true, "task_type": "cv"}, "nn_model": {"name": "simple_lora_mlp", "input_dim": 0, "hidden_dim": 0, "output_dim": 0, "softmax_dim": 1, "lora_mode": "standard", "rank_ratio": 0.3836, "cap_lora_rank_to_matrix_dim": true, "share_model": false}, "loss_func": {"type": "CrossEntropyLoss", "reduction": "mean", "weight": "None"}, "optimizer": {"type": "SGD", "lr": 0.01, "weight_decay": 0.0001, "momentum": 0.0, "nesterov": false, "betas": [0.9, 0.999], "amsgrad": false, "eps": "1e-8", "alpha": "None", "centered": "None"}, "training": {"epochs": 5, "batch_size": 64, "shuffle": true, "lr": 0.01}, "trainer": {"trainer_type": "standard", "save_path": "./.training_results/"}, "strategy": {"role": "client", "strategy_name": "rbla"}}}]}, "effective_client_rank_ratios": [0.4416, 0.5644, 0.25, 0.4404, 0.3107, 0.3121, 0.535, 0.4642, 1.0, 0.3836], "effective_client_share_model": [false, false, false, false, false, false, false, false, false, false], "rank_distribution": {"rank_ratio_list": [0.4416, 0.5644, 0.25, 0.4404, 0.3107, 0.3121, 0.535, 0.4642, 1.0, 0.3836]}, "rank_ratio_list": [0.4416, 0.5644, 0.25, 0.4404, 0.3107, 0.3121, 0.535, 0.4642, 1.0, 0.3836], "rank_ratio_list_str": "[0.4416, 0.5644, 0.25, 0.4404, 0.3107, 0.3121, 0.535, 0.4642, 1.0, 0.3836]", "epoch": 5, "batch_size": 64}

round,accuracy,average_loss,perplexity,precision,recall,f1_score,matthews_correlation,mcc,total_test_samples,invalid_label_samples,evaluation_status
0,0.11076666666666667,2.2870390625,9.845741852724831,0.14563915122736298,0.11077607516838657,0.08458368239772757,0.01242386226297332,0.01242386226297332,60000,0,evaluated
1,0.13495,2.284548307291667,9.821249035393922,0.1529044017216989,0.13209808981877283,0.06774229285546315,0.04383669990346667,0.04383669990346667,60000,0,evaluated
2,0.14445,2.2822963541666668,9.799156927469298,0.17656479850768642,0.14092494091106594,0.06846246242170337,0.061294432769233534,0.061294432769233534,60000,0,evaluated
3,0.15161666666666668,2.279501692708333,9.77180983201547,0.1074750149471555,0.1478963707611515,0.07393948006361042,0.07458083023930324,0.07458083023930324,60000,0,evaluated
4,0.15818333333333334,2.2759721354166667,9.737380465323994,0.12057311144854321,0.15434688958094797,0.07880475408705849,0.08636881163656757,0.08636881163656757,60000,0,evaluated
5,0.16518333333333332,2.272083723958333,9.699591041576483,0.14525227996723714,0.16128579390628386,0.08454259348341084,0.09725717243326949,0.09725717243326949,60000,0,evaluated
6,0.17475,2.2679641927083334,9.659715463905139,0.22973244246187075,0.1708190806023399,0.09132647174066004,0.10984079462837384,0.10984079462837384,60000,0,evaluated
7,0.18351666666666666,2.263774609375,9.619329939325752,0.2494167940227468,0.17955791936699164,0.09837427875851691,0.12133086985117131,0.12133086985117131,60000,0,evaluated
8,0.19305,2.2595571614583334,9.578846345044935,0.26895590759076904,0.1890523285728936,0.104502418750043,0.13329425427191496,0.13329425427191496,60000,0,evaluated
9,0.19995,2.2551149739583334,9.536389683588487,0.23415510913096527,0.1958927749404454,0.10915424772685098,0.14260699202034657,0.14260699202034657,60000,0,evaluated
10,0.21211666666666668,2.2501361979166665,9.489028134215461,0.24895664072341644,0.2080428251729943,0.11598481574117599,0.1556523466393085,0.1556523466393085,60000,0,evaluated
11,0.2228,2.244642708333333,9.437043177149546,0.31558318898875387,0.2187115329088744,0.12269168607345822,0.16748732566998145,0.16748732566998145,60000,0,evaluated
12,0.23298333333333332,2.2381194010416667,9.375682798474704,0.32494953313298125,0.22887545771412116,0.1284928415912991,0.17863993585293103,0.17863993585293103,60000,0,evaluated
13,0.24423333333333333,2.2301151041666665,9.300936594427958,0.2255653445461329,0.24021181447146994,0.13345703710377552,0.18972767640957408,0.18972767640957408,60000,0,evaluated
14,0.2562333333333333,2.219921484375,9.206607974924223,0.22385364669788207,0.2523015342277638,0.14313028864749203,0.2025795762303826,0.2025795762303826,60000,0,evaluated
15,0.26405,2.20728046875,9.090959596142831,0.22489659418429514,0.2601555461652635,0.14835710349547032,0.21160725954060444,0.21160725954060444,60000,0,evaluated
16,0.27605,2.190770833333333,8.942103330070664,0.3236292674775802,0.27214972326897974,0.16046030827175467,0.22511674583745897,0.22511674583745897,60000,0,evaluated
17,0.29205,2.1697524739583334,8.756116405644573,0.30044884443221004,0.288192936009509,0.1795302262289267,0.24230228493228623,0.24230228493228623,60000,0,evaluated
18,0.31771666666666665,2.14306875,8.525560339643798,0.29833891024501447,0.3138582840542303,0.2071479477100206,0.27000223122930506,0.27000223122930506,60000,0,evaluated
19,0.33798333333333336,2.1103182291666664,8.25086653327032,0.3041240445111357,0.334177614464081,0.22507074998298462,0.2921333171766307,0.2921333171766307,60000,0,evaluated
20,0.35506666666666664,2.071264453125,7.93485002314584,0.3319465303713402,0.3513177641067785,0.23912358779098208,0.3110210528110142,0.3110210528110142,60000,0,evaluated
21,0.36346666666666666,2.0262002604166667,7.585209710067637,0.3064816297295223,0.35975235632157637,0.24493934911127418,0.3192400092751677,0.3192400092751677,60000,0,evaluated
22,0.36841666666666667,1.9777735026041667,7.226634975640826,0.30029264117676824,0.3648030752490351,0.24870629125347934,0.32446236150297125,0.32446236150297125,60000,0,evaluated
23,0.37906666666666666,1.9244143880208333,6.851135383949146,0.3086995741356463,0.3755058651340168,0.2598254623441287,0.33618557959198964,0.33618557959198964,60000,0,evaluated
24,0.3890166666666667,1.8700415364583334,6.488565905736888,0.3125017609730767,0.3856653868834178,0.27398316961594443,0.34464609683083053,0.34464609683083053,60000,0,evaluated
25,0.3968833333333333,1.8146874674479168,6.1391571911231315,0.3961754802082301,0.3940068128185641,0.28760264644815525,0.3528421477242187,0.3528421477242187,60000,0,evaluated
26,0.4073833333333333,1.7576566080729166,5.798832522535232,0.4049808838403834,0.4046854641209003,0.303302880996029,0.36321361314023226,0.36321361314023226,60000,0,evaluated
27,0.42765,1.702413671875,5.4871756625223105,0.40416889399870914,0.4242508268962406,0.333852247082512,0.38338809096892623,0.38338809096892623,60000,0,evaluated
28,0.44925,1.645384228515625,5.183000981183745,0.41075035169439733,0.4450725829884975,0.36527175837424564,0.40580891185548174,0.40580891185548174,60000,0,evaluated
29,0.47518333333333335,1.59252744140625,4.916158542093755,0.4129095967234367,0.47009240748609227,0.3972806990439185,0.43134443981293974,0.43134443981293974,60000,0,evaluated
30,0.5038833333333333,1.5397471842447916,4.66341113813399,0.42176948956945975,0.4971666162895468,0.4291787552343977,0.4610924810634154,0.4610924810634154,60000,0,evaluated
31,0.5189333333333334,1.4898562581380208,4.436457768468807,0.4275512956530405,0.5115431939194737,0.4447168758294337,0.4770396283574905,0.4770396283574905,60000,0,evaluated
32,0.53945,1.4437587768554687,4.236590323986292,0.4363575157777758,0.5311242542046265,0.4651802621290722,0.4984223046109032,0.4984223046109032,60000,0,evaluated
33,0.5558333333333333,1.3989674601236979,4.051014972131306,0.44453706101483553,0.5470881463198435,0.4810619361004821,0.5156225671578449,0.5156225671578449,60000,0,evaluated
34,0.5671,1.3585565877278645,3.8905735453571975,0.45371953443306345,0.558339555595391,0.4934683209776566,0.5276281256922148,0.5276281256922148,60000,0,evaluated
35,0.5743666666666667,1.323490460205078,3.7565104708000496,0.46166638645227315,0.5654378877027426,0.5016705153607918,0.5355931663659415,0.5355931663659415,60000,0,evaluated
36,0.58515,1.2838295471191405,3.6104396337030114,0.5670815640584094,0.5760572161296318,0.5109660555073856,0.5473443960912506,0.5473443960912506,60000,0,evaluated
37,0.5923166666666667,1.2527668782552084,3.500013684186192,0.5417361441068878,0.5832780067504482,0.5190487800712549,0.5551885388026755,0.5551885388026755,60000,0,evaluated
38,0.5980666666666666,1.2239764302571614,3.4006834640445245,0.5538661476914511,0.5891012782417462,0.5251705787898331,0.5616409749619796,0.5616409749619796,60000,0,evaluated
39,0.6038833333333333,1.1936560414632162,3.2991209079817083,0.5476677947036225,0.5949834092656218,0.5314857874670598,0.5681631249485195,0.5681631249485195,60000,0,evaluated
40,0.6095833333333334,1.1662155120849609,3.2098220904975143,0.5432318679936644,0.6011497625017493,0.5386155765141748,0.5744375826887682,0.5744375826887682,60000,0,evaluated
41,0.61235,1.1444984018961588,3.1408655094672113,0.5436213911706299,0.6040489277472822,0.5425089837586279,0.5775122396879181,0.5775122396879181,60000,0,evaluated
42,0.6173666666666666,1.122227858988444,3.0716898779103246,0.5530101213819469,0.6092791735386313,0.5482590831952948,0.5832011600505863,0.5832011600505863,60000,0,evaluated
43,0.62055,1.1021599904378254,3.0106620069367533,0.5554900649257382,0.6124836547028254,0.5529329141396836,0.58673874445559,0.58673874445559,60000,0,evaluated
44,0.6217333333333334,1.086587210591634,2.9641408027039606,0.5620225269995812,0.6137759665778899,0.5560798408737401,0.5883090128573673,0.5883090128573673,60000,0,evaluated
45,0.6286666666666667,1.064116721089681,2.8982778654203347,0.5685306812909438,0.6209951061808793,0.5630139034590411,0.5958710876021269,0.5958710876021269,60000,0,evaluated
46,0.6325666666666667,1.0463564112345378,2.847257958252012,0.5752785949433963,0.6250490449492301,0.5684208364572287,0.6002091009114067,0.6002091009114067,60000,0,evaluated
47,0.63735,1.0297782457987468,2.800444755448259,0.5829615862230966,0.6300488467177281,0.5756233981489077,0.6054542106680175,0.6054542106680175,60000,0,evaluated
48,0.6404333333333333,1.0148847651163737,2.7590454407765,0.5879668788467859,0.6331754396837574,0.5796230628292599,0.6088625027035356,0.6088625027035356,60000,0,evaluated
49,0.6442833333333333,1.0017688674926757,2.7230943639352927,0.6907314344916952,0.637182504361943,0.5858709445173972,0.6129016558241575,0.6129016558241575,60000,0,evaluated
50,0.6462666666666667,0.9903863344828288,2.692274389892377,0.6951272076333248,0.6392644095086114,0.590596105451986,0.6150989996704547,0.6150989996704547,60000,0,evaluated
51,0.6515333333333333,0.9724085749308268,2.644305804060256,0.6995770878707397,0.644763665797949,0.5961615292389653,0.6210045196634976,0.6210045196634976,60000,0,evaluated
52,0.6538166666666667,0.962849844233195,2.619150017231613,0.7041614751530271,0.6471264749726477,0.598404137234384,0.6237392667028271,0.6237392667028271,60000,0,evaluated
53,0.65565,0.9562981946309408,2.602046353847597,0.6985735029172172,0.6487966733937856,0.6043969360591899,0.6252247641307073,0.6252247641307073,60000,0,evaluated
54,0.65865,0.9376915837605794,2.5540787312011757,0.7070946939489601,0.6521361051509896,0.6029665478274417,0.6294735774704255,0.6294735774704255,60000,0,evaluated
55,0.66025,0.9366315987904866,2.551372880467574,0.7118073015760218,0.6541051221134707,0.6114418061862694,0.6313678433884058,0.6313678433884058,60000,0,evaluated
56,0.6667833333333333,0.9195435098012288,2.508145184874751,0.7137462912406424,0.660474601080898,0.61961172958901,0.6374876464210384,0.6374876464210384,60000,0,evaluated
57,0.6696833333333333,0.9121416653951009,2.4896488225135376,0.7139758677242707,0.6634861225575931,0.622679704463598,0.6407863619212097,0.6407863619212097,60000,0,evaluated
58,0.6737166666666666,0.9010920964558919,2.462290702284799,0.7191688730827474,0.6677207354761592,0.6286583455760921,0.6452572257329501,0.6452572257329501,60000,0,evaluated
59,0.6735833333333333,0.8948577404022217,2.446987657220437,0.7134991244635837,0.6671435055407177,0.6294225569563285,0.645028870515764,0.645028870515764,60000,0,evaluated
60,0.6790666666666667,0.8842938552856445,2.4212740178212697,0.7260242006843228,0.673348691495703,0.6368112804968107,0.651466151539873,0.651466151539873,60000,0,evaluated
61,0.6838,0.8761699776967367,2.401683567046385,0.7215177626839427,0.6779067854212486,0.6444220098521898,0.6556824369680445,0.6556824369680445,60000,0,evaluated
62,0.6843666666666667,0.8692733823776245,2.3851771119949214,0.724318135350799,0.6784977218812906,0.6447385435076728,0.6566328864907321,0.6566328864907321,60000,0,evaluated
63,0.6879666666666666,0.8624581111272176,2.368976750630984,0.7272335812013181,0.682090363862285,0.6506459640213772,0.6602975495002549,0.6602975495002549,60000,0,evaluated
64,0.6929666666666666,0.8507407548268636,2.3413805986860736,0.7282424176897786,0.6872813841781784,0.6573044903513059,0.665678604499353,0.665678604499353,60000,0,evaluated
65,0.6966166666666667,0.8440369273503622,2.325736882071665,0.7298221952311836,0.6908744431185498,0.6630346587308857,0.6694538575264973,0.6694538575264973,60000,0,evaluated
66,0.6941666666666667,0.847576216506958,2.3339829213502994,0.7289082699321905,0.6881275032343668,0.6607661307041893,0.6667788372070255,0.6667788372070255,60000,0,evaluated
67,0.7014666666666667,0.8334827577590942,2.3013197385829933,0.7352307951575072,0.6957986911371093,0.6707532896756666,0.6746349154418827,0.6746349154418827,60000,0,evaluated
68,0.7038666666666666,0.8256463795344035,2.283356203150997,0.7372768222925259,0.6983840886363903,0.6731715362241224,0.6774501251393679,0.6774501251393679,60000,0,evaluated
69,0.7062333333333334,0.8199696425755819,2.270430912051402,0.7395556271591677,0.7007539680570761,0.6765766882675073,0.6798963705183941,0.6798963705183941,60000,0,evaluated
70,0.7104166666666667,0.8136012436548868,2.2560178450736093,0.7389802927934124,0.7049140845381501,0.6826769018873224,0.684057627753678,0.684057627753678,60000,0,evaluated
71,0.7095166666666667,0.8111518090565999,2.250498639136001,0.7424784707048989,0.7040590169293599,0.6817635084226227,0.6835991356856622,0.6835991356856622,60000,0,evaluated
72,0.7127666666666667,0.8057835081736247,2.238449655525348,0.7437581704869045,0.7072717461733192,0.6865078269704799,0.6867172093898662,0.6867172093898662,60000,0,evaluated
73,0.7138166666666667,0.7997154511133829,2.224907743389475,0.7455072025973446,0.7083600142754733,0.6868111865158064,0.6880295240139583,0.6880295240139583,60000,0,evaluated
74,0.7172,0.7918374831517537,2.2074488520576847,0.7466464807429622,0.7117927388294398,0.6917435869478694,0.6916257684679091,0.6916257684679091,60000,0,evaluated
75,0.7240166666666666,0.784768404006958,2.191899246862827,0.7493298596592493,0.718693834257839,0.7004183381213,0.6984958641506399,0.6984958641506399,60000,0,evaluated
76,0.71805,0.7899070363998413,2.2031916001124103,0.7483257799077103,0.7126227893255929,0.693821883573852,0.6924658777333335,0.6924658777333335,60000,0,evaluated
77,0.7227666666666667,0.780070620473226,2.181626327541823,0.7531679625609389,0.7176407091199961,0.700170342767638,0.6977839271360118,0.6977839271360118,60000,0,evaluated
78,0.7228666666666667,0.7796866676330566,2.180788846704037,0.7529541449626092,0.7175865477656493,0.7017394553713554,0.6975070901799101,0.6975070901799101,60000,0,evaluated
79,0.7240166666666666,0.7751927323023479,2.1710105107182884,0.7540855388478539,0.718735283518632,0.7010129440618893,0.699033107407684,0.699033107407684,60000,0,evaluated
80,0.7273,0.7706355906804403,2.1611394174265297,0.7563147197266038,0.7220024416099398,0.7058241372606194,0.7022364662679604,0.7022364662679604,60000,0,evaluated
81,0.7272166666666666,0.7693978786468506,2.1584662038388935,0.7562155412939938,0.7218526342160712,0.7072037006156168,0.7021598055307616,0.7021598055307616,60000,0,evaluated
82,0.7302833333333333,0.7625396769205729,2.1437136530021434,0.7589006259633216,0.7250753589731287,0.7106972943571076,0.7054918247616331,0.7054918247616331,60000,0,evaluated
83,0.7327333333333333,0.7553179445266723,2.1282880933441968,0.7613173549696539,0.7275855674577991,0.7127563736610993,0.7082280986658652,0.7082280986658652,60000,0,evaluated
84,0.73555,0.7528940297444662,2.1231355515578016,0.7638083259603407,0.7304470484672281,0.7176008602066429,0.7110755508175431,0.7110755508175431,60000,0,evaluated
85,0.7354666666666667,0.7514688850402832,2.1201119312302423,0.763451418182706,0.7303047580225452,0.7167433415294053,0.7109026943449285,0.7109026943449285,60000,0,evaluated
86,0.7371666666666666,0.7473418832778931,2.111380255766863,0.7645591178366951,0.73201756780984,0.7187392623249785,0.7127605412222444,0.7127605412222444,60000,0,evaluated
87,0.7370166666666667,0.7453393200556437,2.1071563140852048,0.7654547823984728,0.7318083971831456,0.7191256277750068,0.7126279284812769,0.7126279284812769,60000,0,evaluated
88,0.7364666666666667,0.7451273504892985,2.1067097084101643,0.7656207955637727,0.7312852400758373,0.7185309361417508,0.7120911171483488,0.7120911171483488,60000,0,evaluated
89,0.7422,0.7360457962036133,2.0876641224882384,0.7682996669406148,0.7371497604398564,0.7256637325673176,0.7180709887939766,0.7180709887939766,60000,0,evaluated
90,0.7420166666666667,0.7337454223632812,2.082867233987194,0.7701690399666411,0.7369709020009552,0.7250539232737033,0.7180314526244583,0.7180314526244583,60000,0,evaluated
91,0.7425666666666667,0.733075098546346,2.0814715063197493,0.7695440657782339,0.7374384336341789,0.7262451736287374,0.7184468231901681,0.7184468231901681,60000,0,evaluated
92,0.74505,0.7280039933522542,2.0709428638424394,0.7733764970767733,0.7401702694802298,0.7295341938831702,0.7213042923144047,0.7213042923144047,60000,0,evaluated
93,0.7467666666666667,0.7224494936625163,2.0594717001282006,0.7726818772783219,0.7417253973568714,0.7308608646707031,0.7230169991547539,0.7230169991547539,60000,0,evaluated
94,0.7456,0.7246845477422078,2.0640798785992938,0.7739763136681399,0.7405956196414551,0.7299412674084407,0.7219112467679998,0.7219112467679998,60000,0,evaluated
95,0.7503166666666666,0.7167059921264648,2.047677025045644,0.7773693594787012,0.7454080900894555,0.7356201167540183,0.7268394267300392,0.7268394267300392,60000,0,evaluated
96,0.7342,0.7380585106531778,2.0918702256558017,0.773099187208232,0.7292329356660316,0.7160869937696663,0.7107377311481157,0.7107377311481157,60000,0,evaluated
97,0.7476666666666667,0.7181825216293335,2.0507027137951206,0.7749939476946923,0.7425820915701562,0.7321104787610462,0.7239963792496615,0.7239963792496615,60000,0,evaluated
98,0.7506833333333334,0.7101087184906005,2.0342124031273148,0.7769462187253187,0.7456672458585681,0.7351356908904391,0.7272952500631517,0.7272952500631517,60000,0,evaluated
99,0.7431,0.7282285360336304,2.071407931117836,0.7720383618217135,0.7377729848058207,0.727619714552157,0.7189684144576193,0.7189684144576193,60000,0,evaluated
100,0.7527333333333334,0.70558973681132,2.0250405738184276,0.7794749724627799,0.7478064700310696,0.7377513367521791,0.729545907666342,0.729545907666342,60000,0,evaluated
