Config,{"general": {"device": "cuda:0", "training_rounds": 100, "train_optimization": {"cudnn_benchmark": true, "pin_memory": true, "fused_optimizer": false, "torch_compile": false, "non_blocking_transfer": true}}, "dataset": "mnist", "model": "simple_lora_mlp", "loss_function": "CrossEntropyLoss", "aggregation": "sp", "client_selection": {"method": "random", "round": 1, "client_selection_round": 1, "number": 10, "random_seed": 42}, "hyperparameters": {"training_rounds": 100, "local_epochs": 5, "selected_clients": 10, "client_selection_round": 1, "client_selection_method": "random", "optimizer": "SGD", "lr": 0.01, "momentum": 0.0, "weight_decay": 0.0001, "nesterov": false, "batch_size": 64, "shuffle": true, "trainer_type": "standard", "rank_ratio_list": [0.3, 0.8, 0.7, 0.4, 0.1, 0.2, 0.9, 0.6, 1.0, 0.5]}, "effective_yaml": {"server_yaml": {"role": "server", "general": {"device": "cuda:0", "training_rounds": 100, "train_optimization": {"cudnn_benchmark": true, "pin_memory": true, "fused_optimizer": false, "torch_compile": false, "non_blocking_transfer": true}}, "training_logger": {"name": "train", "path": "./experiment_results/", "prefix": "sp_", "save_weights": false}, "data_loader": {"name": "mnist", "root": ".dataset", "split": "", "batch_size": 64, "shuffle": true, "num_workers": 0, "is_download": true, "is_load_train_set": true, "is_load_test_set": true, "task_type": "cv"}, "nn_model": {"name": "simple_lora_mlp", "input_dim": 0, "hidden_dim": 0, "output_dim": 0, "softmax_dim": 1, "lora_mode": "standard", "rank_ratio": 1.0, "cap_lora_rank_to_matrix_dim": true, "share_model": false}, "loss_func": {"type": "CrossEntropyLoss", "reduction": "mean", "weight": "None"}, "optimizer": {"type": "SGD", "lr": 0.01, "weight_decay": 0.0001, "momentum": 0.0, "nesterov": false, "betas": [0.9, 0.999], "amsgrad": false, "eps": "1e-8", "alpha": "None", "centered": "None"}, "training": {"epochs": 5, "batch_size": 64, "shuffle": true, "lr": 0.01}, "trainer": {"trainer_type": "standard", "save_path": "./.training_results/"}, "data_distribution": {"use": "mnist_dirichlet_0_8_seed_2", "custom_define": {"mnist_dirichlet_0_8_seed_2": [[142, 1452, 0, 1097, 709, 86, 11, 123, 60, 1507], [1066, 1132, 42, 572, 24, 35, 2592, 567, 1032, 89], [523, 617, 2896, 348, 6, 748, 563, 450, 377, 176], [94, 365, 198, 1219, 146, 854, 52, 1776, 867, 139], [139, 45, 58, 76, 1410, 1367, 356, 50, 176, 393], [469, 702, 267, 236, 336, 429, 286, 1310, 119, 37], [312, 1463, 502, 38, 75, 249, 477, 141, 659, 3431], [288, 225, 1555, 1610, 85, 1196, 107, 245, 751, 53], [2624, 494, 19, 446, 490, 296, 863, 676, 1661, 120], [266, 247, 421, 489, 2561, 161, 611, 927, 149, 4]]}}, "client_selection": {"method": "random", "round": 1, "client_selection_round": 1, "number": 10, "random_seed": 42}, "strategy": {"role": "server", "strategy_name": "sp"}, "aggregation": {"method": "sp", "device": "cpu", "is_wbab": false}, "rank_distribution": {"rank_ratio_list": [0.3, 0.8, 0.7, 0.4, 0.1, 0.2, 0.9, 0.6, 1.0, 0.5]}, "lora_inference": {"device": "cpu", "lora_mode": "standard", "scaling": 0.5, "rank_ratio": 1, "use_bias": true, "alpha": 0}}, "client_yamls": [{"index": 0, "node_id": "client.1", "yaml": {"role": "client", "training_logger": {"name": "train", "path": "./experiment_results/", "prefix": "", "save_weights": false}, "data_loader": {"name": "mnist", "root": ".dataset", "split": "", "batch_size": 64, "shuffle": true, "num_workers": 0, "is_download": true, "is_load_train_set": true, "is_load_test_set": true, "task_type": "cv"}, "nn_model": {"name": "simple_lora_mlp", "input_dim": 0, "hidden_dim": 0, "output_dim": 0, "softmax_dim": 1, "lora_mode": "standard", "rank_ratio": 0.3, "cap_lora_rank_to_matrix_dim": true, "share_model": false}, "loss_func": {"type": "CrossEntropyLoss", "reduction": "mean", "weight": "None"}, "optimizer": {"type": "SGD", "lr": 0.01, "weight_decay": 0.0001, "momentum": 0.0, "nesterov": false, "betas": [0.9, 0.999], "amsgrad": false, "eps": "1e-8", "alpha": "None", "centered": "None"}, "training": {"epochs": 5, "batch_size": 64, "shuffle": true, "lr": 0.01}, "trainer": {"trainer_type": "standard", "save_path": "./.training_results/"}, "strategy": {"role": "client", "strategy_name": "sp"}}}, {"index": 1, "node_id": "client.2", "yaml": {"role": "client", "training_logger": {"name": "train", "path": "./experiment_results/", "prefix": "", "save_weights": false}, "data_loader": {"name": "mnist", "root": ".dataset", "split": "", "batch_size": 64, "shuffle": true, "num_workers": 0, "is_download": true, "is_load_train_set": true, "is_load_test_set": true, "task_type": "cv"}, "nn_model": {"name": "simple_lora_mlp", "input_dim": 0, "hidden_dim": 0, "output_dim": 0, "softmax_dim": 1, "lora_mode": "standard", "rank_ratio": 0.8, "cap_lora_rank_to_matrix_dim": true, "share_model": false}, "loss_func": {"type": "CrossEntropyLoss", "reduction": "mean", "weight": "None"}, "optimizer": {"type": "SGD", "lr": 0.01, "weight_decay": 0.0001, "momentum": 0.0, "nesterov": false, "betas": [0.9, 0.999], "amsgrad": false, "eps": "1e-8", "alpha": "None", "centered": "None"}, "training": {"epochs": 5, "batch_size": 64, "shuffle": true, "lr": 0.01}, "trainer": {"trainer_type": "standard", "save_path": "./.training_results/"}, "strategy": {"role": "client", "strategy_name": "sp"}}}, {"index": 2, "node_id": "client.3", "yaml": {"role": "client", "training_logger": {"name": "train", "path": "./experiment_results/", "prefix": "", "save_weights": false}, "data_loader": {"name": "mnist", "root": ".dataset", "split": "", "batch_size": 64, "shuffle": true, "num_workers": 0, "is_download": true, "is_load_train_set": true, "is_load_test_set": true, "task_type": "cv"}, "nn_model": {"name": "simple_lora_mlp", "input_dim": 0, "hidden_dim": 0, "output_dim": 0, "softmax_dim": 1, "lora_mode": "standard", "rank_ratio": 0.7, "cap_lora_rank_to_matrix_dim": true, "share_model": false}, "loss_func": {"type": "CrossEntropyLoss", "reduction": "mean", "weight": "None"}, "optimizer": {"type": "SGD", "lr": 0.01, "weight_decay": 0.0001, "momentum": 0.0, "nesterov": false, "betas": [0.9, 0.999], "amsgrad": false, "eps": "1e-8", "alpha": "None", "centered": "None"}, "training": {"epochs": 5, "batch_size": 64, "shuffle": true, "lr": 0.01}, "trainer": {"trainer_type": "standard", "save_path": "./.training_results/"}, "strategy": {"role": "client", "strategy_name": "sp"}}}, {"index": 3, "node_id": "client.4", "yaml": {"role": "client", "training_logger": {"name": "train", "path": "./experiment_results/", "prefix": "", "save_weights": false}, "data_loader": {"name": "mnist", "root": ".dataset", "split": "", "batch_size": 64, "shuffle": true, "num_workers": 0, "is_download": true, "is_load_train_set": true, "is_load_test_set": true, "task_type": "cv"}, "nn_model": {"name": "simple_lora_mlp", "input_dim": 0, "hidden_dim": 0, "output_dim": 0, "softmax_dim": 1, "lora_mode": "standard", "rank_ratio": 0.4, "cap_lora_rank_to_matrix_dim": true, "share_model": false}, "loss_func": {"type": "CrossEntropyLoss", "reduction": "mean", "weight": "None"}, "optimizer": {"type": "SGD", "lr": 0.01, "weight_decay": 0.0001, "momentum": 0.0, "nesterov": false, "betas": [0.9, 0.999], "amsgrad": false, "eps": "1e-8", "alpha": "None", "centered": "None"}, "training": {"epochs": 5, "batch_size": 64, "shuffle": true, "lr": 0.01}, "trainer": {"trainer_type": "standard", "save_path": "./.training_results/"}, "strategy": {"role": "client", "strategy_name": "sp"}}}, {"index": 4, "node_id": "client.5", "yaml": {"role": "client", "training_logger": {"name": "train", "path": "./experiment_results/", "prefix": "", "save_weights": false}, "data_loader": {"name": "mnist", "root": ".dataset", "split": "", "batch_size": 64, "shuffle": true, "num_workers": 0, "is_download": true, "is_load_train_set": true, "is_load_test_set": true, "task_type": "cv"}, "nn_model": {"name": "simple_lora_mlp", "input_dim": 0, "hidden_dim": 0, "output_dim": 0, "softmax_dim": 1, "lora_mode": "standard", "rank_ratio": 0.1, "cap_lora_rank_to_matrix_dim": true, "share_model": false}, "loss_func": {"type": "CrossEntropyLoss", "reduction": "mean", "weight": "None"}, "optimizer": {"type": "SGD", "lr": 0.01, "weight_decay": 0.0001, "momentum": 0.0, "nesterov": false, "betas": [0.9, 0.999], "amsgrad": false, "eps": "1e-8", "alpha": "None", "centered": "None"}, "training": {"epochs": 5, "batch_size": 64, "shuffle": true, "lr": 0.01}, "trainer": {"trainer_type": "standard", "save_path": "./.training_results/"}, "strategy": {"role": "client", "strategy_name": "sp"}}}, {"index": 5, "node_id": "client.6", "yaml": {"role": "client", "training_logger": {"name": "train", "path": "./experiment_results/", "prefix": "", "save_weights": false}, "data_loader": {"name": "mnist", "root": ".dataset", "split": "", "batch_size": 64, "shuffle": true, "num_workers": 0, "is_download": true, "is_load_train_set": true, "is_load_test_set": true, "task_type": "cv"}, "nn_model": {"name": "simple_lora_mlp", "input_dim": 0, "hidden_dim": 0, "output_dim": 0, "softmax_dim": 1, "lora_mode": "standard", "rank_ratio": 0.2, "cap_lora_rank_to_matrix_dim": true, "share_model": false}, "loss_func": {"type": "CrossEntropyLoss", "reduction": "mean", "weight": "None"}, "optimizer": {"type": "SGD", "lr": 0.01, "weight_decay": 0.0001, "momentum": 0.0, "nesterov": false, "betas": [0.9, 0.999], "amsgrad": false, "eps": "1e-8", "alpha": "None", "centered": "None"}, "training": {"epochs": 5, "batch_size": 64, "shuffle": true, "lr": 0.01}, "trainer": {"trainer_type": "standard", "save_path": "./.training_results/"}, "strategy": {"role": "client", "strategy_name": "sp"}}}, {"index": 6, "node_id": "client.7", "yaml": {"role": "client", "training_logger": {"name": "train", "path": "./experiment_results/", "prefix": "", "save_weights": false}, "data_loader": {"name": "mnist", "root": ".dataset", "split": "", "batch_size": 64, "shuffle": true, "num_workers": 0, "is_download": true, "is_load_train_set": true, "is_load_test_set": true, "task_type": "cv"}, "nn_model": {"name": "simple_lora_mlp", "input_dim": 0, "hidden_dim": 0, "output_dim": 0, "softmax_dim": 1, "lora_mode": "standard", "rank_ratio": 0.9, "cap_lora_rank_to_matrix_dim": true, "share_model": false}, "loss_func": {"type": "CrossEntropyLoss", "reduction": "mean", "weight": "None"}, "optimizer": {"type": "SGD", "lr": 0.01, "weight_decay": 0.0001, "momentum": 0.0, "nesterov": false, "betas": [0.9, 0.999], "amsgrad": false, "eps": "1e-8", "alpha": "None", "centered": "None"}, "training": {"epochs": 5, "batch_size": 64, "shuffle": true, "lr": 0.01}, "trainer": {"trainer_type": "standard", "save_path": "./.training_results/"}, "strategy": {"role": "client", "strategy_name": "sp"}}}, {"index": 7, "node_id": "client.8", "yaml": {"role": "client", "training_logger": {"name": "train", "path": "./experiment_results/", "prefix": "", "save_weights": false}, "data_loader": {"name": "mnist", "root": ".dataset", "split": "", "batch_size": 64, "shuffle": true, "num_workers": 0, "is_download": true, "is_load_train_set": true, "is_load_test_set": true, "task_type": "cv"}, "nn_model": {"name": "simple_lora_mlp", "input_dim": 0, "hidden_dim": 0, "output_dim": 0, "softmax_dim": 1, "lora_mode": "standard", "rank_ratio": 0.6, "cap_lora_rank_to_matrix_dim": true, "share_model": false}, "loss_func": {"type": "CrossEntropyLoss", "reduction": "mean", "weight": "None"}, "optimizer": {"type": "SGD", "lr": 0.01, "weight_decay": 0.0001, "momentum": 0.0, "nesterov": false, "betas": [0.9, 0.999], "amsgrad": false, "eps": "1e-8", "alpha": "None", "centered": "None"}, "training": {"epochs": 5, "batch_size": 64, "shuffle": true, "lr": 0.01}, "trainer": {"trainer_type": "standard", "save_path": "./.training_results/"}, "strategy": {"role": "client", "strategy_name": "sp"}}}, {"index": 8, "node_id": "client.9", "yaml": {"role": "client", "training_logger": {"name": "train", "path": "./experiment_results/", "prefix": "", "save_weights": false}, "data_loader": {"name": "mnist", "root": ".dataset", "split": "", "batch_size": 64, "shuffle": true, "num_workers": 0, "is_download": true, "is_load_train_set": true, "is_load_test_set": true, "task_type": "cv"}, "nn_model": {"name": "simple_lora_mlp", "input_dim": 0, "hidden_dim": 0, "output_dim": 0, "softmax_dim": 1, "lora_mode": "standard", "rank_ratio": 1.0, "cap_lora_rank_to_matrix_dim": true, "share_model": false}, "loss_func": {"type": "CrossEntropyLoss", "reduction": "mean", "weight": "None"}, "optimizer": {"type": "SGD", "lr": 0.01, "weight_decay": 0.0001, "momentum": 0.0, "nesterov": false, "betas": [0.9, 0.999], "amsgrad": false, "eps": "1e-8", "alpha": "None", "centered": "None"}, "training": {"epochs": 5, "batch_size": 64, "shuffle": true, "lr": 0.01}, "trainer": {"trainer_type": "standard", "save_path": "./.training_results/"}, "strategy": {"role": "client", "strategy_name": "sp"}}}, {"index": 9, "node_id": "client.10", "yaml": {"role": "client", "training_logger": {"name": "train", "path": "./experiment_results/", "prefix": "", "save_weights": false}, "data_loader": {"name": "mnist", "root": ".dataset", "split": "", "batch_size": 64, "shuffle": true, "num_workers": 0, "is_download": true, "is_load_train_set": true, "is_load_test_set": true, "task_type": "cv"}, "nn_model": {"name": "simple_lora_mlp", "input_dim": 0, "hidden_dim": 0, "output_dim": 0, "softmax_dim": 1, "lora_mode": "standard", "rank_ratio": 0.5, "cap_lora_rank_to_matrix_dim": true, "share_model": false}, "loss_func": {"type": "CrossEntropyLoss", "reduction": "mean", "weight": "None"}, "optimizer": {"type": "SGD", "lr": 0.01, "weight_decay": 0.0001, "momentum": 0.0, "nesterov": false, "betas": [0.9, 0.999], "amsgrad": false, "eps": "1e-8", "alpha": "None", "centered": "None"}, "training": {"epochs": 5, "batch_size": 64, "shuffle": true, "lr": 0.01}, "trainer": {"trainer_type": "standard", "save_path": "./.training_results/"}, "strategy": {"role": "client", "strategy_name": "sp"}}}]}, "effective_client_rank_ratios": [0.3, 0.8, 0.7, 0.4, 0.1, 0.2, 0.9, 0.6, 1.0, 0.5], "effective_client_share_model": [false, false, false, false, false, false, false, false, false, false], "rank_distribution": {"rank_ratio_list": [0.3, 0.8, 0.7, 0.4, 0.1, 0.2, 0.9, 0.6, 1.0, 0.5]}, "rank_ratio_list": [0.3, 0.8, 0.7, 0.4, 0.1, 0.2, 0.9, 0.6, 1.0, 0.5], "rank_ratio_list_str": "[0.3, 0.8, 0.7, 0.4, 0.1, 0.2, 0.9, 0.6, 1.0, 0.5]", "epoch": 5, "batch_size": 64}

round,accuracy,average_loss,perplexity,precision,recall,f1_score,matthews_correlation,mcc,total_test_samples,invalid_label_samples,evaluation_status
0,0.1135,2.3021921875,9.9960717168321,0.01135,0.1,0.0203861697350696,0.0,0.0,10000,0,evaluated
1,0.1135,2.301703125,9.991184208254083,0.01135,0.1,0.0203861697350696,0.0,0.0,10000,0,evaluated
2,0.1135,2.3015140625,9.989295428544043,0.01135,0.1,0.0203861697350696,0.0,0.0,10000,0,evaluated
3,0.1135,2.3015875,9.990029044364205,0.01135,0.1,0.0203861697350696,0.0,0.0,10000,0,evaluated
4,0.1135,2.301909375,9.993245102519454,0.01135,0.1,0.0203861697350696,0.0,0.0,10000,0,evaluated
5,0.1135,2.301728125,9.99143399098156,0.01135,0.1,0.0203861697350696,0.0,0.0,10000,0,evaluated
6,0.1135,2.3015421875,9.989576381428853,0.01135,0.1,0.0203861697350696,0.0,0.0,10000,0,evaluated
7,0.1135,2.3013359375,9.987516243759186,0.01135,0.1,0.0203861697350696,0.0,0.0,10000,0,evaluated
8,0.1135,2.3012578125,9.986735999531325,0.01135,0.1,0.0203861697350696,0.0,0.0,10000,0,evaluated
9,0.1135,2.3011390625,9.985550145042886,0.01135,0.1,0.0203861697350696,0.0,0.0,10000,0,evaluated
10,0.1135,2.300978125,9.983943224876743,0.01135,0.1,0.0203861697350696,0.0,0.0,10000,0,evaluated
11,0.1135,2.300784375,9.982009023258758,0.01135,0.1,0.0203861697350696,0.0,0.0,10000,0,evaluated
12,0.1135,2.3006140625,9.980309107109575,0.01135,0.1,0.0203861697350696,0.0,0.0,10000,0,evaluated
13,0.1135,2.3005015625,9.979186385489303,0.01135,0.1,0.0203861697350696,0.0,0.0,10000,0,evaluated
14,0.1135,2.300453125,9.978703030355108,0.01135,0.1,0.0203861697350696,0.0,0.0,10000,0,evaluated
15,0.1135,2.300265625,9.976832198932843,0.01135,0.1,0.0203861697350696,0.0,0.0,10000,0,evaluated
16,0.1135,2.300259375,9.976769843926458,0.01135,0.1,0.0203861697350696,0.0,0.0,10000,0,evaluated
17,0.1135,2.30018125,9.975990439228294,0.01135,0.1,0.0203861697350696,0.0,0.0,10000,0,evaluated
18,0.1135,2.30015,9.975678694398106,0.01135,0.1,0.0203861697350696,0.0,0.0,10000,0,evaluated
19,0.1135,2.30011875,9.975366959309795,0.01135,0.1,0.0203861697350696,0.0,0.0,10000,0,evaluated
20,0.1135,2.29998125,9.973995440646958,0.01135,0.1,0.0203861697350696,0.0,0.0,10000,0,evaluated
21,0.1135,2.2998953125,9.973138337242965,0.01135,0.1,0.0203861697350696,0.0,0.0,10000,0,evaluated
22,0.1135,2.299728125,9.971471092552328,0.01135,0.1,0.0203861697350696,0.0,0.0,10000,0,evaluated
23,0.1135,2.299621875,9.970411680031031,0.01135,0.1,0.0203861697350696,0.0,0.0,10000,0,evaluated
24,0.1135,2.299546875,9.969663927196109,0.01135,0.1,0.0203861697350696,0.0,0.0,10000,0,evaluated
25,0.1135,2.299421875,9.968417797089966,0.01135,0.1,0.0203861697350696,0.0,0.0,10000,0,evaluated
26,0.1135,2.299328125,9.967483301726643,0.01135,0.1,0.0203861697350696,0.0,0.0,10000,0,evaluated
27,0.1135,2.2992296875,9.966502175879707,0.01135,0.1,0.0203861697350696,0.0,0.0,10000,0,evaluated
28,0.1135,2.2992171875,9.96637759538114,0.01135,0.1,0.0203861697350696,0.0,0.0,10000,0,evaluated
29,0.1135,2.2991734375,9.965941575899336,0.01135,0.1,0.0203861697350696,0.0,0.0,10000,0,evaluated
30,0.1135,2.2990265625,9.964477935719083,0.01135,0.1,0.0203861697350696,0.0,0.0,10000,0,evaluated
31,0.1135,2.2989453125,9.963668354776477,0.01135,0.1,0.0203861697350696,0.0,0.0,10000,0,evaluated
32,0.1135,2.2988609375,9.962827705724425,0.01135,0.1,0.0203861697350696,0.0,0.0,10000,0,evaluated
33,0.1135,2.29879375,9.962158350724344,0.01135,0.1,0.0203861697350696,0.0,0.0,10000,0,evaluated
34,0.1135,2.298728125,9.961504605533822,0.01135,0.1,0.0203861697350696,0.0,0.0,10000,0,evaluated
35,0.1135,2.2985796875,9.960026054432872,0.01135,0.1,0.0203861697350696,0.0,0.0,10000,0,evaluated
36,0.1135,2.2985015625,9.959247957792162,0.01135,0.1,0.0203861697350696,0.0,0.0,10000,0,evaluated
37,0.1135,2.29843125,9.958547722788058,0.01135,0.1,0.0203861697350696,0.0,0.0,10000,0,evaluated
38,0.1135,2.298325,9.957489683301855,0.01135,0.1,0.0203861697350696,0.0,0.0,10000,0,evaluated
39,0.1135,2.298290625,9.957147400477009,0.01135,0.1,0.0203861697350696,0.0,0.0,10000,0,evaluated
40,0.1135,2.298265625,9.95689847490358,0.01135,0.1,0.0203861697350696,0.0,0.0,10000,0,evaluated
41,0.1135,2.2981515625,9.955762830939713,0.01135,0.1,0.0203861697350696,0.0,0.0,10000,0,evaluated
42,0.1135,2.298178125,9.956027284402168,0.01135,0.1,0.0203861697350696,0.0,0.0,10000,0,evaluated
43,0.1135,2.2981046875,9.955296165494568,0.01135,0.1,0.0203861697350696,0.0,0.0,10000,0,evaluated
44,0.1135,2.297978125,9.954036278052559,0.01135,0.1,0.0203861697350696,0.0,0.0,10000,0,evaluated
45,0.1135,2.2979,9.95325864934485,0.01135,0.1,0.0203861697350696,0.0,0.0,10000,0,evaluated
46,0.1135,2.2979578125,9.95383408874415,0.01135,0.1,0.0203861697350696,0.0,0.0,10000,0,evaluated
47,0.1135,2.297834375,9.952605488178072,0.01135,0.1,0.0203861697350696,0.0,0.0,10000,0,evaluated
48,0.1135,2.2977875,9.952138970729903,0.01135,0.1,0.0203861697350696,0.0,0.0,10000,0,evaluated
49,0.1135,2.2977015625,9.951283745535589,0.01135,0.1,0.0203861697350696,0.0,0.0,10000,0,evaluated
50,0.1135,2.297675,9.951019418071713,0.01135,0.1,0.0203861697350696,0.0,0.0,10000,0,evaluated
51,0.1135,2.2976953125,9.951221550206542,0.01135,0.1,0.0203861697350696,0.0,0.0,10000,0,evaluated
52,0.1135,2.297603125,9.950304214253986,0.01135,0.1,0.0203861697350696,0.0,0.0,10000,0,evaluated
53,0.1135,2.2976078125,9.950350856414305,0.01135,0.1,0.0203861697350696,0.0,0.0,10000,0,evaluated
54,0.1135,2.2974984375,9.949262596304694,0.01135,0.1,0.0203861697350696,0.0,0.0,10000,0,evaluated
55,0.1135,2.297409375,9.948376529562957,0.01135,0.1,0.0203861697350696,0.0,0.0,10000,0,evaluated
56,0.1135,2.297325,9.947537170704225,0.01135,0.1,0.0203861697350696,0.0,0.0,10000,0,evaluated
57,0.1135,2.2973,9.947288485383536,0.01135,0.1,0.0203861697350696,0.0,0.0,10000,0,evaluated
58,0.1135,2.2971515625,9.945812044331307,0.01135,0.1,0.0203861697350696,0.0,0.0,10000,0,evaluated
59,0.1135,2.2971046875,9.945345845318355,0.01135,0.1,0.0203861697350696,0.0,0.0,10000,0,evaluated
60,0.1135,2.2970671875,9.944972901841892,0.01135,0.1,0.0203861697350696,0.0,0.0,10000,0,evaluated
61,0.1135,2.2970359375,9.9446621262946,0.01135,0.1,0.0203861697350696,0.0,0.0,10000,0,evaluated
62,0.1135,2.296978125,9.94408721713405,0.01135,0.1,0.0203861697350696,0.0,0.0,10000,0,evaluated
63,0.1135,2.296953125,9.943838618061125,0.01135,0.1,0.0203861697350696,0.0,0.0,10000,0,evaluated
64,0.1135,2.2968234375,9.942549110108684,0.01135,0.1,0.0203861697350696,0.0,0.0,10000,0,evaluated
65,0.1135,2.2967453125,9.94177237880092,0.01135,0.1,0.0203861697350696,0.0,0.0,10000,0,evaluated
66,0.1135,2.2966296875,9.940622927823533,0.01135,0.1,0.0203861697350696,0.0,0.0,10000,0,evaluated
67,0.1135,2.2964796875,9.93913194621078,0.01135,0.1,0.0203861697350696,0.0,0.0,10000,0,evaluated
68,0.1135,2.296425,9.938588414794793,0.01135,0.1,0.0203861697350696,0.0,0.0,10000,0,evaluated
69,0.1135,2.2962859375,9.937206425937,0.01135,0.1,0.0203861697350696,0.0,0.0,10000,0,evaluated
70,0.1135,2.2961375,9.935731481329402,0.01135,0.1,0.0203861697350696,0.0,0.0,10000,0,evaluated
71,0.1135,2.2960296875,9.934660343021159,0.01135,0.1,0.0203861697350696,0.0,0.0,10000,0,evaluated
72,0.1135,2.2958734375,9.933108173608955,0.01135,0.1,0.0203861697350696,0.0,0.0,10000,0,evaluated
73,0.1135,2.295834375,9.932720169149185,0.01135,0.1,0.0203861697350696,0.0,0.0,10000,0,evaluated
74,0.1135,2.295634375,9.930733823756517,0.01135,0.1,0.0203861697350696,0.0,0.0,10000,0,evaluated
75,0.1135,2.295434375,9.928747875593201,0.01135,0.1,0.0203861697350696,0.0,0.0,10000,0,evaluated
76,0.1135,2.295315625,9.927568906785634,0.01135,0.1,0.0203861697350696,0.0,0.0,10000,0,evaluated
77,0.1135,2.2951796875,9.926219469609004,0.01135,0.1,0.0203861697350696,0.0,0.0,10000,0,evaluated
78,0.1135,2.294925,9.923691707496207,0.01135,0.1,0.0203861697350696,0.0,0.0,10000,0,evaluated
79,0.1135,2.2947140625,9.921598649536627,0.01135,0.1,0.0203861697350696,0.0,0.0,10000,0,evaluated
80,0.1135,2.294434375,9.918824090437166,0.01135,0.1,0.0203861697350696,0.0,0.0,10000,0,evaluated
81,0.1135,2.2942328125,9.916825028931127,0.01135,0.1,0.0203861697350696,0.0,0.0,10000,0,evaluated
82,0.1135,2.29395,9.91402082340351,0.01135,0.1,0.0203861697350696,0.0,0.0,10000,0,evaluated
83,0.1135,2.2936515625,9.91106254926595,0.01135,0.1,0.0203861697350696,0.0,0.0,10000,0,evaluated
84,0.1135,2.293446875,9.909034086257988,0.01135,0.1,0.0203861697350696,0.0,0.0,10000,0,evaluated
85,0.1135,2.2931234375,9.905829651290865,0.01135,0.1,0.0203861697350696,0.0,0.0,10000,0,evaluated
86,0.1135,2.2927953125,9.902579834138823,0.01135,0.1,0.0203861697350696,0.0,0.0,10000,0,evaluated
87,0.1136,2.2923953125,9.898619594305938,0.11135113511351136,0.10010204081632652,0.020591874316888862,0.007570942624509425,0.007570942624509425,10000,0,evaluated
88,0.114,2.2920046875,9.894753701133329,0.11135567783891946,0.10051020408163265,0.021410556368893694,0.0169325295455334,0.0169325295455334,10000,0,evaluated
89,0.1142,2.2916390625,9.891136593104207,0.11135795056539577,0.10071428571428571,0.021817433246146708,0.020036843931244427,0.020036843931244427,10000,0,evaluated
90,0.1148,2.2911953125,9.886748374948931,0.10422305513433092,0.1013265306122449,0.02302752763320323,0.0263524745569025,0.0263524745569025,10000,0,evaluated
91,0.116,2.290659375,9.881451115368554,0.10066758351956909,0.10255102040816326,0.02539787935821968,0.03588333732589621,0.03588333732589621,10000,0,evaluated
92,0.119,2.2900703125,9.875632037139559,0.09000143864192203,0.10561224489795917,0.030991328298151617,0.05015005242498619,0.05015005242498619,10000,0,evaluated
93,0.1233,2.28945,9.869507958759076,0.08866135352041796,0.11000000000000001,0.03832687666750698,0.06655566974961603,0.06655566974961603,10000,0,evaluated
94,0.1293,2.288740625,9.86250925919557,0.07773669358762283,0.11612244897959183,0.04675622094613071,0.07892676641889912,0.07892676641889912,10000,0,evaluated
95,0.1379,2.28805,9.855700315222538,0.07501813525396361,0.12489795918367345,0.056842987334992656,0.09674155766333728,0.09674155766333728,10000,0,evaluated
96,0.1468,2.2873046875,9.848357475276451,0.06946518405694159,0.1339795918367347,0.0642027786484339,0.10889697661490788,0.10889697661490788,10000,0,evaluated
97,0.1593,2.2865109375,9.840543443134722,0.06471211485433401,0.1467486289670053,0.07152400650999094,0.12410057257418555,0.12410057257418555,10000,0,evaluated
98,0.1743,2.28549375,9.830538854485038,0.059203890716335986,0.1620547514159849,0.07606871984368561,0.13831608539948895,0.13831608539948895,10000,0,evaluated
99,0.1874,2.2844734375,9.820513748050484,0.05355716299793869,0.1754220983547604,0.07645107701287476,0.14650396276086838,0.14650396276086838,10000,0,evaluated
100,0.1958,2.283340625,9.809395246098266,0.05630106916868764,0.18400809060383422,0.07484044399878911,0.14959189062516987,0.14959189062516987,10000,0,evaluated
