Config,{"general": {"device": "cuda:0", "training_rounds": 100, "train_optimization": {"cudnn_benchmark": true, "pin_memory": true, "fused_optimizer": false, "torch_compile": false, "non_blocking_transfer": true}}, "dataset": "imdb", "model": "tiny_bert_lora", "loss_function": "CrossEntropyLoss", "aggregation": "flora", "client_selection": {"method": "random", "round": 1, "client_selection_round": 1, "number": 10, "random_seed": 42}, "hyperparameters": {"training_rounds": 100, "local_epochs": 1, "selected_clients": 10, "client_selection_round": 1, "client_selection_method": "random", "optimizer": "AdamW", "lr": 0.0001, "weight_decay": 0.05, "batch_size": 32, "shuffle": true, "trainer_type": "glue", "rank_ratio_list": [1.0, 0.6106, 0.25, 0.6074, 0.2842, 0.2836, 0.4256, 0.4437, 0.6762, 0.5604]}, "effective_yaml": {"server_yaml": {"role": "server", "general": {"device": "cuda:0", "training_rounds": 100, "train_optimization": {"cudnn_benchmark": true, "pin_memory": true, "fused_optimizer": false, "torch_compile": false, "non_blocking_transfer": true}}, "training_logger": {"name": "train", "path": "./experiment_results/", "prefix": "imdb_dirichlet_0_4_rank_correct_flora_correct_", "save_weights": false}, "data_loader": {"name": "imdb", "root": ".dataset", "split": "", "batch_size": 32, "max_len": 256, "shuffle": true, "num_workers": 0, "is_download": true, "is_load_train_set": true, "is_load_test_set": true, "task_type": "nlp", "vocab_size": "None"}, "nn_model": {"name": "tiny_bert_lora", "pretrained_model": "prajjwal1/bert-tiny", "num_classes": 2, "pad_id": 0, "lora_r": 8, "lora_alpha": 16, "lora_dropout": 0.1, "merge_weights": false, "lora_embedding": true, "rank_ratio": 1.0}, "loss_func": {"type": "CrossEntropyLoss", "reduction": "mean", "weight": "None"}, "optimizer": {"type": "AdamW", "lr": 0.0001, "weight_decay": 0.05, "momentum": null, "nesterov": null, "betas": [0.9, 0.999], "amsgrad": false, "eps": 1e-08, "alpha": null, "centered": null}, "training": {"epochs": 1, "batch_size": 32, "shuffle": true, "lr": 0.01}, "trainer": {"use": "glue", "trainer_type": "glue", "device": "cuda"}, "tokenizer": {"type": "bert", "use_hf_tokenizer": true, "pretrained": "bert-base-uncased", "use_fast": true, "return_type": "tokens", "max_len": 256}, "data_distribution": {"use": "imdb_dirichlet_0_4", "custom_define": {"imdb_dirichlet_0_4": [[2009, 5070], [3347, 62], [8, 2], [1878, 1501], [18, 314], [269, 58], [1080, 585], [423, 1413], [736, 3291], [2732, 204]]}}, "client_selection": {"method": "random", "round": 1, "client_selection_round": 1, "number": 10, "random_seed": 42}, "strategy": {"role": "server", "strategy_name": "flora"}, "aggregation": {"method": "flora", "device": "cpu"}, "rank_distribution": {"rank_ratio_list": [1.0, 0.6106, 0.25, 0.6074, 0.2842, 0.2836, 0.4256, 0.4437, 0.6762, 0.5604]}, "lora_inference": {"device": "cpu", "lora_mode": "standard", "scaling": 0.5, "rank_ratio": 1, "use_bias": true, "alpha": 0}}, "client_yamls": [{"index": 0, "node_id": "client.1", "yaml": {"role": "client", "training_logger": {"name": "train", "path": "./experiment_results/", "prefix": "", "save_weights": false}, "data_loader": {"name": "imdb", "root": ".dataset", "split": "", "batch_size": 32, "max_len": 256, "shuffle": true, "num_workers": 0, "is_download": true, "is_load_train_set": true, "is_load_test_set": true, "task_type": "nlp", "vocab_size": "None"}, "nn_model": {"name": "tiny_bert_lora", "pretrained_model": "prajjwal1/bert-tiny", "num_classes": 2, "pad_id": 0, "lora_r": 8, "lora_alpha": 16, "lora_dropout": 0.1, "merge_weights": false, "lora_embedding": true, "rank_ratio": 1.0, "share_model": false}, "loss_func": {"type": "CrossEntropyLoss", "reduction": "mean", "weight": "None"}, "optimizer": {"type": "AdamW", "lr": 0.0001, "weight_decay": 0.05, "momentum": null, "nesterov": null, "betas": [0.9, 0.999], "amsgrad": false, "eps": 1e-08, "alpha": null, "centered": null}, "training": {"epochs": 1, "batch_size": 32, "shuffle": true, "lr": 0.01}, "trainer": {"use": "glue", "trainer_type": "glue", "device": "cuda"}, "strategy": {"role": "client", "strategy_name": "flora"}, "tokenizer": {"type": "bert", "use_hf_tokenizer": true, "pretrained": "bert-base-uncased", "use_fast": true, "return_type": "tokens", "max_len": 256}}}, {"index": 1, "node_id": "client.2", "yaml": {"role": "client", "training_logger": {"name": "train", "path": "./experiment_results/", "prefix": "", "save_weights": false}, "data_loader": {"name": "imdb", "root": ".dataset", "split": "", "batch_size": 32, "max_len": 256, "shuffle": true, "num_workers": 0, "is_download": true, "is_load_train_set": true, "is_load_test_set": true, "task_type": "nlp", "vocab_size": "None"}, "nn_model": {"name": "tiny_bert_lora", "pretrained_model": "prajjwal1/bert-tiny", "num_classes": 2, "pad_id": 0, "lora_r": 8, "lora_alpha": 16, "lora_dropout": 0.1, "merge_weights": false, "lora_embedding": true, "rank_ratio": 0.6106, "share_model": false}, "loss_func": {"type": "CrossEntropyLoss", "reduction": "mean", "weight": "None"}, "optimizer": {"type": "AdamW", "lr": 0.0001, "weight_decay": 0.05, "momentum": null, "nesterov": null, "betas": [0.9, 0.999], "amsgrad": false, "eps": 1e-08, "alpha": null, "centered": null}, "training": {"epochs": 1, "batch_size": 32, "shuffle": true, "lr": 0.01}, "trainer": {"use": "glue", "trainer_type": "glue", "device": "cuda"}, "strategy": {"role": "client", "strategy_name": "flora"}, "tokenizer": {"type": "bert", "use_hf_tokenizer": true, "pretrained": "bert-base-uncased", "use_fast": true, "return_type": "tokens", "max_len": 256}}}, {"index": 2, "node_id": "client.3", "yaml": {"role": "client", "training_logger": {"name": "train", "path": "./experiment_results/", "prefix": "", "save_weights": false}, "data_loader": {"name": "imdb", "root": ".dataset", "split": "", "batch_size": 32, "max_len": 256, "shuffle": true, "num_workers": 0, "is_download": true, "is_load_train_set": true, "is_load_test_set": true, "task_type": "nlp", "vocab_size": "None"}, "nn_model": {"name": "tiny_bert_lora", "pretrained_model": "prajjwal1/bert-tiny", "num_classes": 2, "pad_id": 0, "lora_r": 8, "lora_alpha": 16, "lora_dropout": 0.1, "merge_weights": false, "lora_embedding": true, "rank_ratio": 0.25, "share_model": false}, "loss_func": {"type": "CrossEntropyLoss", "reduction": "mean", "weight": "None"}, "optimizer": {"type": "AdamW", "lr": 0.0001, "weight_decay": 0.05, "momentum": null, "nesterov": null, "betas": [0.9, 0.999], "amsgrad": false, "eps": 1e-08, "alpha": null, "centered": null}, "training": {"epochs": 1, "batch_size": 32, "shuffle": true, "lr": 0.01}, "trainer": {"use": "glue", "trainer_type": "glue", "device": "cuda"}, "strategy": {"role": "client", "strategy_name": "flora"}, "tokenizer": {"type": "bert", "use_hf_tokenizer": true, "pretrained": "bert-base-uncased", "use_fast": true, "return_type": "tokens", "max_len": 256}}}, {"index": 3, "node_id": "client.4", "yaml": {"role": "client", "training_logger": {"name": "train", "path": "./experiment_results/", "prefix": "", "save_weights": false}, "data_loader": {"name": "imdb", "root": ".dataset", "split": "", "batch_size": 32, "max_len": 256, "shuffle": true, "num_workers": 0, "is_download": true, "is_load_train_set": true, "is_load_test_set": true, "task_type": "nlp", "vocab_size": "None"}, "nn_model": {"name": "tiny_bert_lora", "pretrained_model": "prajjwal1/bert-tiny", "num_classes": 2, "pad_id": 0, "lora_r": 8, "lora_alpha": 16, "lora_dropout": 0.1, "merge_weights": false, "lora_embedding": true, "rank_ratio": 0.6074, "share_model": false}, "loss_func": {"type": "CrossEntropyLoss", "reduction": "mean", "weight": "None"}, "optimizer": {"type": "AdamW", "lr": 0.0001, "weight_decay": 0.05, "momentum": null, "nesterov": null, "betas": [0.9, 0.999], "amsgrad": false, "eps": 1e-08, "alpha": null, "centered": null}, "training": {"epochs": 1, "batch_size": 32, "shuffle": true, "lr": 0.01}, "trainer": {"use": "glue", "trainer_type": "glue", "device": "cuda"}, "strategy": {"role": "client", "strategy_name": "flora"}, "tokenizer": {"type": "bert", "use_hf_tokenizer": true, "pretrained": "bert-base-uncased", "use_fast": true, "return_type": "tokens", "max_len": 256}}}, {"index": 4, "node_id": "client.5", "yaml": {"role": "client", "training_logger": {"name": "train", "path": "./experiment_results/", "prefix": "", "save_weights": false}, "data_loader": {"name": "imdb", "root": ".dataset", "split": "", "batch_size": 32, "max_len": 256, "shuffle": true, "num_workers": 0, "is_download": true, "is_load_train_set": true, "is_load_test_set": true, "task_type": "nlp", "vocab_size": "None"}, "nn_model": {"name": "tiny_bert_lora", "pretrained_model": "prajjwal1/bert-tiny", "num_classes": 2, "pad_id": 0, "lora_r": 8, "lora_alpha": 16, "lora_dropout": 0.1, "merge_weights": false, "lora_embedding": true, "rank_ratio": 0.2842, "share_model": false}, "loss_func": {"type": "CrossEntropyLoss", "reduction": "mean", "weight": "None"}, "optimizer": {"type": "AdamW", "lr": 0.0001, "weight_decay": 0.05, "momentum": null, "nesterov": null, "betas": [0.9, 0.999], "amsgrad": false, "eps": 1e-08, "alpha": null, "centered": null}, "training": {"epochs": 1, "batch_size": 32, "shuffle": true, "lr": 0.01}, "trainer": {"use": "glue", "trainer_type": "glue", "device": "cuda"}, "strategy": {"role": "client", "strategy_name": "flora"}, "tokenizer": {"type": "bert", "use_hf_tokenizer": true, "pretrained": "bert-base-uncased", "use_fast": true, "return_type": "tokens", "max_len": 256}}}, {"index": 5, "node_id": "client.6", "yaml": {"role": "client", "training_logger": {"name": "train", "path": "./experiment_results/", "prefix": "", "save_weights": false}, "data_loader": {"name": "imdb", "root": ".dataset", "split": "", "batch_size": 32, "max_len": 256, "shuffle": true, "num_workers": 0, "is_download": true, "is_load_train_set": true, "is_load_test_set": true, "task_type": "nlp", "vocab_size": "None"}, "nn_model": {"name": "tiny_bert_lora", "pretrained_model": "prajjwal1/bert-tiny", "num_classes": 2, "pad_id": 0, "lora_r": 8, "lora_alpha": 16, "lora_dropout": 0.1, "merge_weights": false, "lora_embedding": true, "rank_ratio": 0.2836, "share_model": false}, "loss_func": {"type": "CrossEntropyLoss", "reduction": "mean", "weight": "None"}, "optimizer": {"type": "AdamW", "lr": 0.0001, "weight_decay": 0.05, "momentum": null, "nesterov": null, "betas": [0.9, 0.999], "amsgrad": false, "eps": 1e-08, "alpha": null, "centered": null}, "training": {"epochs": 1, "batch_size": 32, "shuffle": true, "lr": 0.01}, "trainer": {"use": "glue", "trainer_type": "glue", "device": "cuda"}, "strategy": {"role": "client", "strategy_name": "flora"}, "tokenizer": {"type": "bert", "use_hf_tokenizer": true, "pretrained": "bert-base-uncased", "use_fast": true, "return_type": "tokens", "max_len": 256}}}, {"index": 6, "node_id": "client.7", "yaml": {"role": "client", "training_logger": {"name": "train", "path": "./experiment_results/", "prefix": "", "save_weights": false}, "data_loader": {"name": "imdb", "root": ".dataset", "split": "", "batch_size": 32, "max_len": 256, "shuffle": true, "num_workers": 0, "is_download": true, "is_load_train_set": true, "is_load_test_set": true, "task_type": "nlp", "vocab_size": "None"}, "nn_model": {"name": "tiny_bert_lora", "pretrained_model": "prajjwal1/bert-tiny", "num_classes": 2, "pad_id": 0, "lora_r": 8, "lora_alpha": 16, "lora_dropout": 0.1, "merge_weights": false, "lora_embedding": true, "rank_ratio": 0.4256, "share_model": false}, "loss_func": {"type": "CrossEntropyLoss", "reduction": "mean", "weight": "None"}, "optimizer": {"type": "AdamW", "lr": 0.0001, "weight_decay": 0.05, "momentum": null, "nesterov": null, "betas": [0.9, 0.999], "amsgrad": false, "eps": 1e-08, "alpha": null, "centered": null}, "training": {"epochs": 1, "batch_size": 32, "shuffle": true, "lr": 0.01}, "trainer": {"use": "glue", "trainer_type": "glue", "device": "cuda"}, "strategy": {"role": "client", "strategy_name": "flora"}, "tokenizer": {"type": "bert", "use_hf_tokenizer": true, "pretrained": "bert-base-uncased", "use_fast": true, "return_type": "tokens", "max_len": 256}}}, {"index": 7, "node_id": "client.8", "yaml": {"role": "client", "training_logger": {"name": "train", "path": "./experiment_results/", "prefix": "", "save_weights": false}, "data_loader": {"name": "imdb", "root": ".dataset", "split": "", "batch_size": 32, "max_len": 256, "shuffle": true, "num_workers": 0, "is_download": true, "is_load_train_set": true, "is_load_test_set": true, "task_type": "nlp", "vocab_size": "None"}, "nn_model": {"name": "tiny_bert_lora", "pretrained_model": "prajjwal1/bert-tiny", "num_classes": 2, "pad_id": 0, "lora_r": 8, "lora_alpha": 16, "lora_dropout": 0.1, "merge_weights": false, "lora_embedding": true, "rank_ratio": 0.4437, "share_model": false}, "loss_func": {"type": "CrossEntropyLoss", "reduction": "mean", "weight": "None"}, "optimizer": {"type": "AdamW", "lr": 0.0001, "weight_decay": 0.05, "momentum": null, "nesterov": null, "betas": [0.9, 0.999], "amsgrad": false, "eps": 1e-08, "alpha": null, "centered": null}, "training": {"epochs": 1, "batch_size": 32, "shuffle": true, "lr": 0.01}, "trainer": {"use": "glue", "trainer_type": "glue", "device": "cuda"}, "strategy": {"role": "client", "strategy_name": "flora"}, "tokenizer": {"type": "bert", "use_hf_tokenizer": true, "pretrained": "bert-base-uncased", "use_fast": true, "return_type": "tokens", "max_len": 256}}}, {"index": 8, "node_id": "client.9", "yaml": {"role": "client", "training_logger": {"name": "train", "path": "./experiment_results/", "prefix": "", "save_weights": false}, "data_loader": {"name": "imdb", "root": ".dataset", "split": "", "batch_size": 32, "max_len": 256, "shuffle": true, "num_workers": 0, "is_download": true, "is_load_train_set": true, "is_load_test_set": true, "task_type": "nlp", "vocab_size": "None"}, "nn_model": {"name": "tiny_bert_lora", "pretrained_model": "prajjwal1/bert-tiny", "num_classes": 2, "pad_id": 0, "lora_r": 8, "lora_alpha": 16, "lora_dropout": 0.1, "merge_weights": false, "lora_embedding": true, "rank_ratio": 0.6762, "share_model": false}, "loss_func": {"type": "CrossEntropyLoss", "reduction": "mean", "weight": "None"}, "optimizer": {"type": "AdamW", "lr": 0.0001, "weight_decay": 0.05, "momentum": null, "nesterov": null, "betas": [0.9, 0.999], "amsgrad": false, "eps": 1e-08, "alpha": null, "centered": null}, "training": {"epochs": 1, "batch_size": 32, "shuffle": true, "lr": 0.01}, "trainer": {"use": "glue", "trainer_type": "glue", "device": "cuda"}, "strategy": {"role": "client", "strategy_name": "flora"}, "tokenizer": {"type": "bert", "use_hf_tokenizer": true, "pretrained": "bert-base-uncased", "use_fast": true, "return_type": "tokens", "max_len": 256}}}, {"index": 9, "node_id": "client.10", "yaml": {"role": "client", "training_logger": {"name": "train", "path": "./experiment_results/", "prefix": "", "save_weights": false}, "data_loader": {"name": "imdb", "root": ".dataset", "split": "", "batch_size": 32, "max_len": 256, "shuffle": true, "num_workers": 0, "is_download": true, "is_load_train_set": true, "is_load_test_set": true, "task_type": "nlp", "vocab_size": "None"}, "nn_model": {"name": "tiny_bert_lora", "pretrained_model": "prajjwal1/bert-tiny", "num_classes": 2, "pad_id": 0, "lora_r": 8, "lora_alpha": 16, "lora_dropout": 0.1, "merge_weights": false, "lora_embedding": true, "rank_ratio": 0.5604, "share_model": false}, "loss_func": {"type": "CrossEntropyLoss", "reduction": "mean", "weight": "None"}, "optimizer": {"type": "AdamW", "lr": 0.0001, "weight_decay": 0.05, "momentum": null, "nesterov": null, "betas": [0.9, 0.999], "amsgrad": false, "eps": 1e-08, "alpha": null, "centered": null}, "training": {"epochs": 1, "batch_size": 32, "shuffle": true, "lr": 0.01}, "trainer": {"use": "glue", "trainer_type": "glue", "device": "cuda"}, "strategy": {"role": "client", "strategy_name": "flora"}, "tokenizer": {"type": "bert", "use_hf_tokenizer": true, "pretrained": "bert-base-uncased", "use_fast": true, "return_type": "tokens", "max_len": 256}}}]}, "effective_client_rank_ratios": [1.0, 0.6106, 0.25, 0.6074, 0.2842, 0.2836, 0.4256, 0.4437, 0.6762, 0.5604], "effective_client_share_model": [false, false, false, false, false, false, false, false, false, false], "rank_distribution": {"rank_ratio_list": [1.0, 0.6106, 0.25, 0.6074, 0.2842, 0.2836, 0.4256, 0.4437, 0.6762, 0.5604]}, "rank_ratio_list": [1.0, 0.6106, 0.25, 0.6074, 0.2842, 0.2836, 0.4256, 0.4437, 0.6762, 0.5604], "rank_ratio_list_str": "[1.0, 0.6106, 0.25, 0.6074, 0.2842, 0.2836, 0.4256, 0.4437, 0.6762, 0.5604]", "epoch": 1, "batch_size": 32}

round,accuracy,average_loss,perplexity,precision,recall,f1_score,matthews_correlation,mcc,total_test_samples,invalid_label_samples,evaluation_status
0,0.59428,0.68143875,1.9767196927628135,0.6109319708037069,0.59428,0.5784607102715353,0.20453524104538542,0.20453524104538542,25000,0,evaluated
1,0.67776,0.66145734375,1.9376140475217016,0.6808043212538731,0.6777599999999999,0.6763978243419135,0.358551397409568,0.358551397409568,25000,0,evaluated
2,0.71284,0.63594265625,1.8888017933424743,0.7153934580843019,0.7128399999999999,0.7119864102069455,0.42822584517360845,0.42822584517360845,25000,0,evaluated
3,0.72508,0.5982341015625,1.8189039630215316,0.7441444367061028,0.72508,0.7196062432554653,0.46883698580128946,0.46883698580128946,25000,0,evaluated
4,0.71668,0.5686429296875,1.7658690162328785,0.7586843225766933,0.71668,0.7046922197415887,0.4735048849417201,0.4735048849417201,25000,0,evaluated
5,0.71544,0.5472380078125,1.7284723916383564,0.7713002074430093,0.7154400000000001,0.6999975115902677,0.4835242152840824,0.4835242152840824,25000,0,evaluated
6,0.72452,0.52936564453125,1.6978549233762816,0.780922384591479,0.72452,0.7099618477236311,0.5022855514086737,0.5022855514086737,25000,0,evaluated
7,0.74004,0.508910546875,1.6634779261645363,0.7907660516485475,0.74004,0.7281850219720272,0.5283766953139297,0.5283766953139297,25000,0,evaluated
8,0.7588,0.487803203125,1.6287342886126674,0.800824082792858,0.7587999999999999,0.7500714621538661,0.5580439861759704,0.5580439861759704,25000,0,evaluated
9,0.77904,0.461483056640625,1.5864249993499824,0.810661114212022,0.77904,0.7732704981660555,0.588852705894174,0.588852705894174,25000,0,evaluated
10,0.79772,0.432330927734375,1.5408449391237573,0.8190070954172775,0.79772,0.794288253784117,0.6163596107716074,0.6163596107716074,25000,0,evaluated
11,0.8098,0.4130947265625,1.5114881972340075,0.8251861673803682,0.8098000000000001,0.8075232429467178,0.6347997311103339,0.6347997311103339,25000,0,evaluated
12,0.81628,0.4042821826171875,1.4982266608343742,0.8294913022330348,0.81628,0.8144197408095188,0.6456361485241181,0.6456361485241181,25000,0,evaluated
13,0.81852,0.4037279248046875,1.4973964870891057,0.8325443008810788,0.81852,0.8165862352232884,0.6509132375874414,0.6509132375874414,25000,0,evaluated
14,0.82392,0.3948484228515625,1.4841592092495395,0.8352709326974033,0.82392,0.8224169369543819,0.6590931968070763,0.6590931968070763,25000,0,evaluated
15,0.82728,0.3929920703125,1.4814066421909557,0.8377418928736543,0.82728,0.8259320175438597,0.6649395963535022,0.6649395963535022,25000,0,evaluated
16,0.8284,0.392086337890625,1.4800654916186051,0.8384692400210066,0.8284,0.8271141898637673,0.6667932165908665,0.6667932165908665,25000,0,evaluated
17,0.83032,0.390914951171875,1.4783327775960677,0.839652418092256,0.83032,0.8291463904272641,0.6699074167203525,0.6699074167203525,25000,0,evaluated
18,0.8324,0.39208476318359375,1.4800631609509038,0.8410436279753286,0.8324,0.831331288054117,0.6733881553428133,0.6733881553428133,25000,0,evaluated
19,0.83648,0.3858534814453125,1.4708691454045737,0.842228118230295,0.83648,0.83579047764726,0.6786837767977946,0.6786837767977946,25000,0,evaluated
20,0.83308,0.39875766845703126,1.489972507518138,0.8414317483388466,0.83308,0.8320529635649107,0.6744600410304616,0.6744600410304616,25000,0,evaluated
21,0.8332,0.4024096313476562,1.4954237796869219,0.8416338094506152,0.8331999999999999,0.8321641720515162,0.6747811061639025,0.6747811061639025,25000,0,evaluated
22,0.83572,0.40068424072265624,1.4928458141553722,0.8429179206766041,0.83572,0.834853384282162,0.678599747508204,0.678599747508204,25000,0,evaluated
23,0.8328,0.40953360107421877,1.5061151707785507,0.8412589051511299,0.8328,0.8317574279691242,0.6740058267828136,0.6740058267828136,25000,0,evaluated
24,0.82924,0.42175939575195315,1.5246416452920728,0.8392099480757144,0.82924,0.8279759815495862,0.6683755929249607,0.6683755929249607,25000,0,evaluated
25,0.82884,0.427473984375,1.533379287328966,0.8389903338710314,0.82884,0.8275490823724257,0.6677531921006442,0.6677531921006442,25000,0,evaluated
26,0.82668,0.4361824792480469,1.546791026261255,0.8377904164583012,0.82668,0.8252429972126432,0.6643775229448926,0.6643775229448926,25000,0,evaluated
27,0.82812,0.43561154541015623,1.5459081629764606,0.8380942878207166,0.82812,0.8268429015690542,0.6661396181574356,0.6661396181574356,25000,0,evaluated
28,0.82496,0.4478985314941406,1.5650198873670267,0.836677952787984,0.8249599999999999,0.8234235806051404,0.6615341791260169,0.6615341791260169,25000,0,evaluated
29,0.82516,0.4493807763671875,1.5673413501344047,0.8354665655953651,0.8251599999999999,0.8238066998565343,0.6605461633193821,0.6605461633193821,25000,0,evaluated
30,0.82712,0.44869291748046874,1.5662636111668504,0.8361795361115063,0.8271200000000001,0.8259473855361062,0.6632376643490505,0.6632376643490505,25000,0,evaluated
31,0.83136,0.4402451220703125,1.5530878679702125,0.8379690612383359,0.83136,0.8305315013190502,0.6692964309838653,0.6692964309838653,25000,0,evaluated
32,0.83172,0.44230942626953124,1.5562972251829212,0.8377705327322218,0.83172,0.8309630039193552,0.6694631912747186,0.6694631912747186,25000,0,evaluated
33,0.83072,0.44668731384277344,1.5631254551711666,0.8368038084412452,0.83072,0.8299520908499438,0.6674960839666062,0.6674960839666062,25000,0,evaluated
34,0.82892,0.45460846069335936,1.5755563700007627,0.8357200027469678,0.82892,0.8280492853251484,0.6646052160599784,0.6646052160599784,25000,0,evaluated
35,0.82472,0.47455132202148437,1.6072928787582457,0.8336591086940802,0.82472,0.8235380960004433,0.6583184207513617,0.6583184207513617,25000,0,evaluated
36,0.82544,0.47754429260253906,1.612110665209639,0.833404634498826,0.82544,0.8243912295822853,0.6587964913425023,0.6587964913425023,25000,0,evaluated
37,0.82436,0.4864205975341797,1.6264839475048485,0.8330664989703748,0.82436,0.8232046235452766,0.6573688450361206,0.6573688450361206,25000,0,evaluated
38,0.824,0.4928916632080078,1.6370431597776667,0.8324599863966239,0.8240000000000001,0.8228731798182268,0.6564054710086019,0.6564054710086019,25000,0,evaluated
39,0.82432,0.4949245007324219,1.6403743873169487,0.832240398465564,0.8243199999999999,0.8232666977961937,0.6565126229718716,0.6565126229718716,25000,0,evaluated
40,0.82396,0.497929365234375,1.645310903149502,0.831696284593371,0.82396,0.8229275169832306,0.6556106416368437,0.6556106416368437,25000,0,evaluated
41,0.8224,0.5054081567382812,1.6576619683052431,0.8302735090814561,0.8224,0.8213351862966985,0.6526260164224574,0.6526260164224574,25000,0,evaluated
42,0.81972,0.5168371051025391,1.6767159775866967,0.8284949656570411,0.81972,0.8185079674583489,0.6481555690414738,0.6481555690414738,25000,0,evaluated
43,0.82096,0.5183577307128906,1.6792675743635317,0.8287319254141543,0.8209599999999999,0.8198954860748502,0.6496454380073088,0.6496454380073088,25000,0,evaluated
44,0.81976,0.5275138687133789,1.694713785925705,0.8280235826912639,0.81976,0.8186176522324897,0.6477308725122141,0.6477308725122141,25000,0,evaluated
45,0.81972,0.5274280783081055,1.6945684019795508,0.8273878294504589,0.81972,0.8186581873987209,0.6470623983261605,0.6470623983261605,25000,0,evaluated
46,0.82276,0.5228211877441407,1.6867796655020808,0.8282529886635241,0.8227599999999999,0.8220154010029327,0.6509898144242783,0.6509898144242783,25000,0,evaluated
47,0.82176,0.5319415176391602,1.7022340197915662,0.8273676688395415,0.82176,0.8209934233819329,0.649103446688772,0.649103446688772,25000,0,evaluated
48,0.82224,0.5358211465454101,1.7088508832879101,0.8272326508592563,0.8222400000000001,0.8215593743498402,0.6494534607279778,0.6494534607279778,25000,0,evaluated
49,0.82312,0.5361362420654296,1.709389419386316,0.8273564300771593,0.8231200000000001,0.8225458765700452,0.6504626343965707,0.6504626343965707,25000,0,evaluated
50,0.82256,0.5446503384399414,1.724005458534752,0.827095976501425,0.82256,0.8219427012704473,0.6496401409405046,0.6496401409405046,25000,0,evaluated
51,0.82272,0.5480235638427734,1.729830737007114,0.8268314962972665,0.82272,0.8221607013812444,0.649538483802319,0.649538483802319,25000,0,evaluated
52,0.82456,0.5498927215576171,1.73306708715674,0.8278066728142093,0.82456,0.8241245221865063,0.6523585938073624,0.6523585938073624,25000,0,evaluated
53,0.82492,0.5508729437255859,1.7347667108024472,0.8272689659339815,0.8249200000000001,0.8246052770411222,0.6521847358264966,0.6521847358264966,25000,0,evaluated
54,0.8242,0.5593743670654296,1.7495775644719402,0.8272308572265987,0.8242,0.8237919842780401,0.6514238064819654,0.6514238064819654,25000,0,evaluated
55,0.82352,0.5707329344177247,1.7695635502817344,0.8273609994111777,0.82352,0.8230008072767896,0.6508696659992819,0.6508696659992819,25000,0,evaluated
56,0.8226,0.5754278350830078,1.7778910083692594,0.8265745766691306,0.8226,0.822058590913413,0.6491624093659815,0.6491624093659815,25000,0,evaluated
57,0.82264,0.5780026515197754,1.7824746498457575,0.8264476858072558,0.82264,0.8221213057275014,0.649076517365566,0.649076517365566,25000,0,evaluated
58,0.81948,0.5963226007080078,1.815430447413641,0.8248762115470626,0.81948,0.8187272624921895,0.6443336156528093,0.6443336156528093,25000,0,evaluated
59,0.8204,0.6007983613586426,1.823574090477985,0.8253120474385509,0.8204,0.8197194637631657,0.6456933637550001,0.6456933637550001,25000,0,evaluated
60,0.8204,0.6066316152954102,1.8342425468767487,0.8248437460215765,0.8204,0.8197836763203984,0.6452284439648119,0.6452284439648119,25000,0,evaluated
61,0.82252,0.6010717330932617,1.8240726722362803,0.825910775710492,0.8225199999999999,0.8220571707009934,0.6484219101237955,0.6484219101237955,25000,0,evaluated
62,0.82244,0.6043794424438477,1.8301161640173988,0.8256917080980781,0.8224400000000001,0.8219957009848513,0.6481235510584207,0.6481235510584207,25000,0,evaluated
63,0.82116,0.6121362550354004,1.8443672320996731,0.8249331949654015,0.82116,0.8206393061485274,0.6460821771108947,0.6460821771108947,25000,0,evaluated
64,0.8242,0.6126213565826416,1.8452621545442274,0.8263603257275933,0.8242,0.8239085929515124,0.6505567388041901,0.6505567388041901,25000,0,evaluated
65,0.82336,0.6170747108459472,1.8534980857753192,0.8255019507439818,0.8233600000000001,0.8230689282876635,0.6488584153498326,0.6488584153498326,25000,0,evaluated
66,0.82556,0.6219929791259765,1.8626365408835166,0.8269567361591175,0.8255600000000001,0.8253735019735341,0.652515241274753,0.652515241274753,25000,0,evaluated
67,0.82492,0.6270217115020752,1.8720268324044753,0.8265792966309675,0.82492,0.8246973288642176,0.6514971836050683,0.6514971836050683,25000,0,evaluated
68,0.82584,0.6255766653442383,1.8693236208260888,0.8270362431119567,0.8258399999999999,0.8256805922927947,0.6528751471930907,0.6528751471930907,25000,0,evaluated
69,0.82648,0.6303848593139648,1.8783333342543458,0.8276034418343516,0.82648,0.8263311104654945,0.6540824770319998,0.6540824770319998,25000,0,evaluated
70,0.82588,0.6381574643707275,1.8929897629554047,0.8272575626969254,0.82588,0.8256965711591671,0.6531361099546527,0.6531361099546527,25000,0,evaluated
71,0.82372,0.6438361824035644,1.9037700983305288,0.8258009579638328,0.82372,0.823438065620684,0.6495176244323226,0.6495176244323226,25000,0,evaluated
72,0.82532,0.6516265461730957,1.9186590799207928,0.8268491835160308,0.82532,0.8251154480326369,0.6521673907255257,0.6521673907255257,25000,0,evaluated
73,0.82288,0.6603219256591797,1.935415293967614,0.825236473025061,0.8228800000000001,0.8225585908647739,0.6481121890855986,0.6481121890855986,25000,0,evaluated
74,0.82456,0.6628373278045654,1.940289769813605,0.8262969312948667,0.82456,0.8243262150134081,0.6508546136306078,0.6508546136306078,25000,0,evaluated
75,0.8248,0.6751845677566528,1.9643955065849161,0.8263810419883584,0.8248,0.8245875685289914,0.6511791226316114,0.6511791226316114,25000,0,evaluated
76,0.8258,0.6778198287582398,1.9695790284217953,0.8269802700755384,0.8258000000000001,0.8256426596571028,0.6527792030713306,0.6527792030713306,25000,0,evaluated
77,0.82432,0.6875762064743042,1.9888890300280355,0.8257632071057637,0.8243199999999999,0.8241252083972122,0.6500816051190536,0.6500816051190536,25000,0,evaluated
78,0.824,0.6977289803695679,2.0091846246072382,0.8256808340949602,0.8240000000000001,0.8237726232615818,0.6496786597904138,0.6496786597904138,25000,0,evaluated
79,0.82456,0.698449581375122,2.0106329668438376,0.8261471814297876,0.82456,0.8243462971757307,0.65070524572913,0.65070524572913,25000,0,evaluated
80,0.82316,0.7041415396881103,2.022110038393705,0.825373499780481,0.8231599999999999,0.822858729180205,0.6485297223383373,0.6485297223383373,25000,0,evaluated
81,0.82236,0.7103713523101807,2.034746726263177,0.8244072411889094,0.82236,0.8220792983520973,0.6467640010688808,0.6467640010688808,25000,0,evaluated
82,0.82116,0.7198659685134887,2.054157870359273,0.8233770211164511,0.82116,0.8208529491206749,0.6445332081491517,0.6445332081491517,25000,0,evaluated
83,0.82224,0.7229836845779419,2.0605721450986696,0.8243915181803954,0.82224,0.8219447633358709,0.6466279388286609,0.6466279388286609,25000,0,evaluated
84,0.82252,0.7243481628799439,2.063385670140784,0.824373913691355,0.8225199999999999,0.8222660466180497,0.6468912571483273,0.6468912571483273,25000,0,evaluated
85,0.8204,0.740844356136322,2.097705977852978,0.8231542378819533,0.8204,0.8200165009513294,0.6435483441587829,0.6435483441587829,25000,0,evaluated
86,0.82292,0.7249803335571289,2.064690494449549,0.8245839993476959,0.8229200000000001,0.8226927559437277,0.6475018612154192,0.6475018612154192,25000,0,evaluated
87,0.82364,0.7252347326087951,2.065215816571213,0.8247384556237591,0.82364,0.8234907355759732,0.6483775251443357,0.6483775251443357,25000,0,evaluated
88,0.82336,0.7340118711471557,2.083422285371761,0.8242259499297336,0.82336,0.823241977678651,0.6475853709566907,0.6475853709566907,25000,0,evaluated
89,0.82236,0.7550098509597778,2.127632482474071,0.8231940474867061,0.82236,0.822245319790516,0.6455535086971941,0.6455535086971941,25000,0,evaluated
90,0.82364,0.7585686789131164,2.135217849930117,0.8237322424522638,0.82364,0.8236274363473497,0.6473722358805656,0.6473722358805656,25000,0,evaluated
91,0.82452,0.7510736081123353,2.119274065504564,0.8246160344076192,0.8245199999999999,0.8245070205392391,0.6491360273038635,0.6491360273038635,25000,0,evaluated
92,0.82272,0.7636640040969849,2.1461252439752507,0.8230709718979446,0.8227199999999999,0.8226718393739243,0.6457908765255349,0.6457908765255349,25000,0,evaluated
93,0.82376,0.7685941509819031,2.1567320818112887,0.8238854416088601,0.82376,0.8237429338038114,0.6476454294605484,0.6476454294605484,25000,0,evaluated
94,0.8228,0.7844441985321045,2.191188736308596,0.8233090508765468,0.8228,0.8227302220773034,0.6461088503431889,0.6461088503431889,25000,0,evaluated
95,0.8206,0.8069731222915649,2.2411141313726755,0.8215999112401899,0.8206,0.8204604449092494,0.6421991328041635,0.6421991328041635,25000,0,evaluated
96,0.81912,0.8209453987503051,2.2726473802235128,0.8207386659237258,0.81912,0.8188915007673297,0.6398566185313063,0.6398566185313063,25000,0,evaluated
97,0.81952,0.8274903968524933,2.287570636082401,0.8210753403205673,0.81952,0.8193011664846597,0.6405934521651862,0.6405934521651862,25000,0,evaluated
98,0.82028,0.8259488890171051,2.284047044542603,0.8213550823734657,0.8202799999999999,0.8201295624096461,0.64163418170348,0.64163418170348,25000,0,evaluated
99,0.82056,0.820600445098877,2.2718635574103394,0.8214131302142242,0.82056,0.8204408485692355,0.6419725633435489,0.6419725633435489,25000,0,evaluated
100,0.82136,0.8237887806510925,2.2791185803380793,0.8220775372205213,0.8213600000000001,0.8212604492197975,0.6434371371352038,0.6434371371352038,25000,0,evaluated
