Config,{"general": {"device": "cuda:0", "training_rounds": 100, "train_optimization": {"cudnn_benchmark": true, "pin_memory": true, "fused_optimizer": false, "torch_compile": false, "non_blocking_transfer": true}}, "dataset": "kmnist", "model": "simple_lora_mlp", "loss_function": "CrossEntropyLoss", "aggregation": "sp_plus", "client_selection": {"method": "random", "round": 1, "client_selection_round": 1, "number": 10, "random_seed": 42}, "hyperparameters": {"training_rounds": 100, "local_epochs": 5, "selected_clients": 10, "client_selection_round": 1, "client_selection_method": "random", "optimizer": "SGD", "lr": 0.01, "momentum": 0.0, "weight_decay": 0.0001, "nesterov": false, "batch_size": 64, "shuffle": true, "trainer_type": "standard", "rank_ratio_list": [0.9, 1.0, 0.7, 0.1, 0.3, 0.2, 0.4, 0.8, 0.5, 0.6]}, "effective_yaml": {"server_yaml": {"role": "server", "general": {"device": "cuda:0", "training_rounds": 100, "train_optimization": {"cudnn_benchmark": true, "pin_memory": true, "fused_optimizer": false, "torch_compile": false, "non_blocking_transfer": true}}, "training_logger": {"name": "train", "path": "./experiment_results/", "prefix": "rbla_plus_", "save_weights": false}, "data_loader": {"name": "kmnist", "root": "../.dataset", "split": "", "batch_size": 64, "shuffle": true, "num_workers": 0, "is_download": true, "is_load_train_set": true, "is_load_test_set": true, "task_type": "cv"}, "nn_model": {"name": "simple_lora_mlp", "input_dim": 0, "hidden_dim": 0, "output_dim": 0, "softmax_dim": 1, "lora_mode": "standard", "rank_ratio": 1.0, "cap_lora_rank_to_matrix_dim": true, "share_model": false}, "loss_func": {"type": "CrossEntropyLoss", "reduction": "mean", "weight": "None"}, "optimizer": {"type": "SGD", "lr": 0.01, "weight_decay": 0.0001, "momentum": 0.0, "nesterov": false, "betas": [0.9, 0.999], "amsgrad": false, "eps": "1e-8", "alpha": "None", "centered": "None"}, "training": {"epochs": 5, "batch_size": 64, "shuffle": true, "lr": 0.01}, "trainer": {"trainer_type": "standard", "save_path": "./.training_results/"}, "data_distribution": {"use": "kmnist_dirichlet_0_8_seed_2", "custom_define": {"kmnist_dirichlet_0_8_seed_2": [[144, 1293, 315, 1074, 728, 94, 11, 118, 62, 1520], [1080, 1010, 75, 560, 24, 38, 2628, 542, 1059, 90], [530, 547, 355, 340, 6, 829, 571, 431, 386, 179], [95, 324, 599, 1192, 149, 945, 53, 1702, 889, 140], [141, 33, 1886, 74, 1448, 1513, 361, 48, 232, 396], [475, 599, 28, 231, 345, 474, 291, 1254, 121, 37], [316, 1379, 500, 37, 77, 276, 483, 135, 665, 3460], [292, 198, 28, 1577, 87, 1326, 108, 235, 759, 54], [2658, 377, 423, 437, 504, 328, 875, 647, 1676, 120], [269, 240, 1791, 478, 2632, 177, 619, 888, 151, 4]]}}, "client_selection": {"method": "random", "round": 1, "client_selection_round": 1, "number": 10, "random_seed": 42}, "strategy": {"role": "server", "strategy_name": "sp_plus"}, "aggregation": {"method": "sp_plus", "device": "cpu", "is_wbab": false, "pad_mode": "nan"}, "canonicalization": {"enabled": true, "start_round": 0, "interval": 1, "deterministic_sign": true, "svd_fallback": true, "log_diagnostics": true, "ordering": "singular_value", "activation_chunk_size": 4096, "activation_fallback": true}, "rank_distribution": {"rank_ratio_list": [0.9, 1.0, 0.7, 0.1, 0.3, 0.2, 0.4, 0.8, 0.5, 0.6]}, "lora_inference": {"device": "cpu", "lora_mode": "standard", "scaling": 0.5, "rank_ratio": 1, "use_bias": true, "alpha": 0}}, "client_yamls": [{"index": 0, "node_id": "client.1", "yaml": {"role": "client", "training_logger": {"name": "train", "path": "./experiment_results/", "prefix": "", "save_weights": false}, "data_loader": {"name": "kmnist", "root": "../.dataset", "split": "", "batch_size": 64, "shuffle": true, "num_workers": 0, "is_download": true, "is_load_train_set": true, "is_load_test_set": true, "task_type": "cv"}, "nn_model": {"name": "simple_lora_mlp", "input_dim": 0, "hidden_dim": 0, "output_dim": 0, "softmax_dim": 1, "lora_mode": "standard", "rank_ratio": 0.9, "cap_lora_rank_to_matrix_dim": true, "share_model": false}, "loss_func": {"type": "CrossEntropyLoss", "reduction": "mean", "weight": "None"}, "optimizer": {"type": "SGD", "lr": 0.01, "weight_decay": 0.0001, "momentum": 0.0, "nesterov": false, "betas": [0.9, 0.999], "amsgrad": false, "eps": "1e-8", "alpha": "None", "centered": "None"}, "training": {"epochs": 5, "batch_size": 64, "shuffle": true, "lr": 0.01}, "trainer": {"trainer_type": "standard", "save_path": "./.training_results/"}, "strategy": {"role": "client", "strategy_name": "sp_plus"}}}, {"index": 1, "node_id": "client.2", "yaml": {"role": "client", "training_logger": {"name": "train", "path": "./experiment_results/", "prefix": "", "save_weights": false}, "data_loader": {"name": "kmnist", "root": "../.dataset", "split": "", "batch_size": 64, "shuffle": true, "num_workers": 0, "is_download": true, "is_load_train_set": true, "is_load_test_set": true, "task_type": "cv"}, "nn_model": {"name": "simple_lora_mlp", "input_dim": 0, "hidden_dim": 0, "output_dim": 0, "softmax_dim": 1, "lora_mode": "standard", "rank_ratio": 1.0, "cap_lora_rank_to_matrix_dim": true, "share_model": false}, "loss_func": {"type": "CrossEntropyLoss", "reduction": "mean", "weight": "None"}, "optimizer": {"type": "SGD", "lr": 0.01, "weight_decay": 0.0001, "momentum": 0.0, "nesterov": false, "betas": [0.9, 0.999], "amsgrad": false, "eps": "1e-8", "alpha": "None", "centered": "None"}, "training": {"epochs": 5, "batch_size": 64, "shuffle": true, "lr": 0.01}, "trainer": {"trainer_type": "standard", "save_path": "./.training_results/"}, "strategy": {"role": "client", "strategy_name": "sp_plus"}}}, {"index": 2, "node_id": "client.3", "yaml": {"role": "client", "training_logger": {"name": "train", "path": "./experiment_results/", "prefix": "", "save_weights": false}, "data_loader": {"name": "kmnist", "root": "../.dataset", "split": "", "batch_size": 64, "shuffle": true, "num_workers": 0, "is_download": true, "is_load_train_set": true, "is_load_test_set": true, "task_type": "cv"}, "nn_model": {"name": "simple_lora_mlp", "input_dim": 0, "hidden_dim": 0, "output_dim": 0, "softmax_dim": 1, "lora_mode": "standard", "rank_ratio": 0.7, "cap_lora_rank_to_matrix_dim": true, "share_model": false}, "loss_func": {"type": "CrossEntropyLoss", "reduction": "mean", "weight": "None"}, "optimizer": {"type": "SGD", "lr": 0.01, "weight_decay": 0.0001, "momentum": 0.0, "nesterov": false, "betas": [0.9, 0.999], "amsgrad": false, "eps": "1e-8", "alpha": "None", "centered": "None"}, "training": {"epochs": 5, "batch_size": 64, "shuffle": true, "lr": 0.01}, "trainer": {"trainer_type": "standard", "save_path": "./.training_results/"}, "strategy": {"role": "client", "strategy_name": "sp_plus"}}}, {"index": 3, "node_id": "client.4", "yaml": {"role": "client", "training_logger": {"name": "train", "path": "./experiment_results/", "prefix": "", "save_weights": false}, "data_loader": {"name": "kmnist", "root": "../.dataset", "split": "", "batch_size": 64, "shuffle": true, "num_workers": 0, "is_download": true, "is_load_train_set": true, "is_load_test_set": true, "task_type": "cv"}, "nn_model": {"name": "simple_lora_mlp", "input_dim": 0, "hidden_dim": 0, "output_dim": 0, "softmax_dim": 1, "lora_mode": "standard", "rank_ratio": 0.1, "cap_lora_rank_to_matrix_dim": true, "share_model": false}, "loss_func": {"type": "CrossEntropyLoss", "reduction": "mean", "weight": "None"}, "optimizer": {"type": "SGD", "lr": 0.01, "weight_decay": 0.0001, "momentum": 0.0, "nesterov": false, "betas": [0.9, 0.999], "amsgrad": false, "eps": "1e-8", "alpha": "None", "centered": "None"}, "training": {"epochs": 5, "batch_size": 64, "shuffle": true, "lr": 0.01}, "trainer": {"trainer_type": "standard", "save_path": "./.training_results/"}, "strategy": {"role": "client", "strategy_name": "sp_plus"}}}, {"index": 4, "node_id": "client.5", "yaml": {"role": "client", "training_logger": {"name": "train", "path": "./experiment_results/", "prefix": "", "save_weights": false}, "data_loader": {"name": "kmnist", "root": "../.dataset", "split": "", "batch_size": 64, "shuffle": true, "num_workers": 0, "is_download": true, "is_load_train_set": true, "is_load_test_set": true, "task_type": "cv"}, "nn_model": {"name": "simple_lora_mlp", "input_dim": 0, "hidden_dim": 0, "output_dim": 0, "softmax_dim": 1, "lora_mode": "standard", "rank_ratio": 0.3, "cap_lora_rank_to_matrix_dim": true, "share_model": false}, "loss_func": {"type": "CrossEntropyLoss", "reduction": "mean", "weight": "None"}, "optimizer": {"type": "SGD", "lr": 0.01, "weight_decay": 0.0001, "momentum": 0.0, "nesterov": false, "betas": [0.9, 0.999], "amsgrad": false, "eps": "1e-8", "alpha": "None", "centered": "None"}, "training": {"epochs": 5, "batch_size": 64, "shuffle": true, "lr": 0.01}, "trainer": {"trainer_type": "standard", "save_path": "./.training_results/"}, "strategy": {"role": "client", "strategy_name": "sp_plus"}}}, {"index": 5, "node_id": "client.6", "yaml": {"role": "client", "training_logger": {"name": "train", "path": "./experiment_results/", "prefix": "", "save_weights": false}, "data_loader": {"name": "kmnist", "root": "../.dataset", "split": "", "batch_size": 64, "shuffle": true, "num_workers": 0, "is_download": true, "is_load_train_set": true, "is_load_test_set": true, "task_type": "cv"}, "nn_model": {"name": "simple_lora_mlp", "input_dim": 0, "hidden_dim": 0, "output_dim": 0, "softmax_dim": 1, "lora_mode": "standard", "rank_ratio": 0.2, "cap_lora_rank_to_matrix_dim": true, "share_model": false}, "loss_func": {"type": "CrossEntropyLoss", "reduction": "mean", "weight": "None"}, "optimizer": {"type": "SGD", "lr": 0.01, "weight_decay": 0.0001, "momentum": 0.0, "nesterov": false, "betas": [0.9, 0.999], "amsgrad": false, "eps": "1e-8", "alpha": "None", "centered": "None"}, "training": {"epochs": 5, "batch_size": 64, "shuffle": true, "lr": 0.01}, "trainer": {"trainer_type": "standard", "save_path": "./.training_results/"}, "strategy": {"role": "client", "strategy_name": "sp_plus"}}}, {"index": 6, "node_id": "client.7", "yaml": {"role": "client", "training_logger": {"name": "train", "path": "./experiment_results/", "prefix": "", "save_weights": false}, "data_loader": {"name": "kmnist", "root": "../.dataset", "split": "", "batch_size": 64, "shuffle": true, "num_workers": 0, "is_download": true, "is_load_train_set": true, "is_load_test_set": true, "task_type": "cv"}, "nn_model": {"name": "simple_lora_mlp", "input_dim": 0, "hidden_dim": 0, "output_dim": 0, "softmax_dim": 1, "lora_mode": "standard", "rank_ratio": 0.4, "cap_lora_rank_to_matrix_dim": true, "share_model": false}, "loss_func": {"type": "CrossEntropyLoss", "reduction": "mean", "weight": "None"}, "optimizer": {"type": "SGD", "lr": 0.01, "weight_decay": 0.0001, "momentum": 0.0, "nesterov": false, "betas": [0.9, 0.999], "amsgrad": false, "eps": "1e-8", "alpha": "None", "centered": "None"}, "training": {"epochs": 5, "batch_size": 64, "shuffle": true, "lr": 0.01}, "trainer": {"trainer_type": "standard", "save_path": "./.training_results/"}, "strategy": {"role": "client", "strategy_name": "sp_plus"}}}, {"index": 7, "node_id": "client.8", "yaml": {"role": "client", "training_logger": {"name": "train", "path": "./experiment_results/", "prefix": "", "save_weights": false}, "data_loader": {"name": "kmnist", "root": "../.dataset", "split": "", "batch_size": 64, "shuffle": true, "num_workers": 0, "is_download": true, "is_load_train_set": true, "is_load_test_set": true, "task_type": "cv"}, "nn_model": {"name": "simple_lora_mlp", "input_dim": 0, "hidden_dim": 0, "output_dim": 0, "softmax_dim": 1, "lora_mode": "standard", "rank_ratio": 0.8, "cap_lora_rank_to_matrix_dim": true, "share_model": false}, "loss_func": {"type": "CrossEntropyLoss", "reduction": "mean", "weight": "None"}, "optimizer": {"type": "SGD", "lr": 0.01, "weight_decay": 0.0001, "momentum": 0.0, "nesterov": false, "betas": [0.9, 0.999], "amsgrad": false, "eps": "1e-8", "alpha": "None", "centered": "None"}, "training": {"epochs": 5, "batch_size": 64, "shuffle": true, "lr": 0.01}, "trainer": {"trainer_type": "standard", "save_path": "./.training_results/"}, "strategy": {"role": "client", "strategy_name": "sp_plus"}}}, {"index": 8, "node_id": "client.9", "yaml": {"role": "client", "training_logger": {"name": "train", "path": "./experiment_results/", "prefix": "", "save_weights": false}, "data_loader": {"name": "kmnist", "root": "../.dataset", "split": "", "batch_size": 64, "shuffle": true, "num_workers": 0, "is_download": true, "is_load_train_set": true, "is_load_test_set": true, "task_type": "cv"}, "nn_model": {"name": "simple_lora_mlp", "input_dim": 0, "hidden_dim": 0, "output_dim": 0, "softmax_dim": 1, "lora_mode": "standard", "rank_ratio": 0.5, "cap_lora_rank_to_matrix_dim": true, "share_model": false}, "loss_func": {"type": "CrossEntropyLoss", "reduction": "mean", "weight": "None"}, "optimizer": {"type": "SGD", "lr": 0.01, "weight_decay": 0.0001, "momentum": 0.0, "nesterov": false, "betas": [0.9, 0.999], "amsgrad": false, "eps": "1e-8", "alpha": "None", "centered": "None"}, "training": {"epochs": 5, "batch_size": 64, "shuffle": true, "lr": 0.01}, "trainer": {"trainer_type": "standard", "save_path": "./.training_results/"}, "strategy": {"role": "client", "strategy_name": "sp_plus"}}}, {"index": 9, "node_id": "client.10", "yaml": {"role": "client", "training_logger": {"name": "train", "path": "./experiment_results/", "prefix": "", "save_weights": false}, "data_loader": {"name": "kmnist", "root": "../.dataset", "split": "", "batch_size": 64, "shuffle": true, "num_workers": 0, "is_download": true, "is_load_train_set": true, "is_load_test_set": true, "task_type": "cv"}, "nn_model": {"name": "simple_lora_mlp", "input_dim": 0, "hidden_dim": 0, "output_dim": 0, "softmax_dim": 1, "lora_mode": "standard", "rank_ratio": 0.6, "cap_lora_rank_to_matrix_dim": true, "share_model": false}, "loss_func": {"type": "CrossEntropyLoss", "reduction": "mean", "weight": "None"}, "optimizer": {"type": "SGD", "lr": 0.01, "weight_decay": 0.0001, "momentum": 0.0, "nesterov": false, "betas": [0.9, 0.999], "amsgrad": false, "eps": "1e-8", "alpha": "None", "centered": "None"}, "training": {"epochs": 5, "batch_size": 64, "shuffle": true, "lr": 0.01}, "trainer": {"trainer_type": "standard", "save_path": "./.training_results/"}, "strategy": {"role": "client", "strategy_name": "sp_plus"}}}]}, "effective_client_rank_ratios": [0.9, 1.0, 0.7, 0.1, 0.3, 0.2, 0.4, 0.8, 0.5, 0.6], "effective_client_share_model": [false, false, false, false, false, false, false, false, false, false], "rank_distribution": {"rank_ratio_list": [0.9, 1.0, 0.7, 0.1, 0.3, 0.2, 0.4, 0.8, 0.5, 0.6]}, "rank_ratio_list": [0.9, 1.0, 0.7, 0.1, 0.3, 0.2, 0.4, 0.8, 0.5, 0.6], "rank_ratio_list_str": "[0.9, 1.0, 0.7, 0.1, 0.3, 0.2, 0.4, 0.8, 0.5, 0.6]", "epoch": 5, "batch_size": 64}

round,accuracy,average_loss,perplexity,precision,recall,f1_score,matthews_correlation,mcc,total_test_samples,invalid_label_samples,evaluation_status,canonicalization_layer_count,canonicalization_mean_effective_rank,canonicalization_maximum_singular_value,canonicalization_minimum_singular_value,canonicalization_maximum_core_reconstruction_error,canonicalization_maximum_factor_balance_error
0,0.112,2.3027875,10.002024274916344,0.1352100829078174,0.11199999999999999,0.06929038150421424,0.015025506834540184,0.015025506834540184,10000,0,evaluated,3.0,17.263556957244873,0.007936801761388779,2.5360882838221244e-10,1.2148731229899568e-06,1.0842322808457538e-06
1,0.1097,2.30101875,9.984348830809068,0.1276696128671404,0.10969999999999999,0.08468855789666771,0.011620141160434118,0.011620141160434118,10000,0,evaluated,3.0,17.12851047515869,0.00847687665373087,2.533729615006308e-10,1.1150999625897384e-06,1.2725661235890584e-06
2,0.105,2.2999359375,9.973543504217814,0.12653686233879408,0.10500000000000001,0.07823650563226484,0.006036475423535945,0.006036475423535945,10000,0,evaluated,3.0,16.98141606648763,0.00916233565658331,2.5313837137552753e-10,9.805187346501043e-07,1.0888246606555185e-06
3,0.1056,2.299021875,9.964431227338235,0.12948782797773434,0.1056,0.07426411137592773,0.006760869680134559,0.006760869680134559,10000,0,evaluated,3.0,16.821391264597576,0.010025116614997387,2.5290472493999516e-10,1.098906182050996e-06,1.0568215884632082e-06
4,0.1092,2.2981875,9.95612062259548,0.12101244900551496,0.1092,0.07478610403901317,0.011093012066130791,0.011093012066130791,10000,0,evaluated,3.0,16.647300243377686,0.011103666387498379,2.526716058603995e-10,9.568581162966439e-07,1.3592924688055064e-06
5,0.1108,2.2972828125,9.947117517831954,0.12198836574934706,0.11079999999999998,0.0769034823636565,0.012970133560351284,0.012970133560351284,10000,0,evaluated,3.0,16.459275245666504,0.012439766898751259,2.524388198477112e-10,1.0860882184715592e-06,1.1790592679972178e-06
6,0.1132,2.2964578125,9.93891453007745,0.11989011256907514,0.1132,0.07813714541489192,0.015862958118350683,0.015862958118350683,10000,0,evaluated,3.0,16.256466229756672,0.014103256165981293,2.5220608934617417e-10,8.695998872099153e-07,9.346340448246337e-07
7,0.1161,2.2957109375,9.931494174671709,0.1267133539129496,0.11610000000000001,0.08051542618542913,0.019360599935189533,0.019360599935189533,10000,0,evaluated,3.0,16.039478302001953,0.016168510541319847,2.5197327557791027e-10,1.4740846836502897e-06,1.375716919937986e-06
8,0.1193,2.294871875,9.923164525377645,0.13109251086709156,0.1193,0.08353833366147809,0.02317793485271313,0.02317793485271313,10000,0,evaluated,3.0,15.808736483256022,0.0187328290194273,2.517399899648609e-10,1.5639196817573975e-06,1.2133768905187026e-06
9,0.1213,2.294078125,9.915291138699342,0.14857595586244274,0.12129999999999999,0.08587103748165527,0.0255582494548094,0.0255582494548094,10000,0,evaluated,3.0,15.564968744913736,0.021928831934928894,2.5150617699587485e-10,1.2694898714471492e-06,1.0729173709478346e-06
10,0.1234,2.293303125,9.907609764983635,0.1293914307639748,0.1234,0.08696354165772988,0.02810274070296647,0.02810274070296647,10000,0,evaluated,3.0,15.310529073079428,0.025894148275256157,2.512715036040447e-10,9.585227189745638e-07,1.4195069297784357e-06
11,0.1265,2.292553125,9.900181843478645,0.15803792088772728,0.1265,0.08990121536719589,0.03187460629148813,0.03187460629148813,10000,0,evaluated,3.0,15.046371777852377,0.030830737203359604,2.510358032559168e-10,9.474062494518876e-07,7.695968520238239e-07
12,0.128,2.291796875,9.892697661272605,0.15850337465603137,0.128,0.09140276268347475,0.03362946897962522,0.03362946897962522,10000,0,evaluated,3.0,14.77426846822103,0.03698989376425743,2.5079896492918863e-10,1.0994888270943193e-06,1.0392805052106269e-06
13,0.1303,2.291071875,9.885528054764585,0.15299115585027823,0.1303,0.0933389305605565,0.03639420353520502,0.03639420353520502,10000,0,evaluated,3.0,14.496528466542562,0.04468340426683426,2.5056107189058707e-10,1.3095567510390538e-06,1.0009143807110377e-06
14,0.1317,2.2903234375,9.878132122902715,0.13941534934152147,0.13169999999999998,0.09450919588109465,0.03813924799316982,0.03813924799316982,10000,0,evaluated,3.0,14.21459142367045,0.05431320145726204,2.503220963845365e-10,9.471466455579503e-07,1.2261299389138003e-06
15,0.1341,2.2896109375,9.871096460517512,0.14027111344065174,0.1341,0.09607416757825003,0.041090991419748965,0.041090991419748965,10000,0,evaluated,3.0,13.930394331614176,0.06637638062238693,2.5008223270006624e-10,1.230756652148557e-06,1.5504519979003817e-06
16,0.1356,2.2888359375,9.863449324408608,0.1450112538828727,0.1356,0.0977394515736342,0.04293203536781289,0.04293203536781289,10000,0,evaluated,3.0,13.645243724187216,0.08152305334806442,2.498414808371763e-10,8.676662446305272e-07,1.1751217243727297e-06
17,0.1401,2.288034375,9.855546321108195,0.1768940294140659,0.1401,0.10173161863994762,0.04832572250287785,0.04832572250287785,10000,0,evaluated,3.0,13.36039113998413,0.10052497684955597,2.49600173862774e-10,1.2834085509894066e-06,1.3681260497833136e-06
18,0.1418,2.28730625,9.848372863347029,0.19637278107471684,0.14179999999999998,0.10354838510174617,0.05046469886981489,0.05046469886981489,10000,0,evaluated,3.0,13.07572833697001,0.12450180947780609,2.493583117768594e-10,1.2755291436405969e-06,1.5674304449930787e-06
19,0.144,2.286421875,9.839667058761385,0.19878545950141285,0.144,0.10541184417426304,0.05319828998332559,0.05319828998332559,10000,0,evaluated,3.0,12.792591253916422,0.1547069549560547,2.491160888684618e-10,9.301526233684854e-07,8.750864139983605e-07
20,0.1475,2.2853875,9.829494415218567,0.20452192656141088,0.14750000000000002,0.10797660702749298,0.05743688830957654,0.05743688830957654,10000,0,evaluated,3.0,12.510573784510294,0.19289961457252502,2.4887358840430807e-10,9.357191288472677e-07,1.5253582432706025e-06
21,0.1507,2.2842953125,9.818764624825024,0.21857293496859773,0.1507,0.11094898668674598,0.061449225096094816,0.061449225096094816,10000,0,evaluated,3.0,12.23012375831604,0.24103914201259613,2.486309214067006e-10,7.097323191374016e-07,9.268475764656614e-07
22,0.1525,2.2831734375,9.807755374917358,0.22733835362590246,0.15250000000000002,0.11264251023940945,0.06361410070412891,0.06361410070412891,10000,0,evaluated,3.0,11.951297362645468,0.3018987774848938,2.483881156312151e-10,9.543517762722331e-07,1.1453394108684734e-06
23,0.1552,2.2818421875,9.794707487501547,0.23260933482635576,0.1552,0.1143029660057733,0.06707359166707762,0.06707359166707762,10000,0,evaluated,3.0,11.673016707102457,0.3788059949874878,2.481453376113052e-10,8.719557058611827e-07,1.0638734693202423e-06
24,0.1565,2.28028125,9.779430487605685,0.23739745165738171,0.15650000000000003,0.11580752243358243,0.06876155528263857,0.06876155528263857,10000,0,evaluated,3.0,11.395370483398438,0.475518137216568,2.479025873469709e-10,8.117995662360045e-07,7.553896921308478e-07
25,0.1575,2.2785,9.762026382182754,0.23950171851781937,0.1575,0.1172402174761586,0.07014908196008919,0.07014908196008919,10000,0,evaluated,3.0,11.117805322011312,0.5969280004501343,2.476598370826366e-10,1.2441042827049387e-06,1.517292503194767e-06
26,0.1579,2.2763265625,9.740832268351731,0.24890857393337723,0.1579,0.1185682215687027,0.07070136867723459,0.07070136867723459,10000,0,evaluated,3.0,10.839073260625204,0.7483790516853333,2.4741711457387794e-10,9.57178258431668e-07,9.284874522563769e-07
27,0.1579,2.27393046875,9.717520261064585,0.24901327949318208,0.1579,0.11851244331962629,0.07079204479127596,0.07079204479127596,10000,0,evaluated,3.0,10.55898666381836,0.934837281703949,2.4717433655396803e-10,1.0210841310254182e-06,6.514038091154362e-07
28,0.1611,2.27104140625,9.689486253185041,0.26810536477972063,0.1611,0.12089670986466103,0.0747429470089411,0.0747429470089411,10000,0,evaluated,3.0,10.276172558466593,1.1621148586273193,2.4693161404520936e-10,5.633759769807511e-07,7.298478408301889e-07
29,0.1647,2.26758828125,9.656084948596922,0.2757321737415756,0.1647,0.12412516760143062,0.07910306820625763,0.07910306820625763,10000,0,evaluated,3.0,9.989612380663553,1.433028221130371,2.4668908582548e-10,9.940625886883936e-07,8.032055234252766e-07
30,0.1665,2.26365703125,9.618198983036896,0.2708519961201926,0.1665,0.12612336968513865,0.08114202689837974,0.08114202689837974,10000,0,evaluated,3.0,9.6982528368632,1.7511028051376343,2.4644658536132624e-10,8.956831152318045e-07,7.349651127697143e-07
31,0.171,2.259221875,9.575635225931446,0.27857683324940724,0.17099999999999999,0.13084687868640535,0.08661158309290018,0.08661158309290018,10000,0,evaluated,3.0,9.400872588157654,2.1164958477020264,2.462041126527481e-10,9.3232046083358e-07,7.023171519904281e-07
32,0.1763,2.25397421875,9.525517199988432,0.3329866249714294,0.17629999999999998,0.13593056311782112,0.09289719657266544,0.09289719657266544,10000,0,evaluated,3.0,9.096282720565796,2.532758951187134,2.4596180647762367e-10,8.996568112706882e-07,7.462486451004224e-07
33,0.1835,2.247903125,9.46786208394584,0.3299042367833072,0.1835,0.1424839095482732,0.10142160468971577,0.10142160468971577,10000,0,evaluated,3.0,8.782537778218588,3.0013327598571777,2.4571969459152854e-10,8.346071354026208e-07,8.155340651683218e-07
34,0.1888,2.24074140625,9.400298144284086,0.3214566948175432,0.1888,0.1473100985736272,0.10768941757018934,0.10768941757018934,10000,0,evaluated,3.0,8.459762851397196,3.527196168899536,2.4547766597216025e-10,6.986008429521462e-07,8.787876026872254e-07
35,0.1943,2.2327109375,9.325111639289645,0.22742576030754144,0.1943,0.15089212583768546,0.11393619563248958,0.11393619563248958,10000,0,evaluated,3.0,8.126412312189737,4.117342472076416,2.452358871529725e-10,7.102285053406376e-07,6.713692641824309e-07
36,0.202,2.22340078125,9.238696287292768,0.23457807899042357,0.202,0.15673830718698373,0.12297937836443974,0.12297937836443974,10000,0,evaluated,3.0,7.783895969390869,4.776726245880127,2.449941916005116e-10,1.014746089822438e-06,7.777261430419458e-07
37,0.2073,2.21341171875,9.146869766634222,0.2354713744527745,0.20729999999999998,0.1594521605337935,0.1297785197210928,0.1297785197210928,10000,0,evaluated,3.0,7.433850924173991,5.515963554382324,2.4475271809265564e-10,7.332718041652697e-07,8.828309887576324e-07
38,0.2106,2.202875,9.050997747703882,0.23552787414458748,0.21059999999999998,0.16093998362414574,0.1337455516267808,0.1337455516267808,10000,0,evaluated,3.0,7.081051270167033,6.3386054039001465,2.44511438873829e-10,6.650849400102743e-07,8.638245958536572e-07
39,0.2123,2.1915171875,8.94877979734449,0.23543621790947827,0.2123,0.16243092846871296,0.1356726061151342,0.1356726061151342,10000,0,evaluated,3.0,6.728805224100749,7.243642330169678,2.44270326188456e-10,6.002711074870604e-07,1.2284283457120182e-06
40,0.2128,2.17982578125,8.844765200546883,0.22612951666099126,0.21280000000000002,0.16284799537229733,0.13645639887852193,0.13645639887852193,10000,0,evaluated,3.0,6.383883476257324,8.225777626037598,2.440293245253855e-10,7.207849535006972e-07,1.3162913319320069e-06
41,0.2154,2.16859375,8.745976359675034,0.23437684379070856,0.21539999999999998,0.16712333318313413,0.13926560859786188,0.13926560859786188,10000,0,evaluated,3.0,6.053685545921326,9.277499198913574,2.437885171513443e-10,9.026213660945359e-07,4.6629028815914353e-07
42,0.2176,2.157458984375,8.64913213222015,0.24136747456149443,0.21759999999999996,0.17275637769649854,0.1412653026463875,0.1412653026463875,10000,0,evaluated,3.0,5.743832071622212,10.382142066955566,2.435479040663324e-10,7.819516554263828e-07,7.659174912078015e-07
43,0.218,2.14719609375,8.560820974151307,0.21269805894017368,0.21800000000000003,0.17563408464628583,0.1415267870217875,0.1415267870217875,10000,0,evaluated,3.0,5.457970023155212,11.527993202209473,2.4330748527034984e-10,8.636619099888776e-07,1.1605017107285676e-06
44,0.2193,2.137510546875,8.478304992587796,0.21716743406495848,0.21929999999999997,0.1810814252339204,0.14254138902065341,0.14254138902065341,10000,0,evaluated,3.0,5.198462724685669,12.692798614501953,2.4306720525224534e-10,7.906382961664349e-07,7.706029805376602e-07
45,0.2221,2.1292953125,8.40893904883935,0.22030641910056645,0.22210000000000002,0.18782916077398296,0.14531607462701485,0.14531607462701485,10000,0,evaluated,3.0,4.965667565663655,13.864498138427734,2.4282742483450193e-10,9.520680350760813e-07,7.727658157818951e-07
46,0.2211,2.121836328125,8.346450245090107,0.21994359672831626,0.2211,0.18966371811975496,0.1441421333365052,0.1441421333365052,10000,0,evaluated,3.0,4.759009162584941,15.029068946838379,2.425879497280903e-10,1.0937379784081713e-06,9.203760100717773e-07
47,0.2227,2.11601328125,8.297989705004095,0.22237444639441986,0.22270000000000004,0.1942662707925909,0.14572981558941533,0.14572981558941533,10000,0,evaluated,3.0,4.575742602348328,16.170618057250977,2.4234872442185917e-10,1.2292201745367493e-06,5.098642645862128e-07
48,0.2233,2.110203125,8.249916878809373,0.22503444771973938,0.2233,0.19811137991367883,0.14622837797686572,0.14622837797686572,10000,0,evaluated,3.0,4.41467289129893,17.278850555419922,2.421099154492623e-10,1.7877546270028688e-06,1.1613099104579305e-06
49,0.2288,2.105988671875,8.215221153945851,0.2273251846511249,0.22880000000000003,0.20598134913149893,0.15232193750184927,0.15232193750184927,10000,0,evaluated,3.0,4.272245645523071,18.351354598999023,2.418714395435728e-10,2.0336840407253476e-06,4.233624792959745e-07
50,0.2283,2.102938671875,8.190202901655413,0.22882867896719836,0.2283,0.20812704186673878,0.1517362200174298,0.1517362200174298,10000,0,evaluated,3.0,4.146610418955485,19.38371467590332,2.4163337997151757e-10,1.8867593780669267e-06,6.336040314636193e-07
51,0.2291,2.099640234375,8.16323253376084,0.230703486961033,0.2291,0.21041164400259077,0.15295873472356353,0.15295873472356353,10000,0,evaluated,3.0,4.03584901491801,20.368749618530273,2.4139576448867217e-10,1.8341429495194461e-06,8.620954190519114e-07
52,0.2321,2.0971259765625,8.142733842882947,0.2358621047134902,0.23209999999999997,0.2154498644406606,0.15661759006288667,0.15661759006288667,10000,0,evaluated,3.0,3.938409606615702,21.306808471679688,2.411585375838854e-10,1.771678171280655e-06,7.221206033136696e-07
53,0.2301,2.0953244140625,8.12807740515254,0.28581589645638983,0.23010000000000003,0.2149393982754797,0.1544773244521423,0.1544773244521423,10000,0,evaluated,3.0,3.8526651859283447,22.195541381835938,2.409218380350353e-10,1.5071087773321779e-06,6.861382075840083e-07
54,0.2326,2.0946763671875,8.122811736374755,0.288570435618233,0.2326,0.21809055541069217,0.1574134626065202,0.1574134626065202,10000,0,evaluated,3.0,3.7779450019200644,23.039783477783203,2.4068555481981946e-10,1.956952701220871e-06,9.453094662603689e-07
55,0.2336,2.09076328125,8.091088584185918,0.29090071230651765,0.23359999999999997,0.21981701211272578,0.1593207794681905,0.1593207794681905,10000,0,evaluated,3.0,3.710868755976359,23.83085060119629,2.4044971569381346e-10,2.0317340840847464e-06,1.0256827636112575e-06
56,0.2426,2.08963984375,8.08200385587235,0.30283205607784675,0.24259999999999998,0.2301665998549864,0.16946735885991024,0.16946735885991024,10000,0,evaluated,3.0,3.6522963841756186,24.587265014648438,2.4021423739029046e-10,1.9049095953960204e-06,6.971637844799261e-07
57,0.2404,2.087707421875,8.066401095240792,0.30905658041576134,0.2404,0.22791190179699655,0.16716748204435336,0.16716748204435336,10000,0,evaluated,3.0,3.6014984448750815,25.29802894592285,2.399791476648261e-10,2.170498646592023e-06,4.557897170798242e-07
58,0.2438,2.0813314453125,8.015133525008844,0.3134605708205852,0.24380000000000002,0.23334672657292804,0.17150117914483748,0.17150117914483748,10000,0,evaluated,3.0,3.5556469758351645,25.96112632751465,2.3974447427299594e-10,3.2901816666708328e-06,6.628386017837329e-07
59,0.246,2.08105,8.012878020664619,0.3187002665290103,0.24600000000000005,0.23640394009590698,0.17479120490643568,0.17479120490643568,10000,0,evaluated,3.0,3.5172743002573648,26.596088409423828,2.3951021721480004e-10,2.529027597120148e-06,4.3656052639562404e-07
60,0.2478,2.0807916015625,8.010807772990104,0.31806886656500255,0.24780000000000002,0.23791679974742747,0.17667549225450382,0.17667549225450382,10000,0,evaluated,3.0,3.4831220706303916,27.202808380126953,2.392764320013896e-10,2.1425471459224354e-06,4.220268579047115e-07
61,0.2532,2.0780076171875,7.9885368246893895,0.3197852229516399,0.2532,0.24468339997462488,0.18230204708748754,0.18230204708748754,10000,0,evaluated,3.0,3.4528695344924927,27.777347564697266,2.390429520993109e-10,2.266522187710507e-06,6.866196144983405e-07
62,0.2544,2.0731931640625,7.950168823192769,0.3192956312744236,0.2544,0.24548588595368642,0.18484683871138421,0.18484683871138421,10000,0,evaluated,3.0,3.427131414413452,28.31702423095703,2.3880980526413964e-10,2.318734459549887e-06,4.7358810206787894e-07
63,0.2631,2.0687125,7.9146264735835485,0.3296626732324818,0.2631,0.25711786663676706,0.19456900414099346,0.19456900414099346,10000,0,evaluated,3.0,3.404203176498413,28.832115173339844,2.3857696374030013e-10,2.8052888865204295e-06,5.498573614204361e-07
64,0.2624,2.0616380859375,7.85883271552657,0.3243810029111757,0.26239999999999997,0.25614690330055645,0.19411119804914642,0.19411119804914642,10000,0,evaluated,3.0,3.384910821914673,29.315349578857422,2.383446218168217e-10,2.7453320399217773e-06,4.232049093388923e-07
65,0.2707,2.0582423828125,7.8321917107864625,0.3379858219922994,0.27070000000000005,0.2668179925100975,0.20438084961618308,0.20438084961618308,10000,0,evaluated,3.0,3.3701512018839517,29.779645919799805,2.3811261296025066e-10,2.6592822450766107e-06,1.1030100495190709e-06
66,0.2723,2.05173720703125,7.781407286845924,0.32820047868937097,0.27230000000000004,0.26695860593333237,0.20478017390297648,0.20478017390297648,10000,0,evaluated,3.0,3.356679598490397,30.222740173339844,2.378810759484651e-10,2.6466939289093716e-06,1.2837081158068031e-06
67,0.2764,2.045034765625,7.729427251608149,0.3366924528554671,0.27640000000000003,0.27291013602845365,0.21033096559641717,0.21033096559641717,10000,0,evaluated,3.0,3.346113642056783,30.64312171936035,2.3764981649243566e-10,2.924415184679674e-06,2.984046147957997e-07
68,0.2867,2.0393005859375,7.685232159263867,0.4367820815521295,0.28670000000000007,0.2839739595999882,0.21980463232344138,0.21980463232344138,10000,0,evaluated,3.0,3.339518348375956,31.044410705566406,2.374190011256161e-10,3.3823519061115803e-06,8.351281621798989e-07
69,0.2891,2.03506201171875,7.652726669498742,0.4423426584477165,0.2891,0.2845670120186051,0.22362589870412525,0.22362589870412525,10000,0,evaluated,3.0,3.3350059191385903,31.426494598388672,2.371885465812795e-10,2.6231773517793044e-06,1.0223474191661808e-06
70,0.2966,2.0276271484375,7.596040680391681,0.44591634341552816,0.2966,0.2931598205727431,0.23142844791413475,0.23142844791413475,10000,0,evaluated,3.0,3.3322171370188394,31.784893035888672,2.3695842510385035e-10,3.0957664876041235e-06,3.7849804357392713e-07
71,0.3001,2.021605078125,7.55043424971149,0.45152931078036873,0.30010000000000003,0.29689905410220496,0.23554664163021413,0.23554664163021413,10000,0,evaluated,3.0,3.3322383960088096,32.122562408447266,2.3672866444890417e-10,2.9155344236642122e-06,6.438374953177117e-07
72,0.3069,2.01375693359375,7.491409271687277,0.4547191633574289,0.3069,0.30576028024528246,0.24237987177917003,0.24237987177917003,10000,0,evaluated,3.0,3.33415424823761,32.44459533691406,2.36499264616441e-10,2.7005853553419e-06,8.293687869809219e-07
73,0.3112,2.00897353515625,7.455660444887297,0.4577218558559144,0.31120000000000003,0.3093473165600279,0.24675691359511828,0.24675691359511828,10000,0,evaluated,3.0,3.3390457232793174,32.753395080566406,2.3627025336203644e-10,2.2772508145862957e-06,2.319486327451159e-07
74,0.3179,1.9964005859375,7.3625076346204485,0.45136549545450855,0.31789999999999996,0.31631731731700075,0.25305917161954,0.25305917161954,10000,0,evaluated,3.0,3.344218452771505,33.039241790771484,2.3604151966338804e-10,2.5807571546465624e-06,3.892144775363704e-07
75,0.3217,1.99248564453125,7.333740196787244,0.4575899907995197,0.3217,0.320220251854791,0.25758853691620726,0.25758853691620726,10000,0,evaluated,3.0,3.3535892566045127,33.314239501953125,2.3581314678722265e-10,2.5274273411923787e-06,8.134177278407151e-07
76,0.3273,1.9835603515625,7.268575655871652,0.4578436513066088,0.32730000000000004,0.32526070321806394,0.2625924536847861,0.2625924536847861,10000,0,evaluated,3.0,3.3640698989232383,33.571136474609375,2.3558496820008656e-10,2.5620054202590836e-06,9.576780257702922e-07
77,0.3351,1.97721279296875,7.222584067576069,0.4604372189771227,0.33509999999999995,0.3334855628644263,0.2710886558371467,0.2710886558371467,10000,0,evaluated,3.0,3.3762443463007608,33.813819885253906,2.353572059465847e-10,2.3816173779778183e-06,5.038801305090601e-07
78,0.3371,1.9640458984375,7.1281084053657,0.4549774236410893,0.3371,0.33471552488319367,0.27335599707414765,0.27335599707414765,10000,0,evaluated,3.0,3.3886918226877847,34.04072570800781,2.35129721248839e-10,2.584686853879248e-06,7.654476803509169e-07
79,0.3445,1.955602734375,7.068177973897918,0.4569068592238801,0.34450000000000003,0.3420099333889669,0.28071990557863064,0.28071990557863064,10000,0,evaluated,3.0,3.4034917751948037,34.255367279052734,2.349025141068495e-10,2.032200654866756e-06,9.57030351855792e-07
80,0.3501,1.94778447265625,7.013132568703632,0.4643922323516313,0.35009999999999997,0.3480915987078233,0.2867235058206931,0.2867235058206931,10000,0,evaluated,3.0,3.420104463895162,34.46086120605469,2.346755567650405e-10,2.066341721729259e-06,6.485969947789272e-07
81,0.3559,1.929632080078125,6.8869759197537865,0.46231360331533666,0.3559,0.35450697543447923,0.2932799282156988,0.2932799282156988,10000,0,evaluated,3.0,3.43669859568278,34.64302444458008,2.344487659566852e-10,2.1984178601996973e-06,4.063902281359333e-07
82,0.36,1.926432373046875,6.864974831768084,0.459739459025306,0.36,0.3574196106281832,0.29641458258199155,0.29641458258199155,10000,0,evaluated,3.0,3.457221031188965,34.827720642089844,2.3422225270408603e-10,2.125866558344569e-06,3.851077110539336e-07
83,0.3628,1.91748818359375,6.80384697336602,0.4591316407065925,0.3628,0.35948329724374195,0.29966722041612587,0.29966722041612587,10000,0,evaluated,3.0,3.478066364924113,34.99014663696289,2.3399607251839427e-10,2.0706809209514176e-06,1.215207475979696e-06
84,0.3684,1.90132744140625,6.694775468616707,0.45997192828400413,0.3684,0.36591524201020686,0.3056866413668687,0.3056866413668687,10000,0,evaluated,3.0,3.499072511990865,35.14480209350586,2.33770364177488e-10,1.7716522506816546e-06,8.430946536464035e-07
85,0.3699,1.894525146484375,6.6493901685441665,0.4560646597486969,0.3699,0.3666546885379126,0.3068613328454959,0.3068613328454959,10000,0,evaluated,3.0,3.521880785624186,35.29720687866211,2.335449056367622e-10,1.7280802921959548e-06,8.582305781601463e-07
86,0.3729,1.88599912109375,6.592938296155083,0.455852413019028,0.37289999999999995,0.3695199443281532,0.3099603635570973,0.3099603635570973,10000,0,evaluated,3.0,3.5461544593175254,35.4346923828125,2.3331961362949016e-10,2.0643417428800603e-06,7.11917834905762e-07
87,0.3791,1.873394873046875,6.510360773536215,0.45674423328458325,0.37910000000000005,0.37625196418486256,0.3163120723894013,0.3163120723894013,10000,0,evaluated,3.0,3.5702540477116904,35.55751037597656,2.330946269335499e-10,1.7926959117176011e-06,4.756260238991672e-07
88,0.3819,1.8622068359375,6.437928558302361,0.4559638578798301,0.38189999999999996,0.37876278005937236,0.3191890813006126,0.3191890813006126,10000,0,evaluated,3.0,3.5956023931503296,35.68398666381836,2.3286977901548767e-10,1.9160793272021692e-06,6.83057521655428e-07
89,0.387,1.8497509765625,6.358235975660769,0.45639613324114753,0.387,0.38324030818437366,0.32457677626558373,0.32457677626558373,10000,0,evaluated,3.0,3.6222053368886313,35.790794372558594,2.326452086531816e-10,1.988950998565997e-06,1.195793402075651e-06
90,0.391,1.83924912109375,6.291812097874224,0.4532340893509218,0.39099999999999996,0.38693083811345674,0.32844992754196944,0.32844992754196944,10000,0,evaluated,3.0,3.648852984110514,35.904720306396484,2.324208742132683e-10,2.053629714282579e-06,8.107888902486593e-07
91,0.3936,1.831937060546875,6.245973777385728,0.4553538104336193,0.3936,0.3903831317061878,0.3313881564935231,0.3313881564935231,10000,0,evaluated,3.0,3.676633596420288,36.002342224121094,2.3219670630680866e-10,1.8379101902610273e-06,8.095057637547143e-07
92,0.3973,1.825526318359375,6.206060523274878,0.458659267645662,0.3973,0.393977351001277,0.33553162054505786,0.33553162054505786,10000,0,evaluated,3.0,3.7044363816579184,36.095977783203125,2.3197276044495396e-10,2.2651681774732424e-06,1.345280679743155e-06
93,0.4027,1.815358154296875,6.143276024184094,0.4606514496990835,0.4027,0.3995367797969426,0.34128118032762983,0.34128118032762983,10000,0,evaluated,3.0,3.732752005259196,36.19007873535156,2.3174899499434076e-10,1.9198271274945e-06,1.1383814353393973e-06
94,0.4082,1.80176171875,6.06031463530044,0.46168945042178244,0.4082,0.4049214685028111,0.3472781115721639,0.3472781115721639,10000,0,evaluated,3.0,3.761331081390381,36.27056121826172,2.3152540995496906e-10,2.130271468558931e-06,9.270162877328403e-07
95,0.4121,1.7938585693359375,6.012607828565039,0.4630686046273967,0.4121,0.4081018589327153,0.35155700550774066,0.35155700550774066,10000,0,evaluated,3.0,3.789548953374227,36.35132598876953,2.313020747157779e-10,1.997698973355e-06,5.771555038336373e-07
96,0.4161,1.7864417236328125,5.968178211505463,0.4677362758703964,0.4161,0.4121706853006629,0.3561510540678973,0.3561510540678973,10000,0,evaluated,3.0,3.8179596265157065,36.42258071899414,2.3107890601004044e-10,1.83148767973762e-06,5.438895414044964e-07
97,0.4189,1.7760144775390625,5.906269876213404,0.47013170949302274,0.4189,0.41442445331980765,0.35933986907965293,0.35933986907965293,10000,0,evaluated,3.0,3.845834811528524,36.48900604248047,2.3085586220439325e-10,2.1420207758637844e-06,1.2832414313379559e-06
98,0.4233,1.772329296875,5.884544260665171,0.4733532476954997,0.42330000000000007,0.41894996686598496,0.3641446730434644,0.3641446730434644,10000,0,evaluated,3.0,3.8739445209503174,36.55944061279297,2.3063292942104852e-10,2.100119445458404e-06,4.190009121884941e-07
99,0.4275,1.7620624755859375,5.8244377756160315,0.4765512731626408,0.42750000000000005,0.42266483365349583,0.3687682765133823,0.3687682765133823,10000,0,evaluated,3.0,3.900514523188273,36.61767578125,2.3041023256009652e-10,2.3144000351749128e-06,1.0553662832535338e-06
100,0.4314,1.7569240478515624,5.79458608407478,0.4819420031934481,0.4314,0.42684450394900386,0.3732188200278215,0.3732188200278215,10000,0,evaluated,3.0,3.9274834791819253,36.6795654296875,2.3018772998817383e-10,1.8814508848663536e-06,5.682169330611941e-07
