Config,{"general": {"device": "cuda:0", "training_rounds": 100, "train_optimization": {"cudnn_benchmark": true, "pin_memory": true, "fused_optimizer": false, "torch_compile": false, "non_blocking_transfer": true}}, "dataset": "mnist", "model": "simple_lora_mlp", "loss_function": "CrossEntropyLoss", "aggregation": "rbla", "client_selection": {"method": "random", "round": 1, "client_selection_round": 1, "number": 10, "random_seed": 42}, "hyperparameters": {"training_rounds": 100, "local_epochs": 5, "selected_clients": 10, "client_selection_round": 1, "client_selection_method": "random", "optimizer": "SGD", "lr": 0.01, "momentum": 0.0, "weight_decay": 0.0001, "nesterov": false, "batch_size": 64, "shuffle": true, "trainer_type": "standard", "rank_ratio_list": [0.7, 0.4, 0.3, 0.5, 1.0, 0.9, 0.6, 0.1, 0.8, 0.2]}, "effective_yaml": {"server_yaml": {"role": "server", "general": {"device": "cuda:0", "training_rounds": 100, "train_optimization": {"cudnn_benchmark": true, "pin_memory": true, "fused_optimizer": false, "torch_compile": false, "non_blocking_transfer": true}}, "training_logger": {"name": "train", "path": "./experiment_results/", "prefix": "mnist_dirichlet_0_4_rho_neg05_rbla_", "save_weights": false}, "data_loader": {"name": "mnist", "root": ".dataset", "split": "", "batch_size": 64, "shuffle": true, "num_workers": 0, "is_download": true, "is_load_train_set": true, "is_load_test_set": true, "task_type": "cv"}, "nn_model": {"name": "simple_lora_mlp", "input_dim": 0, "hidden_dim": 0, "output_dim": 0, "softmax_dim": 1, "lora_mode": "standard", "rank_ratio": 1.0, "cap_lora_rank_to_matrix_dim": true, "share_model": false}, "loss_func": {"type": "CrossEntropyLoss", "reduction": "mean", "weight": "None"}, "optimizer": {"type": "SGD", "lr": 0.01, "weight_decay": 0.0001, "momentum": 0.0, "nesterov": false, "betas": [0.9, 0.999], "amsgrad": false, "eps": "1e-8", "alpha": "None", "centered": "None"}, "training": {"epochs": 5, "batch_size": 64, "shuffle": true, "lr": 0.01}, "trainer": {"trainer_type": "standard", "save_path": "./.training_results/"}, "data_distribution": {"use": "mnist_dirichlet_0_4", "custom_define": {"mnist_dirichlet_0_4": [[841, 83, 1710, 23, 372, 306, 3, 0, 254, 207], [507, 378, 12, 1066, 1638, 148, 367, 1318, 968, 2601], [985, 1477, 515, 101, 30, 23, 1, 1080, 28, 4], [125, 165, 19, 7, 493, 56, 829, 214, 1410, 1274], [461, 517, 466, 1439, 299, 478, 665, 2261, 69, 6], [95, 18, 782, 2271, 2, 1, 23, 874, 389, 880], [42, 94, 1446, 797, 170, 978, 316, 7, 72, 38], [1318, 2525, 993, 249, 2324, 32, 1754, 61, 335, 386], [469, 1479, 1, 18, 507, 193, 161, 432, 30, 55], [1080, 6, 14, 160, 7, 3206, 1799, 18, 2296, 498]]}}, "client_selection": {"method": "random", "round": 1, "client_selection_round": 1, "number": 10, "random_seed": 42}, "strategy": {"role": "server", "strategy_name": "rbla"}, "aggregation": {"method": "rbla", "device": "cpu", "is_wbab": false, "pad_mode": "nan"}, "canonicalization": {"enabled": false, "start_round": 0, "interval": 1, "deterministic_sign": true, "svd_fallback": true, "log_diagnostics": true, "ordering": "singular_value", "activation_chunk_size": 4096, "activation_fallback": true}, "rank_distribution": {"rank_ratio_list": [0.7, 0.4, 0.3, 0.5, 1.0, 0.9, 0.6, 0.1, 0.8, 0.2]}, "lora_inference": {"device": "cpu", "lora_mode": "standard", "scaling": 0.5, "rank_ratio": 1, "use_bias": true, "alpha": 0}}, "client_yamls": [{"index": 0, "node_id": "client.1", "yaml": {"role": "client", "training_logger": {"name": "train", "path": "./experiment_results/", "prefix": "", "save_weights": false}, "data_loader": {"name": "mnist", "root": ".dataset", "split": "", "batch_size": 64, "shuffle": true, "num_workers": 0, "is_download": true, "is_load_train_set": true, "is_load_test_set": true, "task_type": "cv"}, "nn_model": {"name": "simple_lora_mlp", "input_dim": 0, "hidden_dim": 0, "output_dim": 0, "softmax_dim": 1, "lora_mode": "standard", "rank_ratio": 0.7, "cap_lora_rank_to_matrix_dim": true, "share_model": false}, "loss_func": {"type": "CrossEntropyLoss", "reduction": "mean", "weight": "None"}, "optimizer": {"type": "SGD", "lr": 0.01, "weight_decay": 0.0001, "momentum": 0.0, "nesterov": false, "betas": [0.9, 0.999], "amsgrad": false, "eps": "1e-8", "alpha": "None", "centered": "None"}, "training": {"epochs": 5, "batch_size": 64, "shuffle": true, "lr": 0.01}, "trainer": {"trainer_type": "standard", "save_path": "./.training_results/"}, "strategy": {"role": "client", "strategy_name": "rbla"}}}, {"index": 1, "node_id": "client.2", "yaml": {"role": "client", "training_logger": {"name": "train", "path": "./experiment_results/", "prefix": "", "save_weights": false}, "data_loader": {"name": "mnist", "root": ".dataset", "split": "", "batch_size": 64, "shuffle": true, "num_workers": 0, "is_download": true, "is_load_train_set": true, "is_load_test_set": true, "task_type": "cv"}, "nn_model": {"name": "simple_lora_mlp", "input_dim": 0, "hidden_dim": 0, "output_dim": 0, "softmax_dim": 1, "lora_mode": "standard", "rank_ratio": 0.4, "cap_lora_rank_to_matrix_dim": true, "share_model": false}, "loss_func": {"type": "CrossEntropyLoss", "reduction": "mean", "weight": "None"}, "optimizer": {"type": "SGD", "lr": 0.01, "weight_decay": 0.0001, "momentum": 0.0, "nesterov": false, "betas": [0.9, 0.999], "amsgrad": false, "eps": "1e-8", "alpha": "None", "centered": "None"}, "training": {"epochs": 5, "batch_size": 64, "shuffle": true, "lr": 0.01}, "trainer": {"trainer_type": "standard", "save_path": "./.training_results/"}, "strategy": {"role": "client", "strategy_name": "rbla"}}}, {"index": 2, "node_id": "client.3", "yaml": {"role": "client", "training_logger": {"name": "train", "path": "./experiment_results/", "prefix": "", "save_weights": false}, "data_loader": {"name": "mnist", "root": ".dataset", "split": "", "batch_size": 64, "shuffle": true, "num_workers": 0, "is_download": true, "is_load_train_set": true, "is_load_test_set": true, "task_type": "cv"}, "nn_model": {"name": "simple_lora_mlp", "input_dim": 0, "hidden_dim": 0, "output_dim": 0, "softmax_dim": 1, "lora_mode": "standard", "rank_ratio": 0.3, "cap_lora_rank_to_matrix_dim": true, "share_model": false}, "loss_func": {"type": "CrossEntropyLoss", "reduction": "mean", "weight": "None"}, "optimizer": {"type": "SGD", "lr": 0.01, "weight_decay": 0.0001, "momentum": 0.0, "nesterov": false, "betas": [0.9, 0.999], "amsgrad": false, "eps": "1e-8", "alpha": "None", "centered": "None"}, "training": {"epochs": 5, "batch_size": 64, "shuffle": true, "lr": 0.01}, "trainer": {"trainer_type": "standard", "save_path": "./.training_results/"}, "strategy": {"role": "client", "strategy_name": "rbla"}}}, {"index": 3, "node_id": "client.4", "yaml": {"role": "client", "training_logger": {"name": "train", "path": "./experiment_results/", "prefix": "", "save_weights": false}, "data_loader": {"name": "mnist", "root": ".dataset", "split": "", "batch_size": 64, "shuffle": true, "num_workers": 0, "is_download": true, "is_load_train_set": true, "is_load_test_set": true, "task_type": "cv"}, "nn_model": {"name": "simple_lora_mlp", "input_dim": 0, "hidden_dim": 0, "output_dim": 0, "softmax_dim": 1, "lora_mode": "standard", "rank_ratio": 0.5, "cap_lora_rank_to_matrix_dim": true, "share_model": false}, "loss_func": {"type": "CrossEntropyLoss", "reduction": "mean", "weight": "None"}, "optimizer": {"type": "SGD", "lr": 0.01, "weight_decay": 0.0001, "momentum": 0.0, "nesterov": false, "betas": [0.9, 0.999], "amsgrad": false, "eps": "1e-8", "alpha": "None", "centered": "None"}, "training": {"epochs": 5, "batch_size": 64, "shuffle": true, "lr": 0.01}, "trainer": {"trainer_type": "standard", "save_path": "./.training_results/"}, "strategy": {"role": "client", "strategy_name": "rbla"}}}, {"index": 4, "node_id": "client.5", "yaml": {"role": "client", "training_logger": {"name": "train", "path": "./experiment_results/", "prefix": "", "save_weights": false}, "data_loader": {"name": "mnist", "root": ".dataset", "split": "", "batch_size": 64, "shuffle": true, "num_workers": 0, "is_download": true, "is_load_train_set": true, "is_load_test_set": true, "task_type": "cv"}, "nn_model": {"name": "simple_lora_mlp", "input_dim": 0, "hidden_dim": 0, "output_dim": 0, "softmax_dim": 1, "lora_mode": "standard", "rank_ratio": 1.0, "cap_lora_rank_to_matrix_dim": true, "share_model": false}, "loss_func": {"type": "CrossEntropyLoss", "reduction": "mean", "weight": "None"}, "optimizer": {"type": "SGD", "lr": 0.01, "weight_decay": 0.0001, "momentum": 0.0, "nesterov": false, "betas": [0.9, 0.999], "amsgrad": false, "eps": "1e-8", "alpha": "None", "centered": "None"}, "training": {"epochs": 5, "batch_size": 64, "shuffle": true, "lr": 0.01}, "trainer": {"trainer_type": "standard", "save_path": "./.training_results/"}, "strategy": {"role": "client", "strategy_name": "rbla"}}}, {"index": 5, "node_id": "client.6", "yaml": {"role": "client", "training_logger": {"name": "train", "path": "./experiment_results/", "prefix": "", "save_weights": false}, "data_loader": {"name": "mnist", "root": ".dataset", "split": "", "batch_size": 64, "shuffle": true, "num_workers": 0, "is_download": true, "is_load_train_set": true, "is_load_test_set": true, "task_type": "cv"}, "nn_model": {"name": "simple_lora_mlp", "input_dim": 0, "hidden_dim": 0, "output_dim": 0, "softmax_dim": 1, "lora_mode": "standard", "rank_ratio": 0.9, "cap_lora_rank_to_matrix_dim": true, "share_model": false}, "loss_func": {"type": "CrossEntropyLoss", "reduction": "mean", "weight": "None"}, "optimizer": {"type": "SGD", "lr": 0.01, "weight_decay": 0.0001, "momentum": 0.0, "nesterov": false, "betas": [0.9, 0.999], "amsgrad": false, "eps": "1e-8", "alpha": "None", "centered": "None"}, "training": {"epochs": 5, "batch_size": 64, "shuffle": true, "lr": 0.01}, "trainer": {"trainer_type": "standard", "save_path": "./.training_results/"}, "strategy": {"role": "client", "strategy_name": "rbla"}}}, {"index": 6, "node_id": "client.7", "yaml": {"role": "client", "training_logger": {"name": "train", "path": "./experiment_results/", "prefix": "", "save_weights": false}, "data_loader": {"name": "mnist", "root": ".dataset", "split": "", "batch_size": 64, "shuffle": true, "num_workers": 0, "is_download": true, "is_load_train_set": true, "is_load_test_set": true, "task_type": "cv"}, "nn_model": {"name": "simple_lora_mlp", "input_dim": 0, "hidden_dim": 0, "output_dim": 0, "softmax_dim": 1, "lora_mode": "standard", "rank_ratio": 0.6, "cap_lora_rank_to_matrix_dim": true, "share_model": false}, "loss_func": {"type": "CrossEntropyLoss", "reduction": "mean", "weight": "None"}, "optimizer": {"type": "SGD", "lr": 0.01, "weight_decay": 0.0001, "momentum": 0.0, "nesterov": false, "betas": [0.9, 0.999], "amsgrad": false, "eps": "1e-8", "alpha": "None", "centered": "None"}, "training": {"epochs": 5, "batch_size": 64, "shuffle": true, "lr": 0.01}, "trainer": {"trainer_type": "standard", "save_path": "./.training_results/"}, "strategy": {"role": "client", "strategy_name": "rbla"}}}, {"index": 7, "node_id": "client.8", "yaml": {"role": "client", "training_logger": {"name": "train", "path": "./experiment_results/", "prefix": "", "save_weights": false}, "data_loader": {"name": "mnist", "root": ".dataset", "split": "", "batch_size": 64, "shuffle": true, "num_workers": 0, "is_download": true, "is_load_train_set": true, "is_load_test_set": true, "task_type": "cv"}, "nn_model": {"name": "simple_lora_mlp", "input_dim": 0, "hidden_dim": 0, "output_dim": 0, "softmax_dim": 1, "lora_mode": "standard", "rank_ratio": 0.1, "cap_lora_rank_to_matrix_dim": true, "share_model": false}, "loss_func": {"type": "CrossEntropyLoss", "reduction": "mean", "weight": "None"}, "optimizer": {"type": "SGD", "lr": 0.01, "weight_decay": 0.0001, "momentum": 0.0, "nesterov": false, "betas": [0.9, 0.999], "amsgrad": false, "eps": "1e-8", "alpha": "None", "centered": "None"}, "training": {"epochs": 5, "batch_size": 64, "shuffle": true, "lr": 0.01}, "trainer": {"trainer_type": "standard", "save_path": "./.training_results/"}, "strategy": {"role": "client", "strategy_name": "rbla"}}}, {"index": 8, "node_id": "client.9", "yaml": {"role": "client", "training_logger": {"name": "train", "path": "./experiment_results/", "prefix": "", "save_weights": false}, "data_loader": {"name": "mnist", "root": ".dataset", "split": "", "batch_size": 64, "shuffle": true, "num_workers": 0, "is_download": true, "is_load_train_set": true, "is_load_test_set": true, "task_type": "cv"}, "nn_model": {"name": "simple_lora_mlp", "input_dim": 0, "hidden_dim": 0, "output_dim": 0, "softmax_dim": 1, "lora_mode": "standard", "rank_ratio": 0.8, "cap_lora_rank_to_matrix_dim": true, "share_model": false}, "loss_func": {"type": "CrossEntropyLoss", "reduction": "mean", "weight": "None"}, "optimizer": {"type": "SGD", "lr": 0.01, "weight_decay": 0.0001, "momentum": 0.0, "nesterov": false, "betas": [0.9, 0.999], "amsgrad": false, "eps": "1e-8", "alpha": "None", "centered": "None"}, "training": {"epochs": 5, "batch_size": 64, "shuffle": true, "lr": 0.01}, "trainer": {"trainer_type": "standard", "save_path": "./.training_results/"}, "strategy": {"role": "client", "strategy_name": "rbla"}}}, {"index": 9, "node_id": "client.10", "yaml": {"role": "client", "training_logger": {"name": "train", "path": "./experiment_results/", "prefix": "", "save_weights": false}, "data_loader": {"name": "mnist", "root": ".dataset", "split": "", "batch_size": 64, "shuffle": true, "num_workers": 0, "is_download": true, "is_load_train_set": true, "is_load_test_set": true, "task_type": "cv"}, "nn_model": {"name": "simple_lora_mlp", "input_dim": 0, "hidden_dim": 0, "output_dim": 0, "softmax_dim": 1, "lora_mode": "standard", "rank_ratio": 0.2, "cap_lora_rank_to_matrix_dim": true, "share_model": false}, "loss_func": {"type": "CrossEntropyLoss", "reduction": "mean", "weight": "None"}, "optimizer": {"type": "SGD", "lr": 0.01, "weight_decay": 0.0001, "momentum": 0.0, "nesterov": false, "betas": [0.9, 0.999], "amsgrad": false, "eps": "1e-8", "alpha": "None", "centered": "None"}, "training": {"epochs": 5, "batch_size": 64, "shuffle": true, "lr": 0.01}, "trainer": {"trainer_type": "standard", "save_path": "./.training_results/"}, "strategy": {"role": "client", "strategy_name": "rbla"}}}]}, "effective_client_rank_ratios": [0.7, 0.4, 0.3, 0.5, 1.0, 0.9, 0.6, 0.1, 0.8, 0.2], "effective_client_share_model": [false, false, false, false, false, false, false, false, false, false], "rank_distribution": {"rank_ratio_list": [0.7, 0.4, 0.3, 0.5, 1.0, 0.9, 0.6, 0.1, 0.8, 0.2]}, "rank_ratio_list": [0.7, 0.4, 0.3, 0.5, 1.0, 0.9, 0.6, 0.1, 0.8, 0.2], "rank_ratio_list_str": "[0.7, 0.4, 0.3, 0.5, 1.0, 0.9, 0.6, 0.1, 0.8, 0.2]", "epoch": 5, "batch_size": 64}

round,accuracy,average_loss,perplexity,precision,recall,f1_score,matthews_correlation,mcc,total_test_samples
0,0.117,2.28679375,9.843326865401988,0.1506408851871623,0.12014126393365417,0.07702149967397096,0.025062405936309606,0.025062405936309606,10000
1,0.1548,2.281159375,9.788021821583124,0.17459183722061056,0.15566821581700735,0.11667683318928261,0.0684520571034933,0.0684520571034933,10000
2,0.1748,2.2762125,9.739721268034067,0.19929699716897747,0.17470188623451222,0.1348244709459743,0.09401952808076561,0.09401952808076561,10000
3,0.1938,2.271528125,9.694203455704667,0.2135752662824983,0.19278828095999706,0.14896684361795162,0.11828696894035863,0.11828696894035863,10000
4,0.2097,2.26703828125,9.650775562090324,0.23579826966730258,0.20815583326718606,0.1615758445862065,0.13808921913482813,0.13808921913482813,10000
5,0.2251,2.26259609375,9.608000086206028,0.26439733397227994,0.22309429196702574,0.17616463420099357,0.15686571933657412,0.15686571933657412,10000
6,0.2421,2.2583484375,9.567275158568451,0.2845929020672693,0.2395712029567894,0.19111102136231756,0.17682393601811944,0.17682393601811944,10000
7,0.2567,2.25425859375,9.528226404138888,0.29635267540069876,0.2536401977357695,0.20525815586477075,0.19366106522526963,0.19366106522526963,10000
8,0.2669,2.2502265625,9.489885645032768,0.3108316562750729,0.2635426011738971,0.21428169933021243,0.2053872637811954,0.2053872637811954,10000
9,0.2793,2.2463984375,9.453626622862433,0.3326098284094535,0.275851681937291,0.22828404012897216,0.21989002668223148,0.21989002668223148,10000
10,0.2901,2.2423046875,9.415004946556474,0.3521690367362022,0.2866011719181864,0.2404783809115134,0.232766203283243,0.232766203283243,10000
11,0.3009,2.2379515625,9.374109329594734,0.36402486702482084,0.29741027026118333,0.25186628478507134,0.24502922929709617,0.24502922929709617,10000
12,0.3105,2.23324453125,9.330088788348146,0.372743866689374,0.3070595581426664,0.26307347491556293,0.25688168476968876,0.25688168476968876,10000
13,0.3206,2.22793359375,9.280668619799266,0.37933283976636356,0.31727743624345045,0.2731233505231133,0.268516798093602,0.268516798093602,10000
14,0.3293,2.2216296875,9.222348171336554,0.3992167572586162,0.3259860489589023,0.2829715196897721,0.2789807611293955,0.2789807611293955,10000
15,0.3387,2.2138375,9.150765161511245,0.41639436850797995,0.3354685100204363,0.2900102891842947,0.2898387721985153,0.2898387721985153,10000
16,0.345,2.204671875,9.067275879786228,0.45080533994182403,0.34191517950764333,0.2933722815794851,0.2972961590885196,0.2972961590885196,10000
17,0.3411,2.1932875,8.964635965124373,0.39739565187294124,0.33805784555142526,0.28637422732395734,0.2938192322216195,0.2938192322216195,10000
18,0.3373,2.17939453125,8.840951717895443,0.40688919066838175,0.33425222045041825,0.28039365630837665,0.2904438656759959,0.2904438656759959,10000
19,0.3338,2.1619546875,8.68810359900923,0.41336395331424625,0.33037262280912,0.27675139170669555,0.2885520237580901,0.2885520237580901,10000
20,0.3308,2.1406953125,8.505349449155547,0.4188638904897003,0.3268914030828458,0.27430049418539293,0.2872110583235165,0.2872110583235165,10000
21,0.3386,2.1140484375,8.281701458964084,0.4255305466021514,0.3343866661813906,0.279851454673866,0.2970831511365614,0.2970831511365614,10000
22,0.3536,2.081325390625,8.015084996026994,0.4221149405544379,0.3488750014855489,0.29081178221397674,0.31257598369564354,0.31257598369564354,10000
23,0.3835,2.04181328125,7.704567087304641,0.4688142033275359,0.3782762707059587,0.3160409053319781,0.34287309723673254,0.34287309723673254,10000
24,0.4121,1.99595859375,7.359254182818642,0.5243166768003305,0.40673765975133536,0.3451368282510382,0.3705270505140445,0.3705270505140445,10000
25,0.4473,1.945290234375,6.9956619419896535,0.5250452950156422,0.44196367413921334,0.38073419253963936,0.40413614008396004,0.40413614008396004,10000
26,0.4782,1.891242578125,6.627598876038633,0.5389375444996742,0.4726540724891099,0.41208832437073023,0.43525642021892863,0.43525642021892863,10000
27,0.5041,1.8352466796875,6.266679817403957,0.5479837359749519,0.49840620155335635,0.4364189472035303,0.4611503105937859,0.4611503105937859,10000
28,0.531,1.7775228515625,5.91518546259916,0.5591317211357086,0.5249252971045228,0.4634365527482978,0.48912956116425227,0.48912956116425227,10000
29,0.5423,1.71992275390625,5.584097097927651,0.5694811071101402,0.5358862164006749,0.47535374337818787,0.5025762401500609,0.5025762401500609,10000
30,0.5585,1.66262783203125,5.27314960495167,0.5779107005203742,0.5517367694171265,0.4934112887220527,0.5204561136561426,0.5204561136561426,10000
31,0.5634,1.6085560546875,4.995592654878339,0.5968850895131887,0.5563045378323351,0.500423898411468,0.5269473243409734,0.5269473243409734,10000
32,0.5664,1.555214111328125,4.73610046936871,0.579885284277361,0.559154195925142,0.504875991403325,0.5306725871726696,0.5306725871726696,10000
33,0.5663,1.507351171875,4.514756128888728,0.5911014070802275,0.5590012303658497,0.5063840915194635,0.5317590900059787,0.5317590900059787,10000
34,0.5741,1.4611529296875,4.310926859860361,0.5760880715553034,0.5666917020833491,0.5154589240431144,0.5399019923482038,0.5399019923482038,10000
35,0.5726,1.422694873046875,4.148284490710412,0.5921462443568635,0.5652650223380983,0.5153885600702947,0.5396797969213367,0.5396797969213367,10000
36,0.577,1.3847241943359374,3.993724261131908,0.6042740743640225,0.5696537788818535,0.5215142324561718,0.5447127667163303,0.5447127667163303,10000
37,0.5794,1.3516964111328125,3.863974863921496,0.6187430500442448,0.5721892584331182,0.5273355224929545,0.5477190495837231,0.5477190495837231,10000
38,0.58,1.3227771606445313,3.7538319089541026,0.6316575091658436,0.572897982297617,0.5306451201499327,0.548258313481023,0.548258313481023,10000
39,0.5873,1.2921464111328125,3.640592383520179,0.640160602646036,0.5802127501743722,0.5430598467055875,0.555533908107354,0.555533908107354,10000
40,0.5899,1.2660962890625,3.546979119833749,0.6410734971602705,0.5831726031398543,0.550074202051479,0.5579645717470565,0.5579645717470565,10000
41,0.6008,1.23942646484375,3.4536321171947795,0.6471773192565224,0.5944170711345298,0.5680676394806948,0.5685866860536604,0.5685866860536604,10000
42,0.605,1.2161757690429686,3.3742590822640324,0.6461492421725409,0.5988907367948463,0.5769042794375656,0.5715756626296148,0.5715756626296148,10000
43,0.6127,1.1923229370117188,3.294725765456191,0.6522435328153456,0.6069492263448109,0.5876729837536877,0.5794135229864159,0.5794135229864159,10000
44,0.6194,1.1698889404296875,3.2216348252801756,0.6585019250785445,0.6144209227225276,0.6004315627909882,0.5856648249984707,0.5856648249984707,10000
45,0.6258,1.14941337890625,3.156340790410044,0.6640524882620702,0.6212185657915075,0.6093883558359959,0.5921207131064673,0.5921207131064673,10000
46,0.6293,1.1309216430664062,3.098510905643504,0.6686609611787728,0.6252785840132766,0.6154338133374168,0.5952940151530275,0.5952940151530275,10000
47,0.6399,1.1089265869140625,3.0311030219199675,0.6754353718692917,0.6363178494320652,0.6282224033316224,0.6059771869063353,0.6059771869063353,10000
48,0.6444,1.093987255859375,2.9861569385567894,0.6791349535834623,0.6415994506919922,0.6341415553544842,0.6103766853179939,0.6103766853179939,10000
49,0.644,1.0804536193847656,2.9460156178017853,0.681056378788137,0.6415268238486433,0.6337680997715927,0.6101604096106635,0.6101604096106635,10000
50,0.6511,1.061885498046875,2.8918183700298403,0.6860570281127079,0.648881231862216,0.6426416363812361,0.6174361321316698,0.6174361321316698,10000
51,0.6563,1.046105743408203,2.846544331733943,0.6898648281701606,0.6539773123668217,0.6477413582553433,0.6228282558935032,0.6228282558935032,10000
52,0.6595,1.0342190216064453,2.812908556760037,0.6919695427492917,0.6572268024807845,0.6514941427872649,0.6260545531808263,0.6260545531808263,10000
53,0.6682,1.0180934265136719,2.7679125014658084,0.6979528175636923,0.6658350211952819,0.6610046386091619,0.6352230031022008,0.6352230031022008,10000
54,0.6714,1.0054215209960937,2.7330590718374834,0.6993586576814589,0.6690174607684051,0.6646489644078541,0.6385322636101195,0.6385322636101195,10000
55,0.6751,0.9933180603027344,2.7001789816216557,0.7027373930835389,0.6727597793262465,0.6686176884545793,0.6425236834256493,0.6425236834256493,10000
56,0.6764,0.9834998748779297,2.673797843075941,0.7053678320176059,0.6741309256501067,0.6693484032801191,0.6441005339066098,0.6441005339066098,10000
57,0.6795,0.9746168304443359,2.650151559016266,0.7084089742171169,0.677177762484574,0.6727110954151512,0.6474998020255345,0.6474998020255345,10000
58,0.6845,0.9625519989013672,2.6183700317889014,0.7102500808703841,0.6820323364486505,0.6782993019900042,0.6527022079514617,0.6527022079514617,10000
59,0.6867,0.9538017303466797,2.595558539726861,0.7125306275052702,0.6841163045144216,0.6804373838606055,0.6551209592066499,0.6551209592066499,10000
60,0.692,0.9430089660644532,2.5676959160530743,0.715451764074094,0.6891698677546415,0.6853255630047937,0.6608480348955947,0.6608480348955947,10000
61,0.6985,0.92988671875,2.5342220815116874,0.7215567545414873,0.696032447688485,0.6929140133652397,0.6678838806976181,0.6678838806976181,10000
62,0.6998,0.9245748687744141,2.5207963632784596,0.721466929876016,0.6969444614858681,0.6940796514493071,0.6692123387693883,0.6692123387693883,10000
63,0.705,0.9139136840820312,2.4940644378719528,0.725672777100596,0.7017231127022286,0.6986759538666799,0.6749882118720714,0.6749882118720714,10000
64,0.7058,0.9108161987304687,2.486351062011271,0.7283504126525724,0.7024450414026936,0.6987368493330468,0.6761225133264044,0.6761225133264044,10000
65,0.7115,0.898896127319336,2.456889520482124,0.7319090904032082,0.7080812513378054,0.7049182288423689,0.6822470879712822,0.6822470879712822,10000
66,0.718,0.8863426605224609,2.4262398219544665,0.7353155921216836,0.7143275808657096,0.7116577671413584,0.6891465584945524,0.6891465584945524,10000
67,0.7163,0.8858450088500976,2.4250327000375496,0.7352578824928468,0.7124131091409296,0.7094414269063493,0.6875727720075198,0.6875727720075198,10000
68,0.723,0.8727543472290039,2.3934942972024182,0.739641743561045,0.7192713804147397,0.7169523266987939,0.6946530672749917,0.6946530672749917,10000
69,0.7246,0.8667492889404297,2.3791642937498523,0.7424324621898489,0.7204699587818826,0.7183190806752222,0.6966911609293848,0.6966911609293848,10000
70,0.7285,0.8594043197631835,2.3617534247668925,0.7463842552492016,0.7245347048306774,0.7224157153482428,0.7009170583259873,0.7009170583259873,10000
71,0.7308,0.850355500793457,2.3404787460990177,0.7470948950506117,0.7267223728146296,0.7249616130879949,0.7032981200561628,0.7032981200561628,10000
72,0.7329,0.846183348083496,2.3307342532470843,0.7511522153372489,0.728677385078268,0.7270069198796693,0.7059144728945448,0.7059144728945448,10000
73,0.7333,0.840474494934082,2.3174663419780313,0.7515204159665172,0.7290457341148691,0.7272670648534302,0.7063535854411886,0.7063535854411886,10000
74,0.7381,0.8289584640502929,2.290931409813119,0.7549865297525139,0.7338111887711721,0.7321869103232975,0.7115257857910013,0.7115257857910013,10000
75,0.7361,0.8302271301269532,2.293839681199254,0.7550661800920277,0.7317605741024359,0.7303627212976942,0.7095577719151266,0.7095577719151266,10000
76,0.7439,0.8167614044189453,2.263158501018418,0.7619890912137466,0.739452854308933,0.738178185000719,0.7181065523442673,0.7181065523442673,10000
77,0.7421,0.8145980270385742,2.2582677273112095,0.760281165487035,0.7377435325448608,0.736565037815413,0.7160523804911254,0.7160523804911254,10000
78,0.7453,0.8064712173461914,2.239989587337706,0.7622467028097122,0.7407701346534407,0.7397133551530775,0.7195743306908483,0.7195743306908483,10000
79,0.7451,0.8051937675476074,2.237129940007367,0.7634756099150215,0.7405691990992012,0.739465665414511,0.7194199925584231,0.7194199925584231,10000
80,0.747,0.8003427719116211,2.226303912168134,0.7646197491585592,0.7424290301661955,0.7415527892289909,0.7214809012537032,0.7214809012537032,10000
81,0.7471,0.7946714622497558,2.213713588837967,0.7660318682214868,0.7423770054857752,0.7412973188198055,0.7217397421661105,0.7217397421661105,10000
82,0.7486,0.7888437721252441,2.200850270140754,0.7670535749471404,0.743832010047756,0.7430465466344682,0.7233105675804596,0.7233105675804596,10000
83,0.7475,0.7873311416625977,2.1975237135381196,0.7671451289438667,0.7424762827280075,0.7413554145615032,0.7222202826283377,0.7222202826283377,10000
84,0.7505,0.7801203880310058,2.181734904457915,0.769748618904345,0.7457333970282998,0.7448861361087331,0.7254951691821858,0.7254951691821858,10000
85,0.7503,0.7794551071166992,2.180283920575361,0.7707522098943457,0.7452830795478224,0.7442914626808996,0.7254347283252032,0.7254347283252032,10000
86,0.7527,0.7742918548583985,2.1690555770286535,0.7723725387583509,0.7478092122385702,0.746824188612576,0.7279648936123497,0.7279648936123497,10000
87,0.7524,0.7712686126708984,2.162507899296067,0.7718463410707358,0.7474443619438562,0.7466416987406406,0.7276162668798418,0.7276162668798418,10000
88,0.7551,0.764012255859375,2.1468727660291567,0.773727718664186,0.7501259744860964,0.7489933362082459,0.730508740024283,0.730508740024283,10000
89,0.7557,0.7616845321655273,2.141881251111558,0.7750861428063478,0.7506632049916948,0.7498152419638042,0.731206135124454,0.731206135124454,10000
90,0.7585,0.7575522689819336,2.133048695863821,0.7774468219924834,0.7536115119161908,0.7528424719090256,0.7342783548851649,0.7342783548851649,10000
91,0.756,0.7587148918151856,2.135530069153188,0.7762096217565635,0.7509677798421446,0.7501206576443329,0.7316600797914221,0.7316600797914221,10000
92,0.7591,0.7527517257690429,2.1228334424246276,0.7787670571536951,0.753981454623213,0.7532602750344289,0.7351136980650712,0.7351136980650712,10000
93,0.7617,0.7464939651489257,2.10959073696079,0.7801989037826806,0.7566875341027468,0.7556248871055539,0.7377853774414087,0.7377853774414087,10000
94,0.7623,0.7447806869506836,2.105979515540747,0.7802514493750602,0.7572680651033039,0.7564771509004037,0.7384270985837782,0.7384270985837782,10000
95,0.7631,0.7406265808105469,2.0972491989896587,0.7810607273265797,0.7580150847692303,0.7571618387448183,0.7393442194620662,0.7393442194620662,10000
96,0.7658,0.7352801597595214,2.086066342490388,0.7827674654201868,0.7608517420414176,0.759942218029644,0.7422578258264207,0.7422578258264207,10000
97,0.7626,0.736798836517334,2.0892368098081384,0.7815551329618875,0.7573961369370747,0.7563499872152988,0.7389003685721608,0.7389003685721608,10000
98,0.768,0.7282664833068848,2.0714865368920474,0.7854474487717499,0.7628833294801326,0.7620659073506503,0.7447495536190455,0.7447495536190455,10000
99,0.7658,0.7306834621429443,2.076499331479806,0.783631758988504,0.7606945228896262,0.7596612639070566,0.7423372220616823,0.7423372220616823,10000
100,0.7702,0.7233908454895019,2.06141130035562,0.7873215329663543,0.7651247397715004,0.7642133187097999,0.7471615560835324,0.7471615560835324,10000
