Config,{"general": {"device": "cuda:0", "training_rounds": 100, "train_optimization": {"cudnn_benchmark": true, "pin_memory": true, "fused_optimizer": false, "torch_compile": false, "non_blocking_transfer": true}}, "dataset": "kmnist", "model": "simple_lora_mlp", "loss_function": "CrossEntropyLoss", "aggregation": "zeropadding", "client_selection": {"method": "random", "round": 1, "client_selection_round": 1, "number": 10, "random_seed": 42}, "hyperparameters": {"training_rounds": 100, "local_epochs": 5, "selected_clients": 10, "client_selection_round": 1, "client_selection_method": "random", "optimizer": "SGD", "lr": 0.01, "momentum": 0.0, "weight_decay": 0.0001, "nesterov": false, "batch_size": 64, "shuffle": true, "trainer_type": "standard", "rank_ratio_list": [0.9, 0.7, 0.6, 1.0, 0.8, 0.1, 0.3, 0.2, 0.4, 0.5]}, "effective_yaml": {"server_yaml": {"role": "server", "general": {"device": "cuda:0", "training_rounds": 100, "train_optimization": {"cudnn_benchmark": true, "pin_memory": true, "fused_optimizer": false, "torch_compile": false, "non_blocking_transfer": true}}, "training_logger": {"name": "train", "path": "./experiment_results/", "prefix": "kmnist_dirichlet_0_1_rank_mismatch_zeropadding_", "save_weights": false}, "data_loader": {"name": "kmnist", "root": "../.dataset", "split": "", "batch_size": 64, "shuffle": true, "num_workers": 0, "is_download": true, "is_load_train_set": true, "is_load_test_set": true, "task_type": "cv"}, "nn_model": {"name": "simple_lora_mlp", "input_dim": 0, "hidden_dim": 0, "output_dim": 0, "softmax_dim": 1, "lora_mode": "standard", "rank_ratio": 1.0, "cap_lora_rank_to_matrix_dim": true, "share_model": false}, "loss_func": {"type": "CrossEntropyLoss", "reduction": "mean", "weight": "None"}, "optimizer": {"type": "SGD", "lr": 0.01, "weight_decay": 0.0001, "momentum": 0.0, "nesterov": false, "betas": [0.9, 0.999], "amsgrad": false, "eps": "1e-8", "alpha": "None", "centered": "None"}, "training": {"epochs": 5, "batch_size": 64, "shuffle": true, "lr": 0.01}, "trainer": {"trainer_type": "standard", "save_path": "./.training_results/"}, "data_distribution": {"use": "kmnist_dirichlet_0_1", "custom_define": {"kmnist_dirichlet_0_1": [[1, 39, 0, 1, 1925, 0, 0, 148, 0, 14], [1259, 0, 0, 2747, 0, 0, 0, 0, 0, 0], [0, 2, 0, 0, 0, 0, 459, 1139, 6, 2950], [0, 0, 0, 0, 358, 0, 0, 0, 61, 0], [175, 28, 7, 0, 2538, 0, 0, 0, 121, 342], [0, 36, 3991, 1355, 0, 2863, 0, 3031, 2820, 2538], [4559, 0, 1983, 0, 545, 58, 2183, 0, 0, 100], [0, 5774, 19, 559, 622, 628, 4, 7, 2339, 0], [0, 0, 0, 1338, 12, 1793, 0, 1675, 0, 56], [6, 121, 0, 0, 0, 658, 3354, 0, 653, 0]]}}, "client_selection": {"method": "random", "round": 1, "client_selection_round": 1, "number": 10, "random_seed": 42}, "strategy": {"role": "server", "strategy_name": "rbla"}, "aggregation": {"method": "zeropadding", "device": "cpu"}, "rank_distribution": {"rank_ratio_list": [0.9, 0.7, 0.6, 1.0, 0.8, 0.1, 0.3, 0.2, 0.4, 0.5]}, "lora_inference": {"device": "cpu", "lora_mode": "standard", "scaling": 0.5, "rank_ratio": 1, "use_bias": true, "alpha": 0}}, "client_yamls": [{"index": 0, "node_id": "client.1", "yaml": {"role": "client", "training_logger": {"name": "train", "path": "./experiment_results/", "prefix": "", "save_weights": false}, "data_loader": {"name": "kmnist", "root": "../.dataset", "split": "", "batch_size": 64, "shuffle": true, "num_workers": 0, "is_download": true, "is_load_train_set": true, "is_load_test_set": true, "task_type": "cv"}, "nn_model": {"name": "simple_lora_mlp", "input_dim": 0, "hidden_dim": 0, "output_dim": 0, "softmax_dim": 1, "lora_mode": "standard", "rank_ratio": 0.9, "cap_lora_rank_to_matrix_dim": true, "share_model": false}, "loss_func": {"type": "CrossEntropyLoss", "reduction": "mean", "weight": "None"}, "optimizer": {"type": "SGD", "lr": 0.01, "weight_decay": 0.0001, "momentum": 0.0, "nesterov": false, "betas": [0.9, 0.999], "amsgrad": false, "eps": "1e-8", "alpha": "None", "centered": "None"}, "training": {"epochs": 5, "batch_size": 64, "shuffle": true, "lr": 0.01}, "trainer": {"trainer_type": "standard", "save_path": "./.training_results/"}, "strategy": {"role": "client", "strategy_name": "rbla"}}}, {"index": 1, "node_id": "client.2", "yaml": {"role": "client", "training_logger": {"name": "train", "path": "./experiment_results/", "prefix": "", "save_weights": false}, "data_loader": {"name": "kmnist", "root": "../.dataset", "split": "", "batch_size": 64, "shuffle": true, "num_workers": 0, "is_download": true, "is_load_train_set": true, "is_load_test_set": true, "task_type": "cv"}, "nn_model": {"name": "simple_lora_mlp", "input_dim": 0, "hidden_dim": 0, "output_dim": 0, "softmax_dim": 1, "lora_mode": "standard", "rank_ratio": 0.7, "cap_lora_rank_to_matrix_dim": true, "share_model": false}, "loss_func": {"type": "CrossEntropyLoss", "reduction": "mean", "weight": "None"}, "optimizer": {"type": "SGD", "lr": 0.01, "weight_decay": 0.0001, "momentum": 0.0, "nesterov": false, "betas": [0.9, 0.999], "amsgrad": false, "eps": "1e-8", "alpha": "None", "centered": "None"}, "training": {"epochs": 5, "batch_size": 64, "shuffle": true, "lr": 0.01}, "trainer": {"trainer_type": "standard", "save_path": "./.training_results/"}, "strategy": {"role": "client", "strategy_name": "rbla"}}}, {"index": 2, "node_id": "client.3", "yaml": {"role": "client", "training_logger": {"name": "train", "path": "./experiment_results/", "prefix": "", "save_weights": false}, "data_loader": {"name": "kmnist", "root": "../.dataset", "split": "", "batch_size": 64, "shuffle": true, "num_workers": 0, "is_download": true, "is_load_train_set": true, "is_load_test_set": true, "task_type": "cv"}, "nn_model": {"name": "simple_lora_mlp", "input_dim": 0, "hidden_dim": 0, "output_dim": 0, "softmax_dim": 1, "lora_mode": "standard", "rank_ratio": 0.6, "cap_lora_rank_to_matrix_dim": true, "share_model": false}, "loss_func": {"type": "CrossEntropyLoss", "reduction": "mean", "weight": "None"}, "optimizer": {"type": "SGD", "lr": 0.01, "weight_decay": 0.0001, "momentum": 0.0, "nesterov": false, "betas": [0.9, 0.999], "amsgrad": false, "eps": "1e-8", "alpha": "None", "centered": "None"}, "training": {"epochs": 5, "batch_size": 64, "shuffle": true, "lr": 0.01}, "trainer": {"trainer_type": "standard", "save_path": "./.training_results/"}, "strategy": {"role": "client", "strategy_name": "rbla"}}}, {"index": 3, "node_id": "client.4", "yaml": {"role": "client", "training_logger": {"name": "train", "path": "./experiment_results/", "prefix": "", "save_weights": false}, "data_loader": {"name": "kmnist", "root": "../.dataset", "split": "", "batch_size": 64, "shuffle": true, "num_workers": 0, "is_download": true, "is_load_train_set": true, "is_load_test_set": true, "task_type": "cv"}, "nn_model": {"name": "simple_lora_mlp", "input_dim": 0, "hidden_dim": 0, "output_dim": 0, "softmax_dim": 1, "lora_mode": "standard", "rank_ratio": 1.0, "cap_lora_rank_to_matrix_dim": true, "share_model": false}, "loss_func": {"type": "CrossEntropyLoss", "reduction": "mean", "weight": "None"}, "optimizer": {"type": "SGD", "lr": 0.01, "weight_decay": 0.0001, "momentum": 0.0, "nesterov": false, "betas": [0.9, 0.999], "amsgrad": false, "eps": "1e-8", "alpha": "None", "centered": "None"}, "training": {"epochs": 5, "batch_size": 64, "shuffle": true, "lr": 0.01}, "trainer": {"trainer_type": "standard", "save_path": "./.training_results/"}, "strategy": {"role": "client", "strategy_name": "rbla"}}}, {"index": 4, "node_id": "client.5", "yaml": {"role": "client", "training_logger": {"name": "train", "path": "./experiment_results/", "prefix": "", "save_weights": false}, "data_loader": {"name": "kmnist", "root": "../.dataset", "split": "", "batch_size": 64, "shuffle": true, "num_workers": 0, "is_download": true, "is_load_train_set": true, "is_load_test_set": true, "task_type": "cv"}, "nn_model": {"name": "simple_lora_mlp", "input_dim": 0, "hidden_dim": 0, "output_dim": 0, "softmax_dim": 1, "lora_mode": "standard", "rank_ratio": 0.8, "cap_lora_rank_to_matrix_dim": true, "share_model": false}, "loss_func": {"type": "CrossEntropyLoss", "reduction": "mean", "weight": "None"}, "optimizer": {"type": "SGD", "lr": 0.01, "weight_decay": 0.0001, "momentum": 0.0, "nesterov": false, "betas": [0.9, 0.999], "amsgrad": false, "eps": "1e-8", "alpha": "None", "centered": "None"}, "training": {"epochs": 5, "batch_size": 64, "shuffle": true, "lr": 0.01}, "trainer": {"trainer_type": "standard", "save_path": "./.training_results/"}, "strategy": {"role": "client", "strategy_name": "rbla"}}}, {"index": 5, "node_id": "client.6", "yaml": {"role": "client", "training_logger": {"name": "train", "path": "./experiment_results/", "prefix": "", "save_weights": false}, "data_loader": {"name": "kmnist", "root": "../.dataset", "split": "", "batch_size": 64, "shuffle": true, "num_workers": 0, "is_download": true, "is_load_train_set": true, "is_load_test_set": true, "task_type": "cv"}, "nn_model": {"name": "simple_lora_mlp", "input_dim": 0, "hidden_dim": 0, "output_dim": 0, "softmax_dim": 1, "lora_mode": "standard", "rank_ratio": 0.1, "cap_lora_rank_to_matrix_dim": true, "share_model": false}, "loss_func": {"type": "CrossEntropyLoss", "reduction": "mean", "weight": "None"}, "optimizer": {"type": "SGD", "lr": 0.01, "weight_decay": 0.0001, "momentum": 0.0, "nesterov": false, "betas": [0.9, 0.999], "amsgrad": false, "eps": "1e-8", "alpha": "None", "centered": "None"}, "training": {"epochs": 5, "batch_size": 64, "shuffle": true, "lr": 0.01}, "trainer": {"trainer_type": "standard", "save_path": "./.training_results/"}, "strategy": {"role": "client", "strategy_name": "rbla"}}}, {"index": 6, "node_id": "client.7", "yaml": {"role": "client", "training_logger": {"name": "train", "path": "./experiment_results/", "prefix": "", "save_weights": false}, "data_loader": {"name": "kmnist", "root": "../.dataset", "split": "", "batch_size": 64, "shuffle": true, "num_workers": 0, "is_download": true, "is_load_train_set": true, "is_load_test_set": true, "task_type": "cv"}, "nn_model": {"name": "simple_lora_mlp", "input_dim": 0, "hidden_dim": 0, "output_dim": 0, "softmax_dim": 1, "lora_mode": "standard", "rank_ratio": 0.3, "cap_lora_rank_to_matrix_dim": true, "share_model": false}, "loss_func": {"type": "CrossEntropyLoss", "reduction": "mean", "weight": "None"}, "optimizer": {"type": "SGD", "lr": 0.01, "weight_decay": 0.0001, "momentum": 0.0, "nesterov": false, "betas": [0.9, 0.999], "amsgrad": false, "eps": "1e-8", "alpha": "None", "centered": "None"}, "training": {"epochs": 5, "batch_size": 64, "shuffle": true, "lr": 0.01}, "trainer": {"trainer_type": "standard", "save_path": "./.training_results/"}, "strategy": {"role": "client", "strategy_name": "rbla"}}}, {"index": 7, "node_id": "client.8", "yaml": {"role": "client", "training_logger": {"name": "train", "path": "./experiment_results/", "prefix": "", "save_weights": false}, "data_loader": {"name": "kmnist", "root": "../.dataset", "split": "", "batch_size": 64, "shuffle": true, "num_workers": 0, "is_download": true, "is_load_train_set": true, "is_load_test_set": true, "task_type": "cv"}, "nn_model": {"name": "simple_lora_mlp", "input_dim": 0, "hidden_dim": 0, "output_dim": 0, "softmax_dim": 1, "lora_mode": "standard", "rank_ratio": 0.2, "cap_lora_rank_to_matrix_dim": true, "share_model": false}, "loss_func": {"type": "CrossEntropyLoss", "reduction": "mean", "weight": "None"}, "optimizer": {"type": "SGD", "lr": 0.01, "weight_decay": 0.0001, "momentum": 0.0, "nesterov": false, "betas": [0.9, 0.999], "amsgrad": false, "eps": "1e-8", "alpha": "None", "centered": "None"}, "training": {"epochs": 5, "batch_size": 64, "shuffle": true, "lr": 0.01}, "trainer": {"trainer_type": "standard", "save_path": "./.training_results/"}, "strategy": {"role": "client", "strategy_name": "rbla"}}}, {"index": 8, "node_id": "client.9", "yaml": {"role": "client", "training_logger": {"name": "train", "path": "./experiment_results/", "prefix": "", "save_weights": false}, "data_loader": {"name": "kmnist", "root": "../.dataset", "split": "", "batch_size": 64, "shuffle": true, "num_workers": 0, "is_download": true, "is_load_train_set": true, "is_load_test_set": true, "task_type": "cv"}, "nn_model": {"name": "simple_lora_mlp", "input_dim": 0, "hidden_dim": 0, "output_dim": 0, "softmax_dim": 1, "lora_mode": "standard", "rank_ratio": 0.4, "cap_lora_rank_to_matrix_dim": true, "share_model": false}, "loss_func": {"type": "CrossEntropyLoss", "reduction": "mean", "weight": "None"}, "optimizer": {"type": "SGD", "lr": 0.01, "weight_decay": 0.0001, "momentum": 0.0, "nesterov": false, "betas": [0.9, 0.999], "amsgrad": false, "eps": "1e-8", "alpha": "None", "centered": "None"}, "training": {"epochs": 5, "batch_size": 64, "shuffle": true, "lr": 0.01}, "trainer": {"trainer_type": "standard", "save_path": "./.training_results/"}, "strategy": {"role": "client", "strategy_name": "rbla"}}}, {"index": 9, "node_id": "client.10", "yaml": {"role": "client", "training_logger": {"name": "train", "path": "./experiment_results/", "prefix": "", "save_weights": false}, "data_loader": {"name": "kmnist", "root": "../.dataset", "split": "", "batch_size": 64, "shuffle": true, "num_workers": 0, "is_download": true, "is_load_train_set": true, "is_load_test_set": true, "task_type": "cv"}, "nn_model": {"name": "simple_lora_mlp", "input_dim": 0, "hidden_dim": 0, "output_dim": 0, "softmax_dim": 1, "lora_mode": "standard", "rank_ratio": 0.5, "cap_lora_rank_to_matrix_dim": true, "share_model": false}, "loss_func": {"type": "CrossEntropyLoss", "reduction": "mean", "weight": "None"}, "optimizer": {"type": "SGD", "lr": 0.01, "weight_decay": 0.0001, "momentum": 0.0, "nesterov": false, "betas": [0.9, 0.999], "amsgrad": false, "eps": "1e-8", "alpha": "None", "centered": "None"}, "training": {"epochs": 5, "batch_size": 64, "shuffle": true, "lr": 0.01}, "trainer": {"trainer_type": "standard", "save_path": "./.training_results/"}, "strategy": {"role": "client", "strategy_name": "rbla"}}}]}, "effective_client_rank_ratios": [0.9, 0.7, 0.6, 1.0, 0.8, 0.1, 0.3, 0.2, 0.4, 0.5], "effective_client_share_model": [false, false, false, false, false, false, false, false, false, false], "rank_distribution": {"rank_ratio_list": [0.9, 0.7, 0.6, 1.0, 0.8, 0.1, 0.3, 0.2, 0.4, 0.5]}, "rank_ratio_list": [0.9, 0.7, 0.6, 1.0, 0.8, 0.1, 0.3, 0.2, 0.4, 0.5], "rank_ratio_list_str": "[0.9, 0.7, 0.6, 1.0, 0.8, 0.1, 0.3, 0.2, 0.4, 0.5]", "epoch": 5, "batch_size": 64}

round,accuracy,average_loss,perplexity,precision,recall,f1_score,matthews_correlation,mcc,total_test_samples,invalid_label_samples,evaluation_status
0,0.1173,2.31172421875,10.091810150790964,0.05661008721563401,0.1173,0.04635603592328878,0.024264726331792493,0.024264726331792493,10000,0,evaluated
1,0.1166,2.32033046875,10.179037604143515,0.061230270446178195,0.1166,0.0575784843539229,0.022381055599546906,0.022381055599546906,10000,0,evaluated
2,0.1104,2.32634609375,10.240455425306903,0.1468892989443799,0.11040000000000001,0.04904823530593348,0.01519758465455708,0.01519758465455708,10000,0,evaluated
3,0.1114,2.3297890625,10.275773758391844,0.1529935659851906,0.11139999999999999,0.04631239918830935,0.01714386291205211,0.01714386291205211,10000,0,evaluated
4,0.1122,2.33180625,10.29652284112952,0.15494191183824818,0.11220000000000001,0.044905579262654496,0.01842890722761394,0.01842890722761394,10000,0,evaluated
5,0.1137,2.33350703125,10.314049874717982,0.15451069231547557,0.1137,0.045695698487829194,0.020539801834542827,0.020539801834542827,10000,0,evaluated
6,0.1155,2.33576953125,10.337411830806719,0.15380593186165006,0.1155,0.0496210066525386,0.022615750885661572,0.022615750885661572,10000,0,evaluated
7,0.1186,2.34001171875,10.38135821856064,0.1494638077513185,0.1186,0.0541297810824747,0.026719917605523648,0.026719917605523648,10000,0,evaluated
8,0.1248,2.34665859375,10.45059164704242,0.14470083935903397,0.12480000000000002,0.06047408925533306,0.03566365660700182,0.03566365660700182,10000,0,evaluated
9,0.1295,2.35589609375,10.547576245343683,0.10640612034619279,0.1295,0.0548503978841167,0.04238310073125761,0.04238310073125761,10000,0,evaluated
10,0.1271,2.3654703125,10.64904601939889,0.18907988554800936,0.1271,0.04373411393599152,0.040713521413980804,0.040713521413980804,10000,0,evaluated
11,0.1214,2.37411875,10.741543029106918,0.17879797960924995,0.1214,0.04100778234629345,0.034673215381024754,0.034673215381024754,10000,0,evaluated
12,0.1167,2.38066484375,10.812088824575518,0.14415273189313105,0.1167,0.038622726226950184,0.03159377527408213,0.03159377527408213,10000,0,evaluated
13,0.1153,2.38290859375,10.836375685508592,0.15270552941884447,0.1153,0.03970837609575765,0.03284084983739179,0.03284084983739179,10000,0,evaluated
14,0.1154,2.38358046875,10.843658821826924,0.051278327146462924,0.11539999999999999,0.04005958515285194,0.032987373823036986,0.032987373823036986,10000,0,evaluated
15,0.1146,2.3797890625,10.802623945096569,0.05002992183144517,0.1146,0.04115938808601176,0.03654229569156357,0.03654229569156357,10000,0,evaluated
16,0.1171,2.37662265625,10.768472546255637,0.0510066842513431,0.11709999999999998,0.04443682358221393,0.04116675216400092,0.04116675216400092,10000,0,evaluated
17,0.1142,2.37181484375,10.716824007076205,0.0523014482070582,0.1142,0.04164588786387417,0.03988677906091804,0.03988677906091804,10000,0,evaluated
18,0.1106,2.3641,10.634463492117012,0.05272539789265611,0.11059999999999999,0.036976181586613956,0.036288631666782575,0.036288631666782575,10000,0,evaluated
19,0.1129,2.35354765625,10.522834984778058,0.060912064029832916,0.1129,0.04096519858249627,0.041546700440858966,0.041546700440858966,10000,0,evaluated
20,0.1177,2.34591015625,10.442772958621372,0.05230869861410574,0.1177,0.045953532240420716,0.04922841869012232,0.04922841869012232,10000,0,evaluated
21,0.1225,2.3380796875,10.36132047307315,0.07516244673248199,0.12250000000000001,0.05028715875151972,0.05386507636954552,0.05386507636954552,10000,0,evaluated
22,0.1221,2.3259703125,10.236607977111335,0.073546629268602,0.12209999999999999,0.04928811515702938,0.05252325591145743,0.05252325591145743,10000,0,evaluated
23,0.1258,2.3198140625,10.173782442521688,0.053286412240212855,0.12579999999999997,0.055277673415216964,0.05159966357129027,0.05159966357129027,10000,0,evaluated
24,0.121,2.3171546875,10.146762483864267,0.10651698370950577,0.121,0.05428694150171903,0.04021027477964634,0.04021027477964634,10000,0,evaluated
25,0.126,2.32132421875,10.189158050526569,0.10230455702225572,0.12600000000000003,0.061863231018331424,0.04260266974645125,0.04260266974645125,10000,0,evaluated
26,0.1168,2.3196578125,10.172192913200258,0.10838381381070561,0.11680000000000001,0.05281018500945893,0.02877208815317096,0.02877208815317096,10000,0,evaluated
27,0.1372,2.31697734375,10.144963178507515,0.12106425974263217,0.13720000000000002,0.0756116938312629,0.05419993850189983,0.05419993850189983,10000,0,evaluated
28,0.1425,2.31992734375,10.174935006594723,0.11346089727723192,0.1425,0.08367203103243075,0.05825988742136054,0.05825988742136054,10000,0,evaluated
29,0.1639,2.322328125,10.199392146152492,0.11858941031278894,0.1639,0.0977806531511475,0.08106176095130933,0.08106176095130933,10000,0,evaluated
30,0.1634,2.32086484375,10.184478480968032,0.11141463199572037,0.16339999999999996,0.09747024560119459,0.08142578383249452,0.08142578383249452,10000,0,evaluated
31,0.1844,2.32127578125,10.188664525136158,0.13030638520575366,0.18439999999999998,0.11106841151415807,0.103898512524201,0.103898512524201,10000,0,evaluated
32,0.1936,2.31740859375,10.14933913737656,0.11291018674987734,0.1936,0.11713126014797459,0.11521812234244468,0.11521812234244468,10000,0,evaluated
33,0.1794,2.313116796875,10.105873574784184,0.13002625904620657,0.17939999999999995,0.10890796951550112,0.10269965951077295,0.10269965951077295,10000,0,evaluated
34,0.1779,2.305546484375,10.029657806321042,0.1299302378206802,0.1779,0.09500516196028021,0.1008674282592058,0.1008674282592058,10000,0,evaluated
35,0.1716,2.299732421875,9.97151393880923,0.16041524054652384,0.1716,0.08852966543014196,0.09462262898960828,0.09462262898960828,10000,0,evaluated
36,0.1627,2.296930859375,9.943617214744247,0.1718534929545789,0.1627,0.08113704719182528,0.08444924908079361,0.08444924908079361,10000,0,evaluated
37,0.1633,2.296631640625,9.940642343121649,0.169102876312534,0.1633,0.07967895306848169,0.08559943949372899,0.08559943949372899,10000,0,evaluated
38,0.1604,2.302808203125,10.002231350218707,0.11706423276618996,0.1604,0.07673745432649512,0.08237955627036261,0.08237955627036261,10000,0,evaluated
39,0.1634,2.293694921875,9.911492296060379,0.1638265974721291,0.1634,0.08008193931045055,0.08558706750201862,0.08558706750201862,10000,0,evaluated
40,0.1615,2.2973375,9.947661515696012,0.12011031178465323,0.1615,0.07800881107963394,0.08314984246202455,0.08314984246202455,10000,0,evaluated
41,0.1816,2.28563515625,9.83192905240895,0.21267489411707494,0.1816,0.08843753937417757,0.10658019681410522,0.10658019681410522,10000,0,evaluated
42,0.1728,2.28880859375,9.863179624403463,0.12003045282374694,0.17279999999999998,0.08419877787015176,0.09607792873444183,0.09607792873444183,10000,0,evaluated
43,0.1772,2.28631875,9.83865239541543,0.10786429314808646,0.1772,0.08542859236996334,0.10121438819436383,0.10121438819436383,10000,0,evaluated
44,0.1809,2.285280859375,9.828446247680306,0.10405930709994507,0.1809,0.08863755590577813,0.10589615035565172,0.10589615035565172,10000,0,evaluated
45,0.1833,2.2820359375,9.79660539593119,0.1011548665095818,0.1833,0.0889355959743819,0.10841100807430815,0.10841100807430815,10000,0,evaluated
46,0.1875,2.286333203125,9.83879459571595,0.10080113276081701,0.1875,0.09184570563407254,0.11361958332627518,0.11361958332627518,10000,0,evaluated
47,0.1874,2.28573125,9.832873884736843,0.10184098761614098,0.18739999999999996,0.0923051485274883,0.1144789062910707,0.1144789062910707,10000,0,evaluated
48,0.1921,2.273534375,9.713671974215176,0.11695682627103592,0.1921,0.09491902273005484,0.12045368778137991,0.12045368778137991,10000,0,evaluated
49,0.1924,2.266834765625,9.648811678317365,0.11703021161092356,0.1924,0.09505339307002594,0.12043061432367516,0.12043061432367516,10000,0,evaluated
50,0.1987,2.265689453125,9.637767099646346,0.10961772959612888,0.1987,0.09953856241534641,0.1297212459979306,0.1297212459979306,10000,0,evaluated
51,0.1988,2.26538671875,9.634849857844006,0.12387116401930535,0.1988,0.10082246678126616,0.12992556538018682,0.12992556538018682,10000,0,evaluated
52,0.2,2.258537109375,9.569080404605483,0.11218520027082193,0.2,0.10124876878881894,0.13352619685319692,0.13352619685319692,10000,0,evaluated
53,0.2009,2.2382765625,9.377156410250635,0.1214342431505309,0.20090000000000002,0.10310186719242027,0.13431464511359284,0.13431464511359284,10000,0,evaluated
54,0.2016,2.25151875,9.502156282914745,0.12150143006484408,0.2016,0.10349033495689927,0.13781342551408957,0.13781342551408957,10000,0,evaluated
55,0.2021,2.253107421875,9.517264088848934,0.1211768935589909,0.2021,0.10535543993335186,0.13596719590205836,0.13596719590205836,10000,0,evaluated
56,0.1995,2.246290234375,9.452603766258395,0.12246966080863833,0.1995,0.1038690621818638,0.1332992984750369,0.1332992984750369,10000,0,evaluated
57,0.2036,2.2484734375,9.473263264074463,0.2453576343963538,0.2036,0.10734258022498835,0.13970423754625108,0.13970423754625108,10000,0,evaluated
58,0.1995,2.25686015625,9.553046952748602,0.2410454809298627,0.1995,0.10491354198761019,0.1370657623607322,0.1370657623607322,10000,0,evaluated
59,0.1989,2.247313671875,9.462282867558201,0.2267247867880131,0.1989,0.1035621903431784,0.13857549123841023,0.13857549123841023,10000,0,evaluated
60,0.2005,2.25613359375,9.546108587955056,0.2463872853526547,0.20049999999999998,0.1059219238218769,0.14106837334309438,0.14106837334309438,10000,0,evaluated
61,0.197,2.2454505859375,9.44467023343107,0.2330621593936491,0.19699999999999998,0.10648320128877779,0.13461205368506468,0.13461205368506468,10000,0,evaluated
62,0.1953,2.24427734375,9.433595845606005,0.268515079828967,0.19529999999999997,0.10557254268897331,0.1329161542393255,0.1329161542393255,10000,0,evaluated
63,0.1955,2.255782421875,9.542756851655477,0.20149120184633676,0.19549999999999998,0.10299627339962122,0.13380762927133386,0.13380762927133386,10000,0,evaluated
64,0.1896,2.2483509765625,9.472103230404816,0.30556684192218564,0.18959999999999996,0.10168803358974113,0.12494531203436685,0.12494531203436685,10000,0,evaluated
65,0.1927,2.248371484375,9.4722974845137,0.3102223170124506,0.19269999999999998,0.10177215149607641,0.13106625150573334,0.13106625150573334,10000,0,evaluated
66,0.1926,2.253158203125,9.517747399687408,0.20119371250536472,0.1926,0.105665408539337,0.12944326559230346,0.12944326559230346,10000,0,evaluated
67,0.193,2.2604814453125,9.587704010931395,0.31292862368436913,0.193,0.10438925045765848,0.1305958132797933,0.1305958132797933,10000,0,evaluated
68,0.1925,2.2540001953125,9.525764643395174,0.20235386674836214,0.1925,0.10154488137593036,0.13138820473009682,0.13138820473009682,10000,0,evaluated
69,0.1944,2.2620357421875,9.602617736490092,0.20355146303877233,0.1944,0.10400568988912817,0.13333847104289465,0.13333847104289465,10000,0,evaluated
70,0.1968,2.2554958984375,9.540023019831263,0.20726175589618917,0.1968,0.10892870247111856,0.13625120940033936,0.13625120940033936,10000,0,evaluated
71,0.1973,2.26915439453125,9.671219319456045,0.3047741249108772,0.19729999999999998,0.11015216262346916,0.1360209064828923,0.1360209064828923,10000,0,evaluated
72,0.2,2.2626955078125,9.608955304007353,0.3039810065329511,0.2,0.1149295313595136,0.13758133431753203,0.13758133431753203,10000,0,evaluated
73,0.2004,2.26088046875,9.591530492920795,0.2534734815152754,0.2004,0.11474973436681654,0.13947517837729942,0.13947517837729942,10000,0,evaluated
74,0.2057,2.24408603515625,9.431791290269754,0.24897420785246505,0.2057,0.12021535027429449,0.14594347277238362,0.14594347277238362,10000,0,evaluated
75,0.2047,2.2635283203125,9.61696109529528,0.23238625737345214,0.20470000000000002,0.11868184705669145,0.1446067320761191,0.1446067320761191,10000,0,evaluated
76,0.206,2.27066943359375,9.685882699499013,0.22177478955948254,0.20600000000000002,0.11888304211882086,0.14713989544797612,0.14713989544797612,10000,0,evaluated
77,0.2042,2.27377421875,9.716002017139687,0.21620503275746433,0.20420000000000002,0.11774771684532073,0.14418369305242737,0.14418369305242737,10000,0,evaluated
78,0.2105,2.26888359375,9.66860070028676,0.21258987761274736,0.2105,0.12399812456596282,0.1536172937133811,0.1536172937133811,10000,0,evaluated
79,0.2165,2.25754814453125,9.559621598482602,0.22153888931346852,0.2165,0.1329747455658162,0.15562812068872978,0.15562812068872978,10000,0,evaluated
80,0.2148,2.2808826171875,9.78531328489671,0.21912901431884468,0.21480000000000002,0.12937573217886839,0.1535145928973818,0.1535145928973818,10000,0,evaluated
81,0.2174,2.26892197265625,9.66897177772733,0.22143827145455597,0.21740000000000004,0.1332796601354068,0.15882389362894175,0.15882389362894175,10000,0,evaluated
82,0.2191,2.27665859375,9.74406706606308,0.22240269296410503,0.2191,0.13447993908771066,0.1600683823275332,0.1600683823275332,10000,0,evaluated
83,0.2216,2.275601171875,9.733768922096873,0.31852156206112736,0.22160000000000002,0.13737963952920865,0.1620644770406478,0.1620644770406478,10000,0,evaluated
84,0.2235,2.274402587890625,9.722109171550242,0.23687549587806012,0.22349999999999998,0.13980633728499384,0.16586064680953644,0.16586064680953644,10000,0,evaluated
85,0.228,2.2778072265625,9.755265851637379,0.23387745243615776,0.22800000000000004,0.14480506864943873,0.16884776140319013,0.16884776140319013,10000,0,evaluated
86,0.2307,2.268255078125,9.662525742977524,0.330851179067549,0.2307,0.14834269022669913,0.17408098090532942,0.17408098090532942,10000,0,evaluated
87,0.2337,2.281777734375,9.79407620833969,0.3328024892984251,0.23369999999999996,0.1499400373713624,0.17569943027921578,0.17569943027921578,10000,0,evaluated
88,0.2382,2.2917771484375,9.892502514278688,0.23212074400956312,0.23819999999999997,0.15380219350310248,0.17862723254530272,0.17862723254530272,10000,0,evaluated
89,0.2337,2.294989306640625,9.924329887291893,0.23810333407624226,0.23369999999999996,0.15304871108947427,0.1779655247354737,0.1779655247354737,10000,0,evaluated
90,0.2436,2.288544189453125,9.86057210206517,0.23594846842553457,0.24359999999999998,0.1618430094959204,0.1856925037857193,0.1856925037857193,10000,0,evaluated
91,0.2448,2.30517265625,10.025909138871228,0.23343321191749763,0.2448,0.16308766166461336,0.18657460042817334,0.18657460042817334,10000,0,evaluated
92,0.2418,2.33608349609375,10.340657924249903,0.23368070426036586,0.24180000000000001,0.15912578546094047,0.18349104897483892,0.18349104897483892,10000,0,evaluated
93,0.2466,2.347019775390625,10.454366890612295,0.2293026189146455,0.2466,0.16116605462882916,0.1873448967971574,0.1873448967971574,10000,0,evaluated
94,0.253,2.340536962890625,10.386812398399279,0.23318174991197155,0.253,0.17031675099392934,0.19462116485537773,0.19462116485537773,10000,0,evaluated
95,0.255,2.3374251953125,10.354541288475012,0.22670460021406869,0.255,0.16959559089160775,0.19376380040986863,0.19376380040986863,10000,0,evaluated
96,0.2579,2.34594306640625,10.443116637566355,0.23066790647369606,0.2579,0.1729209510973347,0.19761871287258184,0.19761871287258184,10000,0,evaluated
97,0.259,2.35691796875,10.55836005873565,0.2256535881272907,0.259,0.1727481890041031,0.19726272092058147,0.19726272092058147,10000,0,evaluated
98,0.2574,2.363451513671875,10.627569423531638,0.2278487588861215,0.25739999999999996,0.17134124709370424,0.19642475111414115,0.19642475111414115,10000,0,evaluated
99,0.2612,2.37146533203125,10.713079005996956,0.2271424584111487,0.2612,0.17464059360920955,0.2005700221800794,0.2005700221800794,10000,0,evaluated
100,0.2696,2.382945849609375,10.836779411517803,0.22882709009709856,0.26959999999999995,0.18426956241659498,0.20936785117244536,0.20936785117244536,10000,0,evaluated
