Config,{"general": {"device": "cuda:0", "training_rounds": 100, "train_optimization": {"cudnn_benchmark": true, "pin_memory": true, "fused_optimizer": false, "torch_compile": false, "non_blocking_transfer": true}}, "dataset": "fmnist", "model": "simple_lora_mlp", "loss_function": "CrossEntropyLoss", "aggregation": "zeropadding", "client_selection": {"method": "random", "round": 1, "client_selection_round": 1, "number": 10, "random_seed": 42}, "hyperparameters": {"training_rounds": 100, "local_epochs": 5, "selected_clients": 10, "client_selection_round": 1, "client_selection_method": "random", "optimizer": "SGD", "lr": 0.01, "momentum": 0.0, "weight_decay": 0.0001, "nesterov": false, "batch_size": 64, "shuffle": true, "trainer_type": "standard", "rank_ratio_list": [0.6567, 0.3864, 0.4112, 0.25, 0.4774, 0.4792, 0.4291, 0.5842, 0.3111, 1.0]}, "effective_yaml": {"server_yaml": {"role": "server", "general": {"device": "cuda:0", "training_rounds": 100, "train_optimization": {"cudnn_benchmark": true, "pin_memory": true, "fused_optimizer": false, "torch_compile": false, "non_blocking_transfer": true}}, "training_logger": {"name": "train", "path": "./experiment_results/", "prefix": "fmnist_dirichlet_0_4_rank_mismatch_cost_matched_zeropadding_", "save_weights": false}, "data_loader": {"name": "fmnist", "root": "../.dataset", "split": "", "batch_size": 64, "shuffle": true, "num_workers": 0, "is_download": true, "is_load_train_set": true, "is_load_test_set": true, "task_type": "cv"}, "nn_model": {"name": "simple_lora_mlp", "input_dim": 0, "hidden_dim": 0, "output_dim": 0, "softmax_dim": 1, "lora_mode": "standard", "rank_ratio": 1.0, "cap_lora_rank_to_matrix_dim": true, "share_model": false}, "loss_func": {"type": "CrossEntropyLoss", "reduction": "mean", "weight": "None"}, "optimizer": {"type": "SGD", "lr": 0.01, "weight_decay": 0.0001, "momentum": 0.0, "nesterov": false, "betas": [0.9, 0.999], "amsgrad": false, "eps": "1e-8", "alpha": "None", "centered": "None"}, "training": {"epochs": 5, "batch_size": 64, "shuffle": true, "lr": 0.01}, "trainer": {"trainer_type": "standard", "save_path": "./.training_results/"}, "data_distribution": {"use": "fmnist_dirichlet_0_4", "custom_define": {"fmnist_dirichlet_0_4": [[612, 8, 811, 188, 697, 507, 201, 760, 169, 1], [0, 2704, 0, 1, 397, 1, 181, 26, 3568, 57], [619, 1245, 1968, 512, 401, 185, 833, 0, 14, 12], [641, 65, 190, 52, 46, 1732, 2081, 3366, 422, 2879], [500, 215, 7, 308, 0, 2138, 986, 0, 34, 1054], [1017, 218, 13, 752, 465, 0, 1283, 732, 164, 403], [128, 14, 65, 2736, 296, 293, 42, 146, 1515, 534], [0, 517, 853, 790, 1544, 480, 275, 48, 97, 172], [2472, 910, 223, 34, 2068, 566, 118, 707, 5, 624], [11, 104, 1870, 627, 86, 98, 0, 215, 12, 264]]}}, "client_selection": {"method": "random", "round": 1, "client_selection_round": 1, "number": 10, "random_seed": 42}, "strategy": {"role": "server", "strategy_name": "rbla"}, "aggregation": {"method": "zeropadding", "device": "cpu"}, "rank_distribution": {"rank_ratio_list": [0.6567, 0.3864, 0.4112, 0.25, 0.4774, 0.4792, 0.4291, 0.5842, 0.3111, 1.0]}, "lora_inference": {"device": "cpu", "lora_mode": "standard", "scaling": 0.5, "rank_ratio": 1, "use_bias": true, "alpha": 0}}, "client_yamls": [{"index": 0, "node_id": "client.1", "yaml": {"role": "client", "training_logger": {"name": "train", "path": "./experiment_results/", "prefix": "", "save_weights": false}, "data_loader": {"name": "fmnist", "root": "../.dataset", "split": "", "batch_size": 64, "shuffle": true, "num_workers": 0, "is_download": true, "is_load_train_set": true, "is_load_test_set": true, "task_type": "cv"}, "nn_model": {"name": "simple_lora_mlp", "input_dim": 0, "hidden_dim": 0, "output_dim": 0, "softmax_dim": 1, "lora_mode": "standard", "rank_ratio": 0.6567, "cap_lora_rank_to_matrix_dim": true, "share_model": false}, "loss_func": {"type": "CrossEntropyLoss", "reduction": "mean", "weight": "None"}, "optimizer": {"type": "SGD", "lr": 0.01, "weight_decay": 0.0001, "momentum": 0.0, "nesterov": false, "betas": [0.9, 0.999], "amsgrad": false, "eps": "1e-8", "alpha": "None", "centered": "None"}, "training": {"epochs": 5, "batch_size": 64, "shuffle": true, "lr": 0.01}, "trainer": {"trainer_type": "standard", "save_path": "./.training_results/"}, "strategy": {"role": "client", "strategy_name": "rbla"}}}, {"index": 1, "node_id": "client.2", "yaml": {"role": "client", "training_logger": {"name": "train", "path": "./experiment_results/", "prefix": "", "save_weights": false}, "data_loader": {"name": "fmnist", "root": "../.dataset", "split": "", "batch_size": 64, "shuffle": true, "num_workers": 0, "is_download": true, "is_load_train_set": true, "is_load_test_set": true, "task_type": "cv"}, "nn_model": {"name": "simple_lora_mlp", "input_dim": 0, "hidden_dim": 0, "output_dim": 0, "softmax_dim": 1, "lora_mode": "standard", "rank_ratio": 0.3864, "cap_lora_rank_to_matrix_dim": true, "share_model": false}, "loss_func": {"type": "CrossEntropyLoss", "reduction": "mean", "weight": "None"}, "optimizer": {"type": "SGD", "lr": 0.01, "weight_decay": 0.0001, "momentum": 0.0, "nesterov": false, "betas": [0.9, 0.999], "amsgrad": false, "eps": "1e-8", "alpha": "None", "centered": "None"}, "training": {"epochs": 5, "batch_size": 64, "shuffle": true, "lr": 0.01}, "trainer": {"trainer_type": "standard", "save_path": "./.training_results/"}, "strategy": {"role": "client", "strategy_name": "rbla"}}}, {"index": 2, "node_id": "client.3", "yaml": {"role": "client", "training_logger": {"name": "train", "path": "./experiment_results/", "prefix": "", "save_weights": false}, "data_loader": {"name": "fmnist", "root": "../.dataset", "split": "", "batch_size": 64, "shuffle": true, "num_workers": 0, "is_download": true, "is_load_train_set": true, "is_load_test_set": true, "task_type": "cv"}, "nn_model": {"name": "simple_lora_mlp", "input_dim": 0, "hidden_dim": 0, "output_dim": 0, "softmax_dim": 1, "lora_mode": "standard", "rank_ratio": 0.4112, "cap_lora_rank_to_matrix_dim": true, "share_model": false}, "loss_func": {"type": "CrossEntropyLoss", "reduction": "mean", "weight": "None"}, "optimizer": {"type": "SGD", "lr": 0.01, "weight_decay": 0.0001, "momentum": 0.0, "nesterov": false, "betas": [0.9, 0.999], "amsgrad": false, "eps": "1e-8", "alpha": "None", "centered": "None"}, "training": {"epochs": 5, "batch_size": 64, "shuffle": true, "lr": 0.01}, "trainer": {"trainer_type": "standard", "save_path": "./.training_results/"}, "strategy": {"role": "client", "strategy_name": "rbla"}}}, {"index": 3, "node_id": "client.4", "yaml": {"role": "client", "training_logger": {"name": "train", "path": "./experiment_results/", "prefix": "", "save_weights": false}, "data_loader": {"name": "fmnist", "root": "../.dataset", "split": "", "batch_size": 64, "shuffle": true, "num_workers": 0, "is_download": true, "is_load_train_set": true, "is_load_test_set": true, "task_type": "cv"}, "nn_model": {"name": "simple_lora_mlp", "input_dim": 0, "hidden_dim": 0, "output_dim": 0, "softmax_dim": 1, "lora_mode": "standard", "rank_ratio": 0.25, "cap_lora_rank_to_matrix_dim": true, "share_model": false}, "loss_func": {"type": "CrossEntropyLoss", "reduction": "mean", "weight": "None"}, "optimizer": {"type": "SGD", "lr": 0.01, "weight_decay": 0.0001, "momentum": 0.0, "nesterov": false, "betas": [0.9, 0.999], "amsgrad": false, "eps": "1e-8", "alpha": "None", "centered": "None"}, "training": {"epochs": 5, "batch_size": 64, "shuffle": true, "lr": 0.01}, "trainer": {"trainer_type": "standard", "save_path": "./.training_results/"}, "strategy": {"role": "client", "strategy_name": "rbla"}}}, {"index": 4, "node_id": "client.5", "yaml": {"role": "client", "training_logger": {"name": "train", "path": "./experiment_results/", "prefix": "", "save_weights": false}, "data_loader": {"name": "fmnist", "root": "../.dataset", "split": "", "batch_size": 64, "shuffle": true, "num_workers": 0, "is_download": true, "is_load_train_set": true, "is_load_test_set": true, "task_type": "cv"}, "nn_model": {"name": "simple_lora_mlp", "input_dim": 0, "hidden_dim": 0, "output_dim": 0, "softmax_dim": 1, "lora_mode": "standard", "rank_ratio": 0.4774, "cap_lora_rank_to_matrix_dim": true, "share_model": false}, "loss_func": {"type": "CrossEntropyLoss", "reduction": "mean", "weight": "None"}, "optimizer": {"type": "SGD", "lr": 0.01, "weight_decay": 0.0001, "momentum": 0.0, "nesterov": false, "betas": [0.9, 0.999], "amsgrad": false, "eps": "1e-8", "alpha": "None", "centered": "None"}, "training": {"epochs": 5, "batch_size": 64, "shuffle": true, "lr": 0.01}, "trainer": {"trainer_type": "standard", "save_path": "./.training_results/"}, "strategy": {"role": "client", "strategy_name": "rbla"}}}, {"index": 5, "node_id": "client.6", "yaml": {"role": "client", "training_logger": {"name": "train", "path": "./experiment_results/", "prefix": "", "save_weights": false}, "data_loader": {"name": "fmnist", "root": "../.dataset", "split": "", "batch_size": 64, "shuffle": true, "num_workers": 0, "is_download": true, "is_load_train_set": true, "is_load_test_set": true, "task_type": "cv"}, "nn_model": {"name": "simple_lora_mlp", "input_dim": 0, "hidden_dim": 0, "output_dim": 0, "softmax_dim": 1, "lora_mode": "standard", "rank_ratio": 0.4792, "cap_lora_rank_to_matrix_dim": true, "share_model": false}, "loss_func": {"type": "CrossEntropyLoss", "reduction": "mean", "weight": "None"}, "optimizer": {"type": "SGD", "lr": 0.01, "weight_decay": 0.0001, "momentum": 0.0, "nesterov": false, "betas": [0.9, 0.999], "amsgrad": false, "eps": "1e-8", "alpha": "None", "centered": "None"}, "training": {"epochs": 5, "batch_size": 64, "shuffle": true, "lr": 0.01}, "trainer": {"trainer_type": "standard", "save_path": "./.training_results/"}, "strategy": {"role": "client", "strategy_name": "rbla"}}}, {"index": 6, "node_id": "client.7", "yaml": {"role": "client", "training_logger": {"name": "train", "path": "./experiment_results/", "prefix": "", "save_weights": false}, "data_loader": {"name": "fmnist", "root": "../.dataset", "split": "", "batch_size": 64, "shuffle": true, "num_workers": 0, "is_download": true, "is_load_train_set": true, "is_load_test_set": true, "task_type": "cv"}, "nn_model": {"name": "simple_lora_mlp", "input_dim": 0, "hidden_dim": 0, "output_dim": 0, "softmax_dim": 1, "lora_mode": "standard", "rank_ratio": 0.4291, "cap_lora_rank_to_matrix_dim": true, "share_model": false}, "loss_func": {"type": "CrossEntropyLoss", "reduction": "mean", "weight": "None"}, "optimizer": {"type": "SGD", "lr": 0.01, "weight_decay": 0.0001, "momentum": 0.0, "nesterov": false, "betas": [0.9, 0.999], "amsgrad": false, "eps": "1e-8", "alpha": "None", "centered": "None"}, "training": {"epochs": 5, "batch_size": 64, "shuffle": true, "lr": 0.01}, "trainer": {"trainer_type": "standard", "save_path": "./.training_results/"}, "strategy": {"role": "client", "strategy_name": "rbla"}}}, {"index": 7, "node_id": "client.8", "yaml": {"role": "client", "training_logger": {"name": "train", "path": "./experiment_results/", "prefix": "", "save_weights": false}, "data_loader": {"name": "fmnist", "root": "../.dataset", "split": "", "batch_size": 64, "shuffle": true, "num_workers": 0, "is_download": true, "is_load_train_set": true, "is_load_test_set": true, "task_type": "cv"}, "nn_model": {"name": "simple_lora_mlp", "input_dim": 0, "hidden_dim": 0, "output_dim": 0, "softmax_dim": 1, "lora_mode": "standard", "rank_ratio": 0.5842, "cap_lora_rank_to_matrix_dim": true, "share_model": false}, "loss_func": {"type": "CrossEntropyLoss", "reduction": "mean", "weight": "None"}, "optimizer": {"type": "SGD", "lr": 0.01, "weight_decay": 0.0001, "momentum": 0.0, "nesterov": false, "betas": [0.9, 0.999], "amsgrad": false, "eps": "1e-8", "alpha": "None", "centered": "None"}, "training": {"epochs": 5, "batch_size": 64, "shuffle": true, "lr": 0.01}, "trainer": {"trainer_type": "standard", "save_path": "./.training_results/"}, "strategy": {"role": "client", "strategy_name": "rbla"}}}, {"index": 8, "node_id": "client.9", "yaml": {"role": "client", "training_logger": {"name": "train", "path": "./experiment_results/", "prefix": "", "save_weights": false}, "data_loader": {"name": "fmnist", "root": "../.dataset", "split": "", "batch_size": 64, "shuffle": true, "num_workers": 0, "is_download": true, "is_load_train_set": true, "is_load_test_set": true, "task_type": "cv"}, "nn_model": {"name": "simple_lora_mlp", "input_dim": 0, "hidden_dim": 0, "output_dim": 0, "softmax_dim": 1, "lora_mode": "standard", "rank_ratio": 0.3111, "cap_lora_rank_to_matrix_dim": true, "share_model": false}, "loss_func": {"type": "CrossEntropyLoss", "reduction": "mean", "weight": "None"}, "optimizer": {"type": "SGD", "lr": 0.01, "weight_decay": 0.0001, "momentum": 0.0, "nesterov": false, "betas": [0.9, 0.999], "amsgrad": false, "eps": "1e-8", "alpha": "None", "centered": "None"}, "training": {"epochs": 5, "batch_size": 64, "shuffle": true, "lr": 0.01}, "trainer": {"trainer_type": "standard", "save_path": "./.training_results/"}, "strategy": {"role": "client", "strategy_name": "rbla"}}}, {"index": 9, "node_id": "client.10", "yaml": {"role": "client", "training_logger": {"name": "train", "path": "./experiment_results/", "prefix": "", "save_weights": false}, "data_loader": {"name": "fmnist", "root": "../.dataset", "split": "", "batch_size": 64, "shuffle": true, "num_workers": 0, "is_download": true, "is_load_train_set": true, "is_load_test_set": true, "task_type": "cv"}, "nn_model": {"name": "simple_lora_mlp", "input_dim": 0, "hidden_dim": 0, "output_dim": 0, "softmax_dim": 1, "lora_mode": "standard", "rank_ratio": 1.0, "cap_lora_rank_to_matrix_dim": true, "share_model": false}, "loss_func": {"type": "CrossEntropyLoss", "reduction": "mean", "weight": "None"}, "optimizer": {"type": "SGD", "lr": 0.01, "weight_decay": 0.0001, "momentum": 0.0, "nesterov": false, "betas": [0.9, 0.999], "amsgrad": false, "eps": "1e-8", "alpha": "None", "centered": "None"}, "training": {"epochs": 5, "batch_size": 64, "shuffle": true, "lr": 0.01}, "trainer": {"trainer_type": "standard", "save_path": "./.training_results/"}, "strategy": {"role": "client", "strategy_name": "rbla"}}}]}, "effective_client_rank_ratios": [0.6567, 0.3864, 0.4112, 0.25, 0.4774, 0.4792, 0.4291, 0.5842, 0.3111, 1.0], "effective_client_share_model": [false, false, false, false, false, false, false, false, false, false], "rank_distribution": {"rank_ratio_list": [0.6567, 0.3864, 0.4112, 0.25, 0.4774, 0.4792, 0.4291, 0.5842, 0.3111, 1.0]}, "rank_ratio_list": [0.6567, 0.3864, 0.4112, 0.25, 0.4774, 0.4792, 0.4291, 0.5842, 0.3111, 1.0], "rank_ratio_list_str": "[0.6567, 0.3864, 0.4112, 0.25, 0.4774, 0.4792, 0.4291, 0.5842, 0.3111, 1.0]", "epoch": 5, "batch_size": 64}

round,accuracy,average_loss,perplexity,precision,recall,f1_score,matthews_correlation,mcc,total_test_samples,invalid_label_samples,evaluation_status
0,0.1763,2.295675,9.931137268013012,0.08298962585383016,0.1763,0.10245529491284944,0.10054731897652784,0.10054731897652784,10000,0,evaluated
1,0.1716,2.291290625,9.88769075056279,0.0708848074430627,0.17160000000000003,0.09309410398926785,0.08682658595327959,0.08682658595327959,10000,0,evaluated
2,0.1522,2.2875234375,9.850512039120998,0.07668490612522386,0.15219999999999997,0.08577126290094898,0.06637646783490381,0.06637646783490381,10000,0,evaluated
3,0.1482,2.2835125,9.81108138080424,0.08833827493049241,0.1482,0.08316506939618293,0.06323118816830732,0.06323118816830732,10000,0,evaluated
4,0.1534,2.27926328125,9.769480398275746,0.1002360572176666,0.15339999999999998,0.08453132784527065,0.0708555339244081,0.0708555339244081,10000,0,evaluated
5,0.1634,2.274609375,9.724119786280294,0.11061588519806612,0.1634,0.09117998080722617,0.08402343987341718,0.08402343987341718,10000,0,evaluated
6,0.1733,2.2695140625,9.674698372878543,0.12100412691069898,0.1733,0.09806220318188621,0.0967060434127241,0.0967060434127241,10000,0,evaluated
7,0.1854,2.263690625,9.618522099836303,0.12863432593910723,0.1854,0.10794129798473243,0.11157344398277023,0.11157344398277023,10000,0,evaluated
8,0.1998,2.2568625,9.553069342728634,0.16568753967485406,0.19979999999999998,0.11910137114490178,0.12850108545069056,0.12850108545069056,10000,0,evaluated
9,0.2146,2.24825546875,9.471198613745173,0.1711813432584804,0.21460000000000004,0.13134812853654496,0.14517751151973515,0.14517751151973515,10000,0,evaluated
10,0.2343,2.23709921875,9.36612277022633,0.19752679371116322,0.2343,0.1493763437169044,0.1668000357039084,0.1668000357039084,10000,0,evaluated
11,0.2563,2.222665625,9.23190689791211,0.21517867503856175,0.2563,0.1697945716622252,0.18993723644948476,0.18993723644948476,10000,0,evaluated
12,0.2781,2.20427890625,9.06371342373064,0.24455497155466852,0.2781,0.1920616252490345,0.2133628848937398,0.2133628848937398,10000,0,evaluated
13,0.3026,2.1811640625,8.856609907982547,0.26266618907470624,0.30260000000000004,0.22311960260004665,0.24075271345833116,0.24075271345833116,10000,0,evaluated
14,0.3293,2.1529953125,8.610611280558091,0.3014188163900496,0.3293,0.26020332876830615,0.2720001531581783,0.2720001531581783,10000,0,evaluated
15,0.3649,2.11924296875,8.324832942931257,0.3642155345392942,0.3649,0.30126571976168887,0.3135052774864006,0.3135052774864006,10000,0,evaluated
16,0.3868,2.0789015625,7.995681332661472,0.3870868003492214,0.3868,0.32083202133461464,0.33793981614444457,0.33793981614444457,10000,0,evaluated
17,0.4015,2.0318953125,7.628531116172424,0.40684626337193386,0.40149999999999997,0.3353057377271462,0.35440663490550417,0.35440663490550417,10000,0,evaluated
18,0.4099,1.97968515625,7.240463011735803,0.4184882519326886,0.40989999999999993,0.346505408976206,0.3619926097221879,0.3619926097221879,10000,0,evaluated
19,0.4096,1.92461484375,6.852508870945223,0.4280100952623956,0.4096,0.3471920558468924,0.36130571057236355,0.36130571057236355,10000,0,evaluated
20,0.4044,1.869021875,6.48195313712854,0.43062107367175095,0.40440000000000004,0.338409945067048,0.3555993420713643,0.3555993420713643,10000,0,evaluated
21,0.397,1.8145921875,6.138572280411282,0.42648740827989134,0.39699999999999996,0.3209384123835115,0.3468190651912968,0.3468190651912968,10000,0,evaluated
22,0.3975,1.76257265625,5.827410049281992,0.42458579001029395,0.3975,0.3150114878138257,0.34626520766521074,0.34626520766521074,10000,0,evaluated
23,0.4016,1.713824609375,5.55014808494801,0.4322788856229954,0.4016,0.31344106625101964,0.34991976937292885,0.34991976937292885,10000,0,evaluated
24,0.4114,1.667162109375,5.297113816869174,0.4467846164702521,0.4114,0.32577994972355667,0.3599099886630084,0.3599099886630084,10000,0,evaluated
25,0.4198,1.622139453125,5.063912739337572,0.44572687252272936,0.41979999999999995,0.3360424341594487,0.36871102694074415,0.36871102694074415,10000,0,evaluated
26,0.4318,1.580559765625,4.857674209373392,0.3481724617140632,0.4318000000000001,0.3501776676088476,0.3817949485566192,0.3817949485566192,10000,0,evaluated
27,0.4411,1.5425984375,4.676726678289693,0.3488381922871727,0.44109999999999994,0.36141426577990543,0.39193130110581753,0.39193130110581753,10000,0,evaluated
28,0.4514,1.5064947265625,4.510891142476056,0.3503826718385781,0.4514,0.3735720733510041,0.4032159236660631,0.4032159236660631,10000,0,evaluated
29,0.4614,1.4753267578125,4.372464276391903,0.3542520984811591,0.4614,0.3851050406723906,0.41426611273417363,0.41426611273417363,10000,0,evaluated
30,0.4712,1.4463615234375,4.247631457374622,0.358803526347999,0.47119999999999995,0.3953914129290335,0.4251284372989003,0.4251284372989003,10000,0,evaluated
31,0.4798,1.4210265625,4.141369633611457,0.3647274555582495,0.4798,0.40480661313978283,0.4348105806009233,0.4348105806009233,10000,0,evaluated
32,0.4841,1.4002015625,4.056017425469726,0.3671488618126169,0.48410000000000003,0.4094205224073225,0.43964309152069503,0.43964309152069503,10000,0,evaluated
33,0.4831,1.38244736328125,3.984641569511167,0.36806166133321766,0.48310000000000003,0.410082848037722,0.4387301937030407,0.4387301937030407,10000,0,evaluated
34,0.4852,1.37114033203125,3.9398408615762697,0.47084783422294657,0.48519999999999996,0.41312422096689627,0.4411132059199075,0.4411132059199075,10000,0,evaluated
35,0.4854,1.3594103515625,3.8938965946940343,0.47353919095363717,0.48539999999999994,0.41487520137394374,0.44146115167670913,0.44146115167670913,10000,0,evaluated
36,0.4844,1.3516912109375,3.8639547705497663,0.4477603635968542,0.48439999999999994,0.4170531873645783,0.4405061018841712,0.4405061018841712,10000,0,evaluated
37,0.4844,1.35371982421875,3.8718011965065577,0.45362612733757457,0.48440000000000005,0.422590335667745,0.44044022537560706,0.44044022537560706,10000,0,evaluated
38,0.4839,1.35058798828125,3.8596943186498174,0.4552177783233124,0.48389999999999994,0.4272132647104939,0.43986773244924915,0.43986773244924915,10000,0,evaluated
39,0.482,1.3522130859375,3.8659717982180246,0.4551370467054084,0.48199999999999993,0.42863666309285475,0.43812739971784137,0.43812739971784137,10000,0,evaluated
40,0.4843,1.3545642578125,3.8750720563228014,0.4569636080894532,0.4843,0.43392779031299755,0.44025424229836524,0.44025424229836524,10000,0,evaluated
41,0.4776,1.364656640625,3.914378782569878,0.4577172803791879,0.47759999999999997,0.4278712298097502,0.43352589917675566,0.43352589917675566,10000,0,evaluated
42,0.4757,1.3667158203125,3.9224474964629095,0.4582173844188989,0.47570000000000007,0.42938440687730495,0.4312620113281578,0.4312620113281578,10000,0,evaluated
43,0.4734,1.3741814453125,3.9518406009816918,0.4570813133252424,0.47339999999999993,0.42863652442123285,0.42858436367707214,0.42858436367707214,10000,0,evaluated
44,0.4704,1.380384765625,3.976431327272838,0.45614088594838514,0.4704,0.4260640649171273,0.4254174721549641,0.4254174721549641,10000,0,evaluated
45,0.4642,1.3883056640625,4.008053307876489,0.44857741926075134,0.46420000000000006,0.42056136953196,0.4183582956384979,0.4183582956384979,10000,0,evaluated
46,0.458,1.398934765625,4.050882528392677,0.4456435298062633,0.4579999999999999,0.4141633894770814,0.41169999763066656,0.41169999763066656,10000,0,evaluated
47,0.4561,1.4046708984375,4.074185699730501,0.44557943562639657,0.4561,0.41472067315344957,0.4097693877455735,0.4097693877455735,10000,0,evaluated
48,0.4504,1.4144673828125,4.114294538310363,0.43974848379433473,0.45039999999999997,0.4079736390337215,0.4030000905651395,0.4030000905651395,10000,0,evaluated
49,0.4498,1.41731923828125,4.126044658548099,0.4431343930416201,0.44980000000000003,0.40760932725500626,0.40287787107262224,0.40287787107262224,10000,0,evaluated
50,0.4448,1.42317880859375,4.150292478863252,0.44055562022836614,0.44480000000000003,0.40400367514260294,0.3976146423603441,0.3976146423603441,10000,0,evaluated
51,0.443,1.425440625,4.159690302552123,0.44030440151674866,0.44299999999999995,0.4018994900798264,0.3955972296559382,0.3955972296559382,10000,0,evaluated
52,0.4414,1.43484775390625,4.199005677909249,0.4423736341376873,0.44140000000000007,0.40026676454476134,0.3947503216895945,0.3947503216895945,10000,0,evaluated
53,0.4381,1.44222060546875,4.23007873122937,0.4378518727969743,0.43810000000000004,0.3953812818034081,0.3898904902768557,0.3898904902768557,10000,0,evaluated
54,0.4397,1.44022353515625,4.221639396353139,0.44154294726572363,0.43970000000000004,0.3962929691790584,0.39203622633138707,0.39203622633138707,10000,0,evaluated
55,0.4402,1.4427595703125,4.232359209445386,0.44086758186521263,0.4402000000000001,0.39751601772164735,0.3923401436135969,0.3923401436135969,10000,0,evaluated
56,0.4369,1.45175732421875,4.270612776061691,0.44284516311721056,0.43690000000000007,0.39393498790932807,0.38906152256359516,0.38906152256359516,10000,0,evaluated
57,0.4382,1.4461578125,4.246766256516717,0.44295237527471104,0.43820000000000003,0.395254687590409,0.39042609507314224,0.39042609507314224,10000,0,evaluated
58,0.4345,1.45080166015625,4.266533454447756,0.443672096260254,0.4345,0.39294155841698025,0.38718694943026133,0.38718694943026133,10000,0,evaluated
59,0.4332,1.45115888671875,4.2680578457878084,0.4429800247442725,0.4332,0.39201528492657484,0.38580715705629315,0.38580715705629315,10000,0,evaluated
60,0.4317,1.4584169921875,4.299148553107343,0.4441489336483456,0.4316999999999999,0.3906928955219263,0.3845992253065187,0.3845992253065187,10000,0,evaluated
61,0.4374,1.45626337890625,4.289899812365429,0.4461273498102756,0.43739999999999996,0.39436936123974464,0.3896984283960083,0.3896984283960083,10000,0,evaluated
62,0.4351,1.4618060546875,4.313743353626832,0.44575124795883114,0.4351000000000001,0.39149750501387975,0.3876344938199489,0.3876344938199489,10000,0,evaluated
63,0.4365,1.45953427734375,4.303954612339603,0.44844216320978714,0.4365,0.394189495567524,0.3893410716686974,0.3893410716686974,10000,0,evaluated
64,0.4359,1.45860830078125,4.299971095848599,0.44635332089246677,0.4359,0.3915188861242032,0.38819864201229365,0.38819864201229365,10000,0,evaluated
65,0.4359,1.4567390625,4.291940932750255,0.4482104810567048,0.4359,0.3927823669928968,0.3888132578345887,0.3888132578345887,10000,0,evaluated
66,0.4361,1.45310087890625,4.276354434127563,0.4487427350732898,0.4361,0.39353228613861124,0.3894419079759888,0.3894419079759888,10000,0,evaluated
67,0.4391,1.44973056640625,4.261966043629783,0.45050660122643543,0.4391,0.39561527940061986,0.39258753829135246,0.39258753829135246,10000,0,evaluated
68,0.4373,1.453454833984375,4.277868339406809,0.45288992894775015,0.4373,0.39471132015366045,0.3918752063475438,0.3918752063475438,10000,0,evaluated
69,0.4435,1.44338359375,4.235001125010884,0.4526483013011086,0.44349999999999995,0.40016450663045156,0.3969954308160854,0.3969954308160854,10000,0,evaluated
70,0.4412,1.451511865234375,4.269564644428946,0.4531038314748582,0.4412,0.3973716301251418,0.39524068439265087,0.39524068439265087,10000,0,evaluated
71,0.4416,1.448248876953125,4.255655809551459,0.45286023059419067,0.44160000000000005,0.3997808433028549,0.396033382671468,0.396033382671468,10000,0,evaluated
72,0.4425,1.443989599609375,4.237568338301683,0.4537244380832652,0.4425,0.39895213593975415,0.39665083395781525,0.39665083395781525,10000,0,evaluated
73,0.4454,1.44240751953125,4.230869466327172,0.45695856937279594,0.44539999999999996,0.40348759856673044,0.3999534355758057,0.3999534355758057,10000,0,evaluated
74,0.4462,1.438460546875,4.214203252413058,0.45989881191058535,0.4462,0.40517152549060304,0.40207155065644606,0.40207155065644606,10000,0,evaluated
75,0.4485,1.431458837890625,4.184799685371519,0.45724308545244086,0.44849999999999995,0.4064205536360352,0.40307009361205687,0.40307009361205687,10000,0,evaluated
76,0.4488,1.437904541015625,4.211860781986107,0.45919671631149067,0.4488,0.4063928152596182,0.4038420027616389,0.4038420027616389,10000,0,evaluated
77,0.4505,1.432938134765625,4.1909948275660875,0.46020546234730747,0.4505,0.40967604449865413,0.4061631531852586,0.4061631531852586,10000,0,evaluated
78,0.4564,1.419716748046875,4.135948758754749,0.4617837905182477,0.4564000000000001,0.4135415813831279,0.4116900041791826,0.4116900041791826,10000,0,evaluated
79,0.4554,1.424265234375,4.154803913837905,0.4649880813268571,0.4554,0.41304973267930556,0.41182809154198985,0.41182809154198985,10000,0,evaluated
80,0.4593,1.411738671875,4.103083121118492,0.464659414936909,0.4593,0.41752744738856135,0.4151814892864104,0.4151814892864104,10000,0,evaluated
81,0.4573,1.416811767578125,4.123951342957192,0.4680872388537609,0.45730000000000004,0.417221974213197,0.41425254011886603,0.41425254011886603,10000,0,evaluated
82,0.4615,1.4106638671875,4.098675477249169,0.46509986828427863,0.4615,0.41881612052665435,0.41722517890645594,0.41722517890645594,10000,0,evaluated
83,0.4634,1.405709423828125,4.078419042862473,0.46734685722345953,0.46340000000000003,0.4219606437644332,0.419695085942801,0.419695085942801,10000,0,evaluated
84,0.4674,1.39786982421875,4.046570872094485,0.4698558884114831,0.46740000000000004,0.42662114535565676,0.42394621648889635,0.42394621648889635,10000,0,evaluated
85,0.4684,1.396169287109375,4.039695375835934,0.4690830258129292,0.46840000000000004,0.4275183429216566,0.42452008581781064,0.42452008581781064,10000,0,evaluated
86,0.4682,1.391084619140625,4.01920699859459,0.47154489602691463,0.46820000000000006,0.42756403286264666,0.4253768556487062,0.4253768556487062,10000,0,evaluated
87,0.468,1.386151513671875,3.999428651016781,0.47360039130875436,0.4680000000000001,0.4276446252950074,0.42574339287738705,0.42574339287738705,10000,0,evaluated
88,0.4709,1.383034033203125,3.9869799247237188,0.4751230068119594,0.47090000000000004,0.4299929236182587,0.42875881778108416,0.42875881778108416,10000,0,evaluated
89,0.4692,1.374821142578125,3.9543693913522335,0.4751452625282894,0.46919999999999995,0.4290782835312972,0.4271185719715339,0.4271185719715339,10000,0,evaluated
90,0.4769,1.367107373046875,3.923983642227003,0.47535356399561846,0.4769,0.43608108250337113,0.4343593518040332,0.4343593518040332,10000,0,evaluated
91,0.4752,1.366457861328125,3.92143579638463,0.4765339129548577,0.47520000000000007,0.4355096986895317,0.432988032818534,0.432988032818534,10000,0,evaluated
92,0.4771,1.3654918701171874,3.917649552904453,0.4812003828903257,0.4771000000000001,0.437454213636103,0.43639196201829666,0.43639196201829666,10000,0,evaluated
93,0.4779,1.36130908203125,3.9012970783390934,0.4788741285317458,0.4779,0.43903849933232725,0.4362103941298015,0.4362103941298015,10000,0,evaluated
94,0.4844,1.3504661865234375,3.859224229726597,0.48271810712644714,0.48439999999999994,0.44444895494079273,0.4437039922979627,0.4437039922979627,10000,0,evaluated
95,0.4815,1.3534491943359375,3.870753513176077,0.4831320608634296,0.48150000000000004,0.4418321902149887,0.44080629651615627,0.44080629651615627,10000,0,evaluated
96,0.4902,1.329384765625,3.7787178751443267,0.48239581578601987,0.4902,0.44955139602355826,0.44866452564122544,0.44866452564122544,10000,0,evaluated
97,0.4858,1.3466176025390626,3.844400225174474,0.48369357246007655,0.48580000000000007,0.4455837953742253,0.44490661626691963,0.44490661626691963,10000,0,evaluated
98,0.4891,1.3252154052734375,3.7629958368529257,0.4877240382040898,0.4891,0.4496136242493488,0.44924719731605894,0.44924719731605894,10000,0,evaluated
99,0.4906,1.3307381103515625,3.783835245055556,0.4862468222837576,0.4906,0.4502826459250577,0.449969335542429,0.449969335542429,10000,0,evaluated
100,0.4911,1.3247644775390626,3.761299380184178,0.4880544884978054,0.4911,0.45156669765091006,0.4512535455753942,0.4512535455753942,10000,0,evaluated
