Config,{"general": {"device": "cuda:0", "training_rounds": 100, "train_optimization": {"cudnn_benchmark": true, "pin_memory": true, "fused_optimizer": false, "torch_compile": false, "non_blocking_transfer": true}}, "dataset": "fmnist", "model": "simple_lora_mlp", "loss_function": "CrossEntropyLoss", "aggregation": "sp_plus", "client_selection": {"method": "random", "round": 1, "client_selection_round": 1, "number": 10, "random_seed": 42}, "hyperparameters": {"training_rounds": 100, "local_epochs": 5, "selected_clients": 10, "client_selection_round": 1, "client_selection_method": "random", "optimizer": "SGD", "lr": 0.01, "momentum": 0.0, "weight_decay": 0.0001, "nesterov": false, "batch_size": 64, "shuffle": true, "trainer_type": "standard", "rank_ratio_list": [0.7, 0.9, 0.1, 0.2, 0.5, 1.0, 0.6, 0.4, 0.8, 0.3]}, "effective_yaml": {"server_yaml": {"role": "server", "general": {"device": "cuda:0", "training_rounds": 100, "train_optimization": {"cudnn_benchmark": true, "pin_memory": true, "fused_optimizer": false, "torch_compile": false, "non_blocking_transfer": true}}, "training_logger": {"name": "train", "path": "./experiment_results/", "prefix": "fmnist_dirichlet_0_8_rho_zero_rbla_plus_", "save_weights": false}, "data_loader": {"name": "fmnist", "root": "../.dataset", "split": "", "batch_size": 64, "shuffle": true, "num_workers": 0, "is_download": true, "is_load_train_set": true, "is_load_test_set": true, "task_type": "cv"}, "nn_model": {"name": "simple_lora_mlp", "input_dim": 0, "hidden_dim": 0, "output_dim": 0, "softmax_dim": 1, "lora_mode": "standard", "rank_ratio": 1.0, "cap_lora_rank_to_matrix_dim": true, "share_model": false}, "loss_func": {"type": "CrossEntropyLoss", "reduction": "mean", "weight": "None"}, "optimizer": {"type": "SGD", "lr": 0.01, "weight_decay": 0.0001, "momentum": 0.0, "nesterov": false, "betas": [0.9, 0.999], "amsgrad": false, "eps": "1e-8", "alpha": "None", "centered": "None"}, "training": {"epochs": 5, "batch_size": 64, "shuffle": true, "lr": 0.01}, "trainer": {"trainer_type": "standard", "save_path": "./.training_results/"}, "data_distribution": {"use": "fmnist_dirichlet_0_8", "custom_define": {"fmnist_dirichlet_0_8": [[145, 417, 238, 145, 918, 158, 158, 65, 1510, 1157], [1014, 477, 50, 955, 1160, 136, 519, 218, 683, 78], [56, 556, 209, 112, 5, 2017, 1610, 55, 470, 343], [241, 34, 130, 81, 152, 685, 416, 568, 250, 373], [527, 298, 1164, 1286, 697, 187, 42, 2864, 18, 889], [1196, 1182, 767, 293, 730, 272, 18, 462, 324, 1725], [8, 785, 621, 2097, 559, 1775, 385, 370, 450, 95], [341, 1431, 1302, 113, 861, 291, 401, 445, 1721, 1018], [738, 301, 265, 61, 232, 216, 1707, 941, 453, 233], [1734, 519, 1254, 857, 686, 263, 744, 12, 121, 89]]}}, "client_selection": {"method": "random", "round": 1, "client_selection_round": 1, "number": 10, "random_seed": 42}, "strategy": {"role": "server", "strategy_name": "sp_plus"}, "aggregation": {"method": "sp_plus", "device": "cpu", "is_wbab": false, "pad_mode": "nan"}, "canonicalization": {"enabled": true, "start_round": 0, "interval": 1, "deterministic_sign": true, "svd_fallback": true, "log_diagnostics": true, "ordering": "singular_value", "activation_chunk_size": 4096, "activation_fallback": true}, "rank_distribution": {"rank_ratio_list": [0.7, 0.9, 0.1, 0.2, 0.5, 1.0, 0.6, 0.4, 0.8, 0.3]}, "lora_inference": {"device": "cpu", "lora_mode": "standard", "scaling": 0.5, "rank_ratio": 1, "use_bias": true, "alpha": 0}}, "client_yamls": [{"index": 0, "node_id": "client.1", "yaml": {"role": "client", "training_logger": {"name": "train", "path": "./experiment_results/", "prefix": "", "save_weights": false}, "data_loader": {"name": "fmnist", "root": "../.dataset", "split": "", "batch_size": 64, "shuffle": true, "num_workers": 0, "is_download": true, "is_load_train_set": true, "is_load_test_set": true, "task_type": "cv"}, "nn_model": {"name": "simple_lora_mlp", "input_dim": 0, "hidden_dim": 0, "output_dim": 0, "softmax_dim": 1, "lora_mode": "standard", "rank_ratio": 0.7, "cap_lora_rank_to_matrix_dim": true, "share_model": false}, "loss_func": {"type": "CrossEntropyLoss", "reduction": "mean", "weight": "None"}, "optimizer": {"type": "SGD", "lr": 0.01, "weight_decay": 0.0001, "momentum": 0.0, "nesterov": false, "betas": [0.9, 0.999], "amsgrad": false, "eps": "1e-8", "alpha": "None", "centered": "None"}, "training": {"epochs": 5, "batch_size": 64, "shuffle": true, "lr": 0.01}, "trainer": {"trainer_type": "standard", "save_path": "./.training_results/"}, "strategy": {"role": "client", "strategy_name": "sp_plus"}}}, {"index": 1, "node_id": "client.2", "yaml": {"role": "client", "training_logger": {"name": "train", "path": "./experiment_results/", "prefix": "", "save_weights": false}, "data_loader": {"name": "fmnist", "root": "../.dataset", "split": "", "batch_size": 64, "shuffle": true, "num_workers": 0, "is_download": true, "is_load_train_set": true, "is_load_test_set": true, "task_type": "cv"}, "nn_model": {"name": "simple_lora_mlp", "input_dim": 0, "hidden_dim": 0, "output_dim": 0, "softmax_dim": 1, "lora_mode": "standard", "rank_ratio": 0.9, "cap_lora_rank_to_matrix_dim": true, "share_model": false}, "loss_func": {"type": "CrossEntropyLoss", "reduction": "mean", "weight": "None"}, "optimizer": {"type": "SGD", "lr": 0.01, "weight_decay": 0.0001, "momentum": 0.0, "nesterov": false, "betas": [0.9, 0.999], "amsgrad": false, "eps": "1e-8", "alpha": "None", "centered": "None"}, "training": {"epochs": 5, "batch_size": 64, "shuffle": true, "lr": 0.01}, "trainer": {"trainer_type": "standard", "save_path": "./.training_results/"}, "strategy": {"role": "client", "strategy_name": "sp_plus"}}}, {"index": 2, "node_id": "client.3", "yaml": {"role": "client", "training_logger": {"name": "train", "path": "./experiment_results/", "prefix": "", "save_weights": false}, "data_loader": {"name": "fmnist", "root": "../.dataset", "split": "", "batch_size": 64, "shuffle": true, "num_workers": 0, "is_download": true, "is_load_train_set": true, "is_load_test_set": true, "task_type": "cv"}, "nn_model": {"name": "simple_lora_mlp", "input_dim": 0, "hidden_dim": 0, "output_dim": 0, "softmax_dim": 1, "lora_mode": "standard", "rank_ratio": 0.1, "cap_lora_rank_to_matrix_dim": true, "share_model": false}, "loss_func": {"type": "CrossEntropyLoss", "reduction": "mean", "weight": "None"}, "optimizer": {"type": "SGD", "lr": 0.01, "weight_decay": 0.0001, "momentum": 0.0, "nesterov": false, "betas": [0.9, 0.999], "amsgrad": false, "eps": "1e-8", "alpha": "None", "centered": "None"}, "training": {"epochs": 5, "batch_size": 64, "shuffle": true, "lr": 0.01}, "trainer": {"trainer_type": "standard", "save_path": "./.training_results/"}, "strategy": {"role": "client", "strategy_name": "sp_plus"}}}, {"index": 3, "node_id": "client.4", "yaml": {"role": "client", "training_logger": {"name": "train", "path": "./experiment_results/", "prefix": "", "save_weights": false}, "data_loader": {"name": "fmnist", "root": "../.dataset", "split": "", "batch_size": 64, "shuffle": true, "num_workers": 0, "is_download": true, "is_load_train_set": true, "is_load_test_set": true, "task_type": "cv"}, "nn_model": {"name": "simple_lora_mlp", "input_dim": 0, "hidden_dim": 0, "output_dim": 0, "softmax_dim": 1, "lora_mode": "standard", "rank_ratio": 0.2, "cap_lora_rank_to_matrix_dim": true, "share_model": false}, "loss_func": {"type": "CrossEntropyLoss", "reduction": "mean", "weight": "None"}, "optimizer": {"type": "SGD", "lr": 0.01, "weight_decay": 0.0001, "momentum": 0.0, "nesterov": false, "betas": [0.9, 0.999], "amsgrad": false, "eps": "1e-8", "alpha": "None", "centered": "None"}, "training": {"epochs": 5, "batch_size": 64, "shuffle": true, "lr": 0.01}, "trainer": {"trainer_type": "standard", "save_path": "./.training_results/"}, "strategy": {"role": "client", "strategy_name": "sp_plus"}}}, {"index": 4, "node_id": "client.5", "yaml": {"role": "client", "training_logger": {"name": "train", "path": "./experiment_results/", "prefix": "", "save_weights": false}, "data_loader": {"name": "fmnist", "root": "../.dataset", "split": "", "batch_size": 64, "shuffle": true, "num_workers": 0, "is_download": true, "is_load_train_set": true, "is_load_test_set": true, "task_type": "cv"}, "nn_model": {"name": "simple_lora_mlp", "input_dim": 0, "hidden_dim": 0, "output_dim": 0, "softmax_dim": 1, "lora_mode": "standard", "rank_ratio": 0.5, "cap_lora_rank_to_matrix_dim": true, "share_model": false}, "loss_func": {"type": "CrossEntropyLoss", "reduction": "mean", "weight": "None"}, "optimizer": {"type": "SGD", "lr": 0.01, "weight_decay": 0.0001, "momentum": 0.0, "nesterov": false, "betas": [0.9, 0.999], "amsgrad": false, "eps": "1e-8", "alpha": "None", "centered": "None"}, "training": {"epochs": 5, "batch_size": 64, "shuffle": true, "lr": 0.01}, "trainer": {"trainer_type": "standard", "save_path": "./.training_results/"}, "strategy": {"role": "client", "strategy_name": "sp_plus"}}}, {"index": 5, "node_id": "client.6", "yaml": {"role": "client", "training_logger": {"name": "train", "path": "./experiment_results/", "prefix": "", "save_weights": false}, "data_loader": {"name": "fmnist", "root": "../.dataset", "split": "", "batch_size": 64, "shuffle": true, "num_workers": 0, "is_download": true, "is_load_train_set": true, "is_load_test_set": true, "task_type": "cv"}, "nn_model": {"name": "simple_lora_mlp", "input_dim": 0, "hidden_dim": 0, "output_dim": 0, "softmax_dim": 1, "lora_mode": "standard", "rank_ratio": 1.0, "cap_lora_rank_to_matrix_dim": true, "share_model": false}, "loss_func": {"type": "CrossEntropyLoss", "reduction": "mean", "weight": "None"}, "optimizer": {"type": "SGD", "lr": 0.01, "weight_decay": 0.0001, "momentum": 0.0, "nesterov": false, "betas": [0.9, 0.999], "amsgrad": false, "eps": "1e-8", "alpha": "None", "centered": "None"}, "training": {"epochs": 5, "batch_size": 64, "shuffle": true, "lr": 0.01}, "trainer": {"trainer_type": "standard", "save_path": "./.training_results/"}, "strategy": {"role": "client", "strategy_name": "sp_plus"}}}, {"index": 6, "node_id": "client.7", "yaml": {"role": "client", "training_logger": {"name": "train", "path": "./experiment_results/", "prefix": "", "save_weights": false}, "data_loader": {"name": "fmnist", "root": "../.dataset", "split": "", "batch_size": 64, "shuffle": true, "num_workers": 0, "is_download": true, "is_load_train_set": true, "is_load_test_set": true, "task_type": "cv"}, "nn_model": {"name": "simple_lora_mlp", "input_dim": 0, "hidden_dim": 0, "output_dim": 0, "softmax_dim": 1, "lora_mode": "standard", "rank_ratio": 0.6, "cap_lora_rank_to_matrix_dim": true, "share_model": false}, "loss_func": {"type": "CrossEntropyLoss", "reduction": "mean", "weight": "None"}, "optimizer": {"type": "SGD", "lr": 0.01, "weight_decay": 0.0001, "momentum": 0.0, "nesterov": false, "betas": [0.9, 0.999], "amsgrad": false, "eps": "1e-8", "alpha": "None", "centered": "None"}, "training": {"epochs": 5, "batch_size": 64, "shuffle": true, "lr": 0.01}, "trainer": {"trainer_type": "standard", "save_path": "./.training_results/"}, "strategy": {"role": "client", "strategy_name": "sp_plus"}}}, {"index": 7, "node_id": "client.8", "yaml": {"role": "client", "training_logger": {"name": "train", "path": "./experiment_results/", "prefix": "", "save_weights": false}, "data_loader": {"name": "fmnist", "root": "../.dataset", "split": "", "batch_size": 64, "shuffle": true, "num_workers": 0, "is_download": true, "is_load_train_set": true, "is_load_test_set": true, "task_type": "cv"}, "nn_model": {"name": "simple_lora_mlp", "input_dim": 0, "hidden_dim": 0, "output_dim": 0, "softmax_dim": 1, "lora_mode": "standard", "rank_ratio": 0.4, "cap_lora_rank_to_matrix_dim": true, "share_model": false}, "loss_func": {"type": "CrossEntropyLoss", "reduction": "mean", "weight": "None"}, "optimizer": {"type": "SGD", "lr": 0.01, "weight_decay": 0.0001, "momentum": 0.0, "nesterov": false, "betas": [0.9, 0.999], "amsgrad": false, "eps": "1e-8", "alpha": "None", "centered": "None"}, "training": {"epochs": 5, "batch_size": 64, "shuffle": true, "lr": 0.01}, "trainer": {"trainer_type": "standard", "save_path": "./.training_results/"}, "strategy": {"role": "client", "strategy_name": "sp_plus"}}}, {"index": 8, "node_id": "client.9", "yaml": {"role": "client", "training_logger": {"name": "train", "path": "./experiment_results/", "prefix": "", "save_weights": false}, "data_loader": {"name": "fmnist", "root": "../.dataset", "split": "", "batch_size": 64, "shuffle": true, "num_workers": 0, "is_download": true, "is_load_train_set": true, "is_load_test_set": true, "task_type": "cv"}, "nn_model": {"name": "simple_lora_mlp", "input_dim": 0, "hidden_dim": 0, "output_dim": 0, "softmax_dim": 1, "lora_mode": "standard", "rank_ratio": 0.8, "cap_lora_rank_to_matrix_dim": true, "share_model": false}, "loss_func": {"type": "CrossEntropyLoss", "reduction": "mean", "weight": "None"}, "optimizer": {"type": "SGD", "lr": 0.01, "weight_decay": 0.0001, "momentum": 0.0, "nesterov": false, "betas": [0.9, 0.999], "amsgrad": false, "eps": "1e-8", "alpha": "None", "centered": "None"}, "training": {"epochs": 5, "batch_size": 64, "shuffle": true, "lr": 0.01}, "trainer": {"trainer_type": "standard", "save_path": "./.training_results/"}, "strategy": {"role": "client", "strategy_name": "sp_plus"}}}, {"index": 9, "node_id": "client.10", "yaml": {"role": "client", "training_logger": {"name": "train", "path": "./experiment_results/", "prefix": "", "save_weights": false}, "data_loader": {"name": "fmnist", "root": "../.dataset", "split": "", "batch_size": 64, "shuffle": true, "num_workers": 0, "is_download": true, "is_load_train_set": true, "is_load_test_set": true, "task_type": "cv"}, "nn_model": {"name": "simple_lora_mlp", "input_dim": 0, "hidden_dim": 0, "output_dim": 0, "softmax_dim": 1, "lora_mode": "standard", "rank_ratio": 0.3, "cap_lora_rank_to_matrix_dim": true, "share_model": false}, "loss_func": {"type": "CrossEntropyLoss", "reduction": "mean", "weight": "None"}, "optimizer": {"type": "SGD", "lr": 0.01, "weight_decay": 0.0001, "momentum": 0.0, "nesterov": false, "betas": [0.9, 0.999], "amsgrad": false, "eps": "1e-8", "alpha": "None", "centered": "None"}, "training": {"epochs": 5, "batch_size": 64, "shuffle": true, "lr": 0.01}, "trainer": {"trainer_type": "standard", "save_path": "./.training_results/"}, "strategy": {"role": "client", "strategy_name": "sp_plus"}}}]}, "effective_client_rank_ratios": [0.7, 0.9, 0.1, 0.2, 0.5, 1.0, 0.6, 0.4, 0.8, 0.3], "effective_client_share_model": [false, false, false, false, false, false, false, false, false, false], "rank_distribution": {"rank_ratio_list": [0.7, 0.9, 0.1, 0.2, 0.5, 1.0, 0.6, 0.4, 0.8, 0.3]}, "rank_ratio_list": [0.7, 0.9, 0.1, 0.2, 0.5, 1.0, 0.6, 0.4, 0.8, 0.3], "rank_ratio_list_str": "[0.7, 0.9, 0.1, 0.2, 0.5, 1.0, 0.6, 0.4, 0.8, 0.3]", "epoch": 5, "batch_size": 64}

round,accuracy,average_loss,perplexity,precision,recall,f1_score,matthews_correlation,mcc,total_test_samples,canonicalization_layer_count,canonicalization_mean_effective_rank,canonicalization_maximum_singular_value,canonicalization_minimum_singular_value,canonicalization_maximum_core_reconstruction_error,canonicalization_maximum_factor_balance_error
0,0.1508,2.294409375,9.918576122934512,0.08838890904838197,0.1508,0.08676287484375318,0.06146173671608777,0.06146173671608777,10000,3.0,13.044346650441488,0.013462052680552006,2.0340253092943072e-10,1.0620915418257937e-06,1.239737343894376e-06
1,0.1596,2.2886046875,9.86116866546369,0.11090160098221855,0.15960000000000002,0.12385015618774668,0.06866493465527766,0.06866493465527766,10000,3.0,12.827550729115805,0.015081661753356457,2.032021634290615e-10,1.0651679076545406e-06,1.3024572353970143e-06
2,0.1724,2.2838171875,9.81407115011199,0.14827346101846303,0.1724,0.13493665812458683,0.08709554111825747,0.08709554111825747,10000,3.0,12.5797332127889,0.01755768433213234,2.0300269798489978e-10,1.0253281743644038e-06,1.0425330856378423e-06
3,0.1814,2.27945,9.771304713755516,0.19323045936637456,0.18139999999999998,0.13804330951604474,0.10113329238605959,0.10113329238605959,10000,3.0,12.302151679992676,0.021275674924254417,2.0280502277536527e-10,1.4335049627334229e-06,1.1046413419535384e-06
4,0.1927,2.27525,9.730351296335831,0.22759968401051478,0.19270000000000004,0.14416366736995356,0.11639733047195831,0.11639733047195831,10000,3.0,11.997722307840982,0.026816286146640778,2.0260960964524344e-10,9.42351107369177e-07,9.253247981177992e-07
5,0.2072,2.2710234375,9.689312146793167,0.25424728197972135,0.2072,0.15406167812322574,0.1343611662060168,0.1343611662060168,10000,3.0,11.67190408706665,0.035003308206796646,2.0241715248392467e-10,1.041654741129605e-06,1.1612820571826887e-06
6,0.2235,2.2669921875,9.650330731906283,0.2753943108612491,0.22349999999999998,0.1662105644929857,0.15367074757758944,0.15367074757758944,10000,3.0,11.331406911214193,0.04702865332365036,2.022282757918603e-10,1.1917601341338013e-06,8.657602279527055e-07
7,0.2391,2.26265,9.60851803142079,0.2855090460541787,0.23910000000000003,0.1784968726882275,0.1717496471559701,0.1717496471559701,10000,3.0,10.983257373174032,0.0646272674202919,2.0204363182507734e-10,9.104796276915295e-07,9.211869382852456e-07
8,0.2568,2.2585703125,9.56939813325305,0.302940604546,0.25680000000000003,0.19300694508821914,0.19259628959093006,0.19259628959093006,10000,3.0,10.633706331253052,0.09030219167470932,2.0186396998411738e-10,5.733346597480704e-07,1.0712230960052693e-06
9,0.2763,2.253928125,9.525078143298957,0.314233133589518,0.2763,0.20841720915585915,0.21504609785236184,0.21504609785236184,10000,3.0,10.28649671872457,0.12772147357463837,2.0169019232518792e-10,9.299952807850786e-07,1.286691826862807e-06
10,0.2915,2.2487984375,9.47634257499621,0.324754919496141,0.29150000000000004,0.21985958150690008,0.2326908720685452,0.2326908720685452,10000,3.0,9.943391799926758,0.18216092884540558,2.0152347846025265e-10,7.571720175292285e-07,1.0800372365338262e-06
11,0.3104,2.242690625,9.418639251290166,0.3428921375032243,0.3104,0.2339179367487997,0.25483219219785974,0.25483219219785974,10000,3.0,9.603626728057861,0.2612188756465912,2.0136578515739245e-10,1.0399780876468867e-06,1.0986783536282019e-06
12,0.3255,2.2352546875,9.348862587452249,0.35413193429082845,0.3255,0.24487825546236222,0.2721338023362092,0.2721338023362092,10000,3.0,9.265085617701212,0.3756662905216217,2.0121931898486878e-10,9.924183359544259e-07,9.38333869271446e-07
13,0.3413,2.2258640625,9.261481846730936,0.3703489127073873,0.34130000000000005,0.2571388409706871,0.2902135879204711,0.2902135879204711,10000,3.0,8.924203554789225,0.5406510829925537,2.0108749387848235e-10,1.187624206977489e-06,1.0161597856495064e-06
14,0.3552,2.21393828125,9.151687433535761,0.38741814014104226,0.3552,0.26784575416791473,0.3061690688431718,0.3061690688431718,10000,3.0,8.576913515726725,0.7763146162033081,2.009739458186388e-10,6.803555265832983e-07,9.606856110622175e-07
15,0.3641,2.19832734375,9.009930372158117,0.39655880549867184,0.3641,0.27473430603586974,0.31609576073425727,0.31609576073425727,10000,3.0,8.218531131744385,1.1078853607177734,2.0088367080894898e-10,9.023708003041975e-07,8.866983876032464e-07
16,0.3676,2.1778953125,8.827707128061613,0.4041745675071338,0.36760000000000004,0.27719417125238177,0.32009009027383856,0.32009009027383856,10000,3.0,7.84373398621877,1.5644514560699463,2.008220811866579e-10,7.379654221040255e-07,1.1088458222729969e-06
17,0.3693,2.1515890625,8.598511118365392,0.40840193588254314,0.3693000000000001,0.27888884284863047,0.32162785249344256,0.32162785249344256,10000,3.0,7.449807643890381,2.175388813018799,2.0079571338982305e-10,8.470459533782559e-07,7.393879855044361e-07
18,0.3688,2.118296875,8.316960595090908,0.4090474196465544,0.36879999999999996,0.27928932430729275,0.32023043233655685,0.32023043233655685,10000,3.0,7.037636041641235,2.969127655029297,2.00810881811897e-10,8.153016892720188e-07,5.041754889134609e-07
19,0.3679,2.07781171875,7.986972036082347,0.40363074157985795,0.3679,0.27826674418223935,0.3180368519472932,0.3180368519472932,10000,3.0,6.614903688430786,3.969172477722168,2.008742755466031e-10,8.463504173050751e-07,7.803721473464975e-07
20,0.3715,2.0305859375,7.618549044805691,0.4009270687576915,0.3715,0.28529694060181165,0.3204926044361609,0.3204926044361609,10000,3.0,6.195626537005107,5.188070297241211,2.009907934530375e-10,7.392656016236288e-07,8.425415671808878e-07
21,0.3739,1.97815546875,7.229395832793231,0.4048042447790242,0.3739,0.2891871332920307,0.322202472165089,0.322202472165089,10000,3.0,5.797881801923116,6.621765613555908,2.0116405763381806e-10,1.0707096862461185e-06,9.930497526511317e-07
22,0.3784,1.923409375,6.844253362520623,0.4049266706203503,0.3784,0.294605652393095,0.32699232453676225,0.32699232453676225,10000,3.0,5.438454190889995,8.234728813171387,2.0139531708984748e-10,1.0819427416208782e-06,7.408188480440003e-07
23,0.3841,1.86743515625,6.471676255965408,0.4026747454001267,0.3841,0.2993642412474339,0.3343549498117847,0.3343549498117847,10000,3.0,5.1283068259557085,9.969160079956055,2.016851685660015e-10,1.353951802229858e-06,7.12908558853087e-07
24,0.3912,1.812990625,6.128748841768673,0.39848603613929734,0.3912,0.30651759789509886,0.3432286027057516,0.3432286027057516,10000,3.0,4.869849960009257,11.758756637573242,2.020314748829577e-10,1.3479384506354108e-06,5.588346994045423e-07
25,0.4003,1.7612,5.819416505905281,0.41006662274404543,0.4003,0.3172268809698207,0.35399871234482816,0.35399871234482816,10000,3.0,4.6580127875010175,13.549295425415039,2.0243097476058125e-10,1.206527372232813e-06,5.670792688761139e-07
26,0.408,1.7107578125,5.533152981730278,0.41208876143885664,0.40800000000000003,0.3253220827810481,0.3627383237905879,0.3627383237905879,10000,3.0,4.484698971112569,15.304476737976074,2.0287910240668339e-10,2.1713340174756013e-06,8.604887398178107e-07
27,0.4145,1.6621921875,5.270852886476556,0.4220782220324705,0.41450000000000004,0.3326299012449641,0.370204651896749,0.370204651896749,10000,3.0,4.342285950978597,17.001070022583008,2.033703622172922e-10,1.992601028177887e-06,5.604766784017556e-07
28,0.4241,1.61539921875,5.029895551315372,0.4420552245528772,0.4241,0.34527908188119394,0.38045134744089576,0.38045134744089576,10000,3.0,4.224538803100586,18.6301212310791,2.0389395727349324e-10,1.517520786364912e-06,1.2241572449056548e-06
29,0.4374,1.571107421875,4.8119741296150185,0.4622010109118471,0.43739999999999996,0.3626071499134695,0.39475116297332874,0.39475116297332874,10000,3.0,4.126105825106303,20.191425323486328,2.0444250459217272e-10,1.683966047494323e-06,8.695293445271091e-07
30,0.4503,1.52840234375,4.610804454059295,0.47192886878656726,0.4502999999999999,0.3821057683976622,0.40770004526797604,0.40770004526797604,10000,3.0,4.041829824447632,21.694461822509766,2.0500445785387456e-10,1.7020693121594377e-06,4.261382855474949e-07
31,0.4617,1.4891359375,4.4332632470564475,0.49652304291488775,0.4617,0.3995080628449721,0.41868071629552445,0.41868071629552445,10000,3.0,3.968011418978373,23.146116256713867,2.0557100466334077e-10,1.8175122704633395e-06,5.500040742845158e-07
32,0.4763,1.45271171875,4.274690571143386,0.4962853599762127,0.4763,0.41976621665316394,0.43381410028330003,0.43381410028330003,10000,3.0,3.901453415552775,24.55614471435547,2.0613161177962525e-10,2.022118906097603e-06,6.070447966521897e-07
33,0.4897,1.418759765625,4.131992621773543,0.515011774013977,0.4896999999999999,0.437937082015484,0.44706824387655686,0.44706824387655686,10000,3.0,3.8406700690587363,25.93316650390625,2.066792292865216e-10,2.0850777673331322e-06,5.917713110648037e-07
34,0.4992,1.38888515625,4.0103766165600865,0.5234051286986442,0.4992,0.452185537266452,0.45632383347773925,0.45632383347773925,10000,3.0,3.783460179964701,27.28386878967285,2.0720740401269921e-10,1.7293368728132918e-06,3.342321974741935e-07
35,0.5158,1.3613689453125,3.901530629773842,0.5395363069120169,0.5157999999999999,0.4746779025131761,0.47318326425125595,0.47318326425125595,10000,3.0,3.7292549212773642,28.610076904296875,2.0771027953170318e-10,1.92306151802768e-06,7.84013479915302e-07
36,0.5245,1.3360869140625,3.804128460888081,0.5403439836395333,0.5245,0.48688072108857205,0.48172870917561456,0.48172870917561456,10000,3.0,3.6773682832717896,29.916208267211914,2.0818108348308328e-10,1.802092015168455e-06,5.309359494276578e-07
37,0.5353,1.3138197265625,3.720357353955223,0.5462754820537132,0.5353000000000001,0.5014193721956336,0.49222117513232305,0.49222117513232305,10000,3.0,3.628021995226542,31.19928550720215,2.0861733174282193e-10,2.0527277229120955e-06,3.70708221453242e-07
38,0.5389,1.2931513671875,3.6442528578785107,0.54254385091549,0.5389000000000002,0.5082073475622125,0.49489340047788094,0.49489340047788094,10000,3.0,3.581515113512675,32.45857620239258,2.0901766428771396e-10,2.006474687732407e-06,8.428334012933192e-07
39,0.5418,1.2743666015625,3.576435383944615,0.5423615409949245,0.5418000000000001,0.512624535401197,0.4973277414236689,0.4973277414236689,10000,3.0,3.537885586420695,33.693626403808594,2.093791251489563e-10,1.92554944078438e-06,5.395655193751736e-07
40,0.5459,1.258078125,3.5186525745300026,0.5436979386695475,0.5459,0.5180993354867003,0.5012050533127073,0.5012050533127073,10000,3.0,3.4976810614267984,34.90321731567383,2.0970337966108588e-10,2.138637455573189e-06,4.699094233728829e-07
41,0.5488,1.2421734375,3.4631321924350673,0.5452106396414091,0.5488,0.5226292144716871,0.5040260419740678,0.5040260419740678,10000,3.0,3.460485498110453,36.085609436035156,2.0998913718983658e-10,2.5772339995455695e-06,4.933409627483343e-07
42,0.5535,1.2297228515625,3.420281479251694,0.5532880510534521,0.5535,0.5296153869328345,0.5088767362849863,0.5088767362849863,10000,3.0,3.4268428087234497,37.23896026611328,2.1024003371561406e-10,2.502622919564601e-06,3.555938974386663e-07
43,0.5556,1.2172107421875,3.377753157622051,0.5565033519738634,0.5556,0.5336209306890205,0.5107918485131698,0.5107918485131698,10000,3.0,3.3966041803359985,38.36174774169922,2.1045691578347459e-10,2.2502438241644995e-06,4.6186625013433513e-07
44,0.5552,1.2064005859375,3.3414357701990993,0.5553456444876177,0.5551999999999999,0.533699103455744,0.5101217603210441,0.5101217603210441,10000,3.0,3.3697571754455566,39.4542236328125,2.1064205935061864e-10,2.5503522920189425e-06,1.3331256241144729e-06
45,0.5551,1.1953408203125,3.3046838819833084,0.559252521663872,0.5551000000000001,0.5336926910061901,0.5102378409506814,0.5102378409506814,10000,3.0,3.3456031481424966,40.51864242553711,2.1079941958657145e-10,2.3905236048449297e-06,1.3368660347623518e-06
46,0.5563,1.18590517578125,3.2736487082766668,0.5630914705160289,0.5563,0.5357377478873135,0.5113858262383693,0.5113858262383693,10000,3.0,3.32482381661733,41.548423767089844,2.109309393816261e-10,2.342226252949331e-06,5.177469120098976e-07
47,0.5606,1.17599296875,3.2413599155010657,0.5682624169962163,0.5606,0.5413446086640177,0.5160947472364459,0.5160947472364459,10000,3.0,3.3073500792185464,42.54409408569336,2.110399632826443e-10,2.3176964987214888e-06,1.0144846100956784e-06
48,0.5615,1.16840859375,3.216869217109812,0.5724570524023224,0.5615,0.5428737195438195,0.517116721080506,0.517116721080506,10000,3.0,3.2921507755915322,43.50532150268555,2.1112837866876788e-10,2.5417498363822233e-06,9.208615097122674e-07
49,0.5614,1.15954501953125,3.188482248898489,0.5737886450541484,0.5614,0.5428452389009719,0.5171651575077242,0.5171651575077242,10000,3.0,3.2796146074930825,44.43766403198242,2.1119898885313404e-10,2.1829057459399337e-06,5.342554345588724e-07
50,0.5601,1.1553408203125,3.175105373546465,0.5765373340507729,0.5601,0.5410321937058515,0.5158555408813855,0.5158555408813855,10000,3.0,3.269691228866577,45.3312873840332,2.1125352855921875e-10,1.9533244994818233e-06,1.4890663351252442e-06
51,0.5623,1.1485193359375,3.1535201471953975,0.5807221313863682,0.5623,0.5429484485051728,0.5184863218908001,0.5184863218908001,10000,3.0,3.2620476484298706,46.19701385498047,2.1129419047749565e-10,2.099905714203487e-06,8.417804338023416e-07
52,0.5605,1.1426533203125,3.135075699337499,0.580768135100751,0.5605000000000001,0.5406785671081284,0.5166573517872246,0.5166573517872246,10000,3.0,3.2564207712809243,47.029415130615234,2.1132327832074083e-10,1.7921028074852074e-06,7.473431082871684e-07
53,0.563,1.1357072265625,3.1133746257155885,0.5856819594769449,0.563,0.5437119648038811,0.5194173859258578,0.5194173859258578,10000,3.0,3.25258207321167,47.830238342285156,2.1134125005595195e-10,1.9355838958290406e-06,6.318911118796677e-07
54,0.5662,1.1298669921875,3.095244781006915,0.5893991239251857,0.5662,0.5476743156635517,0.522957029401301,0.522957029401301,10000,3.0,3.250473896662394,48.595741271972656,2.1134984040660498e-10,1.9724186586245196e-06,8.485905027555418e-07
55,0.5649,1.124170556640625,3.077663042772449,0.5893212970060431,0.5649,0.544902691911834,0.5217947264217367,0.5217947264217367,10000,3.0,3.2496256828308105,49.337806701660156,2.113493269284561e-10,1.9846011127810925e-06,7.376153803306806e-07
56,0.5691,1.117530322265625,3.057294340163341,0.5943017670827262,0.5690999999999999,0.5495172700652761,0.5264912354335132,0.5264912354335132,10000,3.0,3.2502940893173218,50.041839599609375,2.1134183292303987e-10,2.2544247713085497e-06,6.118380611042085e-07
57,0.5678,1.115496044921875,3.0510812772431564,0.595298565722273,0.5678,0.5482126423417094,0.5251709549754251,0.5251709549754251,10000,3.0,3.252053737640381,50.71996307373047,2.113275110460222e-10,1.9879928458976792e-06,6.871897539895144e-07
58,0.5676,1.107893603515625,3.0279735594390402,0.5971580947836327,0.5676,0.5476379574146109,0.52496757832029,0.52496757832029,10000,3.0,3.2546162207921348,51.378902435302734,2.1130769356503265e-10,2.011681999647408e-06,7.916886488601449e-07
59,0.5686,1.102428564453125,3.0114707011129265,0.5979743226048021,0.5686,0.5486252771879161,0.5261372487741254,0.5261372487741254,10000,3.0,3.25819993019104,52.01203536987305,2.112818392463467e-10,1.9687861367856385e-06,3.877995595757966e-07
60,0.5718,1.094699658203125,2.9882850417014524,0.6013157438107851,0.5718,0.5516709205054371,0.5297960645191339,0.5297960645191339,10000,3.0,3.262048085530599,52.61429977416992,2.1125141913547196e-10,2.4569490051362664e-06,1.1281092611170607e-06
61,0.5717,1.09133232421875,2.9782394109147337,0.6037461705426014,0.5716999999999999,0.5499965287835532,0.5299232640236612,0.5299232640236612,10000,3.0,3.2666979233423867,53.19924545288086,2.112168634438305e-10,1.943111783475615e-06,4.2913856646009663e-07
62,0.5711,1.087179541015625,2.9658970735773806,0.604886538744726,0.5711,0.5492786442187664,0.5294077919549531,0.5294077919549531,10000,3.0,3.271478811899821,53.76055145263672,2.1117876891629805e-10,1.9284605059510795e-06,3.6530724401018233e-07
63,0.5731,1.08150888671875,2.9491260927513134,0.6058152729138603,0.5731,0.5508123431863571,0.5315434624343552,0.5315434624343552,10000,3.0,3.276549776395162,54.30253219604492,2.1113699677499653e-10,2.041165089394781e-06,4.784802740687155e-07
64,0.5785,1.07410302734375,2.9273659553440465,0.6101621757309749,0.5785,0.5573364610735211,0.5374914361571586,0.5374914361571586,10000,3.0,3.2818360328674316,54.823875427246094,2.1109168579780402e-10,1.7644840681896312e-06,1.6426530464741518e-06
65,0.5822,1.0702522705078126,2.9161150570196956,0.6137966782522064,0.5822,0.5622481897761448,0.5415534292883707,0.5415534292883707,10000,3.0,3.286877195040385,55.324363708496094,2.110435437518987e-10,1.7702012655718136e-06,8.37000982301106e-07
66,0.5843,1.0631521728515625,2.895483684389492,0.6152763260479321,0.5843,0.5634150637412075,0.5439290569350489,0.5439290569350489,10000,3.0,3.292226513226827,55.808799743652344,2.109938196381833e-10,1.7115020227720379e-06,6.104025942477165e-07
67,0.5877,1.056544482421875,2.8764142962488335,0.6190053169016964,0.5877000000000001,0.5672293267579752,0.5477239140862357,0.5477239140862357,10000,3.0,3.297014355659485,56.27819061279297,2.1094144486699662e-10,1.5921355043246876e-06,9.930871556207421e-07
68,0.5901,1.049550830078125,2.8563678353612887,0.619896719351898,0.5901,0.5690342791590439,0.5503719963203465,0.5503719963203465,10000,3.0,3.3015079498291016,56.73534393310547,2.108870855721534e-10,1.7605385664865025e-06,3.665749943593255e-07
69,0.5899,1.0455401611328126,2.844934831908992,0.6201815481463651,0.5899000000000001,0.5681370280859691,0.5502796779931719,0.5502796779931719,10000,3.0,3.3056099812189736,57.16902542114258,2.1083158829870996e-10,1.4092255469222437e-06,5.713735617973725e-07
70,0.5977,1.0370394287109375,2.820853302479943,0.6280745066881195,0.5976999999999999,0.574753578856422,0.559396377962295,0.559396377962295,10000,3.0,3.3091938893000283,57.59659957885742,2.1077350975673426e-10,1.5712486174379592e-06,1.3315139995029313e-06
71,0.6006,1.0302763549804688,2.8018400301645783,0.6282475942000523,0.6006,0.5801084016923184,0.5619508966031369,0.5619508966031369,10000,3.0,3.3121450742085776,58.00199890136719,2.1071441813624858e-10,1.725202764646383e-06,4.580660686315241e-07
72,0.6036,1.0235307006835936,2.783003390085239,0.6299699573947803,0.6035999999999999,0.582731215744319,0.5656187042752407,0.5656187042752407,10000,3.0,3.314757506052653,58.400856018066406,2.1065438282619198e-10,1.4673554460387095e-06,9.06429079350346e-07
73,0.6033,1.0219362670898438,2.778569611610544,0.6313548917432368,0.6033000000000001,0.5818753373831927,0.5651253782061567,0.5651253782061567,10000,3.0,3.3169856866200766,58.78044509887695,2.1059325117089855e-10,1.6194240970435203e-06,5.255993755781674e-07
74,0.6094,1.0152906372070312,2.7601654876002644,0.6379252294080866,0.6093999999999999,0.5886627724401117,0.5721122133448658,0.5721122133448658,10000,3.0,3.3185393810272217,59.14815139770508,2.1053087051470243e-10,1.7376490859533078e-06,7.06947844264505e-07
75,0.6142,1.008115625,2.7404321446787643,0.6427233070575579,0.6142,0.5932292027031776,0.5772264197113713,0.5772264197113713,10000,3.0,3.319482405980428,59.51081466674805,2.1046756004672318e-10,1.957111180672655e-06,8.223321401601424e-07
76,0.6103,1.0050203857421875,2.731962965350936,0.6377790218138837,0.6103000000000001,0.5875422719062608,0.5734227002353076,0.5734227002353076,10000,3.0,3.319855292638143,59.85761260986328,2.1040356956714135e-10,1.2524978956207633e-06,6.939790750948305e-07
77,0.6199,0.9978998657226562,2.712579061999311,0.6445608238896352,0.6199,0.5986323270183567,0.5835356742919587,0.5835356742919587,10000,3.0,3.3197359244028726,60.19026565551758,2.1033906560941062e-10,1.6745492530390038e-06,2.947237192074681e-07
78,0.6244,0.9893110595703125,2.689381010651152,0.6473316025014849,0.6244,0.6043520494972066,0.5885078898375186,0.5885078898375186,10000,3.0,3.318714459737142,60.51548385620117,2.102745477738921e-10,1.5396667549794074e-06,4.88868465708947e-07
79,0.626,0.9855910522460938,2.6793950789792134,0.6467105803337105,0.626,0.6059527031006653,0.5901022510761593,0.5901022510761593,10000,3.0,3.3171799977620444,60.82705307006836,2.102091833933173e-10,1.6767083934610127e-06,5.988075599816511e-07
80,0.6241,0.98240654296875,2.670876092088252,0.6464299421545354,0.6241,0.6026200632079519,0.5888614545467351,0.5888614545467351,10000,3.0,3.3149712880452475,61.13425064086914,2.1014341655689606e-10,1.4547536011377815e-06,3.8353999798346194e-07
81,0.6303,0.9746087219238281,2.650130070295122,0.6515337249428071,0.6303,0.609257092660552,0.5954533623812659,0.5954533623812659,10000,3.0,3.3123673597971597,61.425777435302734,2.100774276758699e-10,1.3041612874076236e-06,8.985290378404898e-07
82,0.6384,0.96843037109375,2.633807113376033,0.6570233961737981,0.6384,0.6181186471440034,0.603795872151218,0.603795872151218,10000,3.0,3.3089071114857993,61.712284088134766,2.1001150818378278e-10,1.4144729902909603e-06,4.5988301167199097e-07
83,0.6422,0.9597871948242187,2.611140750028508,0.6586146202498094,0.6422,0.6212310280901023,0.6083753795293985,0.6083753795293985,10000,3.0,3.3049302895863852,61.984561920166016,2.0994557481390785e-10,1.2871129229097278e-06,6.705603254886228e-07
84,0.646,0.9544061462402343,2.5971278107593263,0.6611834442883222,0.646,0.625428361203048,0.6121411962058217,0.6121411962058217,10000,3.0,3.3005881309509277,62.25703430175781,2.0987896143243034e-10,1.553873289594776e-06,7.790804374963045e-07
85,0.6515,0.9496727783203125,2.5848636974740167,0.6672217086900462,0.6515000000000001,0.6318675662329237,0.6181141847019941,0.6181141847019941,10000,3.0,3.2959020137786865,62.509586334228516,2.098137219519458e-10,1.8110335986420978e-06,1.2399971183185698e-06
86,0.6478,0.9428003112792969,2.5671602099041326,0.6644649098393247,0.6477999999999999,0.627358837015319,0.6149080036975878,0.6149080036975878,10000,3.0,3.2908905347188315,62.76219940185547,2.0974724734834638e-10,1.6953046042544884e-06,6.786672770431323e-07
87,0.6571,0.9384517639160156,2.556021029322767,0.670442483234928,0.6571,0.6368296969500034,0.6243735324829154,0.6243735324829154,10000,3.0,3.285299301147461,63.00052261352539,2.0968053682235421e-10,1.4160256114337244e-06,7.265290378200007e-07
88,0.6583,0.9322693054199219,2.540267284011423,0.6710948360452962,0.6583,0.6381380570597355,0.6259832340393985,0.6259832340393985,10000,3.0,3.2793230215708413,63.23438262939453,2.096142842633597e-10,1.7591581809028867e-06,5.326407404027123e-07
89,0.6658,0.9261472106933594,2.5247630347342516,0.6781485805411427,0.6658000000000001,0.6455331892149043,0.6338557755810595,0.6338557755810595,10000,3.0,3.2729616165161133,63.458587646484375,2.0954848967136286e-10,1.4886462622598629e-06,5.154119548933522e-07
90,0.6658,0.9229581420898437,2.516724217192183,0.6807200297799035,0.6658000000000002,0.6454580476695221,0.6341311551459708,0.6341311551459708,10000,3.0,3.266193072001139,63.6763801574707,2.0948193180103658e-10,1.544663064123597e-06,3.28237575786261e-07
91,0.6654,0.9161953552246094,2.499761569746656,0.6801505246569576,0.6654,0.6451048290932617,0.6340662967183015,0.6340662967183015,10000,3.0,3.2592357794443765,63.889976501464844,2.094167894650667e-10,1.9490323666104814e-06,6.25929430952965e-07
92,0.6741,0.911306298828125,2.487569921566767,0.6856703238460314,0.6741,0.6528732138330156,0.6432980288585841,0.6432980288585841,10000,3.0,3.2519845167795816,64.09532928466797,2.0935120303988697e-10,1.7362799553666264e-06,7.257110041791748e-07
93,0.6761,0.9066826721191407,2.476094875444528,0.6905731987344953,0.6760999999999999,0.6550372473205613,0.6455410135209366,0.6455410135209366,10000,3.0,3.2447412808736167,64.29312896728516,2.0928545008125354e-10,1.3876592674932908e-06,5.217434022597445e-07
94,0.6799,0.8973435180664062,2.453077890830621,0.6901129324886327,0.6799000000000001,0.6590471112453404,0.649692560427963,0.649692560427963,10000,3.0,3.2370457649230957,64.48391723632812,2.0922029386749585e-10,1.5433016642418806e-06,6.665073328804283e-07
95,0.678,0.8931168151855469,2.4427313407424442,0.6947174177039208,0.678,0.6569015670779185,0.6485162941757168,0.6485162941757168,10000,3.0,3.229337533315023,64.67334747314453,2.0915527643161624e-10,1.4995276842455496e-06,1.2227695833644248e-06
96,0.6842,0.89073662109375,2.436924079982904,0.6986055037849965,0.6842,0.6633136163420541,0.6545552359426758,0.6545552359426758,10000,3.0,3.221552054087321,64.85330200195312,2.090894818396194e-10,1.6360321524189203e-06,1.0590351848804858e-06
97,0.6885,0.8822977905273437,2.4164458183865487,0.7014338380470251,0.6885,0.6676159412527531,0.6592864092117862,0.6592864092117862,10000,3.0,3.2136797110239663,65.03147888183594,2.090246725705569e-10,1.6128690276673296e-06,8.304319294438756e-07
98,0.6906,0.8782675903320313,2.40672665621726,0.7044455677373487,0.6906,0.6695620494246148,0.6615896616065736,0.6615896616065736,10000,3.0,3.2055815060933432,65.1981430053711,2.0896014085725056e-10,1.452469746254792e-06,1.1033217788281036e-06
99,0.6918,0.8727646606445313,2.393518982430962,0.704917076745048,0.6918000000000001,0.6698435342670732,0.6630668484857594,0.6630668484857594,10000,3.0,3.1975706418355307,65.36449432373047,2.088955675105808e-10,1.4103169405643712e-06,6.115894848335302e-07
100,0.6952,0.8658988464355468,2.377141811432709,0.707020477839952,0.6952,0.6737213976400874,0.6669972432047004,0.6669972432047004,10000,3.0,3.1896749337514243,65.5249252319336,2.0883111906400131e-10,1.5658589518352528e-06,1.3235066944616847e-06
