Config,{"general": {"device": "cuda:0", "training_rounds": 100, "train_optimization": {"cudnn_benchmark": true, "pin_memory": true, "fused_optimizer": false, "torch_compile": false, "non_blocking_transfer": true}}, "dataset": "fmnist", "model": "simple_lora_mlp", "loss_function": "CrossEntropyLoss", "aggregation": "rbla", "client_selection": {"method": "random", "round": 1, "client_selection_round": 1, "number": 10, "random_seed": 42}, "hyperparameters": {"training_rounds": 100, "local_epochs": 5, "selected_clients": 10, "client_selection_round": 1, "client_selection_method": "random", "optimizer": "SGD", "lr": 0.01, "momentum": 0.0, "weight_decay": 0.0001, "nesterov": false, "batch_size": 64, "shuffle": true, "trainer_type": "standard", "rank_ratio_list": [0.7, 0.6, 1.0, 0.5, 0.1, 0.9, 0.3, 0.8, 0.4, 0.2]}, "effective_yaml": {"server_yaml": {"role": "server", "general": {"device": "cuda:0", "training_rounds": 100, "train_optimization": {"cudnn_benchmark": true, "pin_memory": true, "fused_optimizer": false, "torch_compile": false, "non_blocking_transfer": true}}, "training_logger": {"name": "train", "path": "./experiment_results/", "prefix": "fmnist_dirichlet_0_4_rho_zero_rbla_", "save_weights": false}, "data_loader": {"name": "fmnist", "root": "../.dataset", "split": "", "batch_size": 64, "shuffle": true, "num_workers": 0, "is_download": true, "is_load_train_set": true, "is_load_test_set": true, "task_type": "cv"}, "nn_model": {"name": "simple_lora_mlp", "input_dim": 0, "hidden_dim": 0, "output_dim": 0, "softmax_dim": 1, "lora_mode": "standard", "rank_ratio": 1.0, "cap_lora_rank_to_matrix_dim": true, "share_model": false}, "loss_func": {"type": "CrossEntropyLoss", "reduction": "mean", "weight": "None"}, "optimizer": {"type": "SGD", "lr": 0.01, "weight_decay": 0.0001, "momentum": 0.0, "nesterov": false, "betas": [0.9, 0.999], "amsgrad": false, "eps": "1e-8", "alpha": "None", "centered": "None"}, "training": {"epochs": 5, "batch_size": 64, "shuffle": true, "lr": 0.01}, "trainer": {"trainer_type": "standard", "save_path": "./.training_results/"}, "data_distribution": {"use": "fmnist_dirichlet_0_4", "custom_define": {"fmnist_dirichlet_0_4": [[612, 8, 811, 188, 697, 507, 201, 760, 169, 1], [0, 2704, 0, 1, 397, 1, 181, 26, 3568, 57], [619, 1245, 1968, 512, 401, 185, 833, 0, 14, 12], [641, 65, 190, 52, 46, 1732, 2081, 3366, 422, 2879], [500, 215, 7, 308, 0, 2138, 986, 0, 34, 1054], [1017, 218, 13, 752, 465, 0, 1283, 732, 164, 403], [128, 14, 65, 2736, 296, 293, 42, 146, 1515, 534], [0, 517, 853, 790, 1544, 480, 275, 48, 97, 172], [2472, 910, 223, 34, 2068, 566, 118, 707, 5, 624], [11, 104, 1870, 627, 86, 98, 0, 215, 12, 264]]}}, "client_selection": {"method": "random", "round": 1, "client_selection_round": 1, "number": 10, "random_seed": 42}, "strategy": {"role": "server", "strategy_name": "rbla"}, "aggregation": {"method": "rbla", "device": "cpu", "is_wbab": false, "pad_mode": "nan"}, "canonicalization": {"enabled": false, "start_round": 0, "interval": 1, "deterministic_sign": true, "svd_fallback": true, "log_diagnostics": true, "ordering": "singular_value", "activation_chunk_size": 4096, "activation_fallback": true}, "rank_distribution": {"rank_ratio_list": [0.7, 0.6, 1.0, 0.5, 0.1, 0.9, 0.3, 0.8, 0.4, 0.2]}, "lora_inference": {"device": "cpu", "lora_mode": "standard", "scaling": 0.5, "rank_ratio": 1, "use_bias": true, "alpha": 0}}, "client_yamls": [{"index": 0, "node_id": "client.1", "yaml": {"role": "client", "training_logger": {"name": "train", "path": "./experiment_results/", "prefix": "", "save_weights": false}, "data_loader": {"name": "fmnist", "root": "../.dataset", "split": "", "batch_size": 64, "shuffle": true, "num_workers": 0, "is_download": true, "is_load_train_set": true, "is_load_test_set": true, "task_type": "cv"}, "nn_model": {"name": "simple_lora_mlp", "input_dim": 0, "hidden_dim": 0, "output_dim": 0, "softmax_dim": 1, "lora_mode": "standard", "rank_ratio": 0.7, "cap_lora_rank_to_matrix_dim": true, "share_model": false}, "loss_func": {"type": "CrossEntropyLoss", "reduction": "mean", "weight": "None"}, "optimizer": {"type": "SGD", "lr": 0.01, "weight_decay": 0.0001, "momentum": 0.0, "nesterov": false, "betas": [0.9, 0.999], "amsgrad": false, "eps": "1e-8", "alpha": "None", "centered": "None"}, "training": {"epochs": 5, "batch_size": 64, "shuffle": true, "lr": 0.01}, "trainer": {"trainer_type": "standard", "save_path": "./.training_results/"}, "strategy": {"role": "client", "strategy_name": "rbla"}}}, {"index": 1, "node_id": "client.2", "yaml": {"role": "client", "training_logger": {"name": "train", "path": "./experiment_results/", "prefix": "", "save_weights": false}, "data_loader": {"name": "fmnist", "root": "../.dataset", "split": "", "batch_size": 64, "shuffle": true, "num_workers": 0, "is_download": true, "is_load_train_set": true, "is_load_test_set": true, "task_type": "cv"}, "nn_model": {"name": "simple_lora_mlp", "input_dim": 0, "hidden_dim": 0, "output_dim": 0, "softmax_dim": 1, "lora_mode": "standard", "rank_ratio": 0.6, "cap_lora_rank_to_matrix_dim": true, "share_model": false}, "loss_func": {"type": "CrossEntropyLoss", "reduction": "mean", "weight": "None"}, "optimizer": {"type": "SGD", "lr": 0.01, "weight_decay": 0.0001, "momentum": 0.0, "nesterov": false, "betas": [0.9, 0.999], "amsgrad": false, "eps": "1e-8", "alpha": "None", "centered": "None"}, "training": {"epochs": 5, "batch_size": 64, "shuffle": true, "lr": 0.01}, "trainer": {"trainer_type": "standard", "save_path": "./.training_results/"}, "strategy": {"role": "client", "strategy_name": "rbla"}}}, {"index": 2, "node_id": "client.3", "yaml": {"role": "client", "training_logger": {"name": "train", "path": "./experiment_results/", "prefix": "", "save_weights": false}, "data_loader": {"name": "fmnist", "root": "../.dataset", "split": "", "batch_size": 64, "shuffle": true, "num_workers": 0, "is_download": true, "is_load_train_set": true, "is_load_test_set": true, "task_type": "cv"}, "nn_model": {"name": "simple_lora_mlp", "input_dim": 0, "hidden_dim": 0, "output_dim": 0, "softmax_dim": 1, "lora_mode": "standard", "rank_ratio": 1.0, "cap_lora_rank_to_matrix_dim": true, "share_model": false}, "loss_func": {"type": "CrossEntropyLoss", "reduction": "mean", "weight": "None"}, "optimizer": {"type": "SGD", "lr": 0.01, "weight_decay": 0.0001, "momentum": 0.0, "nesterov": false, "betas": [0.9, 0.999], "amsgrad": false, "eps": "1e-8", "alpha": "None", "centered": "None"}, "training": {"epochs": 5, "batch_size": 64, "shuffle": true, "lr": 0.01}, "trainer": {"trainer_type": "standard", "save_path": "./.training_results/"}, "strategy": {"role": "client", "strategy_name": "rbla"}}}, {"index": 3, "node_id": "client.4", "yaml": {"role": "client", "training_logger": {"name": "train", "path": "./experiment_results/", "prefix": "", "save_weights": false}, "data_loader": {"name": "fmnist", "root": "../.dataset", "split": "", "batch_size": 64, "shuffle": true, "num_workers": 0, "is_download": true, "is_load_train_set": true, "is_load_test_set": true, "task_type": "cv"}, "nn_model": {"name": "simple_lora_mlp", "input_dim": 0, "hidden_dim": 0, "output_dim": 0, "softmax_dim": 1, "lora_mode": "standard", "rank_ratio": 0.5, "cap_lora_rank_to_matrix_dim": true, "share_model": false}, "loss_func": {"type": "CrossEntropyLoss", "reduction": "mean", "weight": "None"}, "optimizer": {"type": "SGD", "lr": 0.01, "weight_decay": 0.0001, "momentum": 0.0, "nesterov": false, "betas": [0.9, 0.999], "amsgrad": false, "eps": "1e-8", "alpha": "None", "centered": "None"}, "training": {"epochs": 5, "batch_size": 64, "shuffle": true, "lr": 0.01}, "trainer": {"trainer_type": "standard", "save_path": "./.training_results/"}, "strategy": {"role": "client", "strategy_name": "rbla"}}}, {"index": 4, "node_id": "client.5", "yaml": {"role": "client", "training_logger": {"name": "train", "path": "./experiment_results/", "prefix": "", "save_weights": false}, "data_loader": {"name": "fmnist", "root": "../.dataset", "split": "", "batch_size": 64, "shuffle": true, "num_workers": 0, "is_download": true, "is_load_train_set": true, "is_load_test_set": true, "task_type": "cv"}, "nn_model": {"name": "simple_lora_mlp", "input_dim": 0, "hidden_dim": 0, "output_dim": 0, "softmax_dim": 1, "lora_mode": "standard", "rank_ratio": 0.1, "cap_lora_rank_to_matrix_dim": true, "share_model": false}, "loss_func": {"type": "CrossEntropyLoss", "reduction": "mean", "weight": "None"}, "optimizer": {"type": "SGD", "lr": 0.01, "weight_decay": 0.0001, "momentum": 0.0, "nesterov": false, "betas": [0.9, 0.999], "amsgrad": false, "eps": "1e-8", "alpha": "None", "centered": "None"}, "training": {"epochs": 5, "batch_size": 64, "shuffle": true, "lr": 0.01}, "trainer": {"trainer_type": "standard", "save_path": "./.training_results/"}, "strategy": {"role": "client", "strategy_name": "rbla"}}}, {"index": 5, "node_id": "client.6", "yaml": {"role": "client", "training_logger": {"name": "train", "path": "./experiment_results/", "prefix": "", "save_weights": false}, "data_loader": {"name": "fmnist", "root": "../.dataset", "split": "", "batch_size": 64, "shuffle": true, "num_workers": 0, "is_download": true, "is_load_train_set": true, "is_load_test_set": true, "task_type": "cv"}, "nn_model": {"name": "simple_lora_mlp", "input_dim": 0, "hidden_dim": 0, "output_dim": 0, "softmax_dim": 1, "lora_mode": "standard", "rank_ratio": 0.9, "cap_lora_rank_to_matrix_dim": true, "share_model": false}, "loss_func": {"type": "CrossEntropyLoss", "reduction": "mean", "weight": "None"}, "optimizer": {"type": "SGD", "lr": 0.01, "weight_decay": 0.0001, "momentum": 0.0, "nesterov": false, "betas": [0.9, 0.999], "amsgrad": false, "eps": "1e-8", "alpha": "None", "centered": "None"}, "training": {"epochs": 5, "batch_size": 64, "shuffle": true, "lr": 0.01}, "trainer": {"trainer_type": "standard", "save_path": "./.training_results/"}, "strategy": {"role": "client", "strategy_name": "rbla"}}}, {"index": 6, "node_id": "client.7", "yaml": {"role": "client", "training_logger": {"name": "train", "path": "./experiment_results/", "prefix": "", "save_weights": false}, "data_loader": {"name": "fmnist", "root": "../.dataset", "split": "", "batch_size": 64, "shuffle": true, "num_workers": 0, "is_download": true, "is_load_train_set": true, "is_load_test_set": true, "task_type": "cv"}, "nn_model": {"name": "simple_lora_mlp", "input_dim": 0, "hidden_dim": 0, "output_dim": 0, "softmax_dim": 1, "lora_mode": "standard", "rank_ratio": 0.3, "cap_lora_rank_to_matrix_dim": true, "share_model": false}, "loss_func": {"type": "CrossEntropyLoss", "reduction": "mean", "weight": "None"}, "optimizer": {"type": "SGD", "lr": 0.01, "weight_decay": 0.0001, "momentum": 0.0, "nesterov": false, "betas": [0.9, 0.999], "amsgrad": false, "eps": "1e-8", "alpha": "None", "centered": "None"}, "training": {"epochs": 5, "batch_size": 64, "shuffle": true, "lr": 0.01}, "trainer": {"trainer_type": "standard", "save_path": "./.training_results/"}, "strategy": {"role": "client", "strategy_name": "rbla"}}}, {"index": 7, "node_id": "client.8", "yaml": {"role": "client", "training_logger": {"name": "train", "path": "./experiment_results/", "prefix": "", "save_weights": false}, "data_loader": {"name": "fmnist", "root": "../.dataset", "split": "", "batch_size": 64, "shuffle": true, "num_workers": 0, "is_download": true, "is_load_train_set": true, "is_load_test_set": true, "task_type": "cv"}, "nn_model": {"name": "simple_lora_mlp", "input_dim": 0, "hidden_dim": 0, "output_dim": 0, "softmax_dim": 1, "lora_mode": "standard", "rank_ratio": 0.8, "cap_lora_rank_to_matrix_dim": true, "share_model": false}, "loss_func": {"type": "CrossEntropyLoss", "reduction": "mean", "weight": "None"}, "optimizer": {"type": "SGD", "lr": 0.01, "weight_decay": 0.0001, "momentum": 0.0, "nesterov": false, "betas": [0.9, 0.999], "amsgrad": false, "eps": "1e-8", "alpha": "None", "centered": "None"}, "training": {"epochs": 5, "batch_size": 64, "shuffle": true, "lr": 0.01}, "trainer": {"trainer_type": "standard", "save_path": "./.training_results/"}, "strategy": {"role": "client", "strategy_name": "rbla"}}}, {"index": 8, "node_id": "client.9", "yaml": {"role": "client", "training_logger": {"name": "train", "path": "./experiment_results/", "prefix": "", "save_weights": false}, "data_loader": {"name": "fmnist", "root": "../.dataset", "split": "", "batch_size": 64, "shuffle": true, "num_workers": 0, "is_download": true, "is_load_train_set": true, "is_load_test_set": true, "task_type": "cv"}, "nn_model": {"name": "simple_lora_mlp", "input_dim": 0, "hidden_dim": 0, "output_dim": 0, "softmax_dim": 1, "lora_mode": "standard", "rank_ratio": 0.4, "cap_lora_rank_to_matrix_dim": true, "share_model": false}, "loss_func": {"type": "CrossEntropyLoss", "reduction": "mean", "weight": "None"}, "optimizer": {"type": "SGD", "lr": 0.01, "weight_decay": 0.0001, "momentum": 0.0, "nesterov": false, "betas": [0.9, 0.999], "amsgrad": false, "eps": "1e-8", "alpha": "None", "centered": "None"}, "training": {"epochs": 5, "batch_size": 64, "shuffle": true, "lr": 0.01}, "trainer": {"trainer_type": "standard", "save_path": "./.training_results/"}, "strategy": {"role": "client", "strategy_name": "rbla"}}}, {"index": 9, "node_id": "client.10", "yaml": {"role": "client", "training_logger": {"name": "train", "path": "./experiment_results/", "prefix": "", "save_weights": false}, "data_loader": {"name": "fmnist", "root": "../.dataset", "split": "", "batch_size": 64, "shuffle": true, "num_workers": 0, "is_download": true, "is_load_train_set": true, "is_load_test_set": true, "task_type": "cv"}, "nn_model": {"name": "simple_lora_mlp", "input_dim": 0, "hidden_dim": 0, "output_dim": 0, "softmax_dim": 1, "lora_mode": "standard", "rank_ratio": 0.2, "cap_lora_rank_to_matrix_dim": true, "share_model": false}, "loss_func": {"type": "CrossEntropyLoss", "reduction": "mean", "weight": "None"}, "optimizer": {"type": "SGD", "lr": 0.01, "weight_decay": 0.0001, "momentum": 0.0, "nesterov": false, "betas": [0.9, 0.999], "amsgrad": false, "eps": "1e-8", "alpha": "None", "centered": "None"}, "training": {"epochs": 5, "batch_size": 64, "shuffle": true, "lr": 0.01}, "trainer": {"trainer_type": "standard", "save_path": "./.training_results/"}, "strategy": {"role": "client", "strategy_name": "rbla"}}}]}, "effective_client_rank_ratios": [0.7, 0.6, 1.0, 0.5, 0.1, 0.9, 0.3, 0.8, 0.4, 0.2], "effective_client_share_model": [false, false, false, false, false, false, false, false, false, false], "rank_distribution": {"rank_ratio_list": [0.7, 0.6, 1.0, 0.5, 0.1, 0.9, 0.3, 0.8, 0.4, 0.2]}, "rank_ratio_list": [0.7, 0.6, 1.0, 0.5, 0.1, 0.9, 0.3, 0.8, 0.4, 0.2], "rank_ratio_list_str": "[0.7, 0.6, 1.0, 0.5, 0.1, 0.9, 0.3, 0.8, 0.4, 0.2]", "epoch": 5, "batch_size": 64}

round,accuracy,average_loss,perplexity,precision,recall,f1_score,matthews_correlation,mcc,total_test_samples
0,0.1763,2.2956796875,9.93118382032806,0.08299862003462433,0.1763,0.10245683087913585,0.1005599543710053,0.1005599543710053,10000
1,0.1715,2.2913,9.887783448098098,0.07066724480964358,0.1715,0.0929128184240302,0.0867077824965539,0.0867077824965539,10000
2,0.1522,2.287521875,9.850496647707962,0.07659447433794084,0.15219999999999997,0.08574372150239248,0.06635401951344067,0.06635401951344067,10000
3,0.1472,2.28350625,9.81102006173723,0.08729690698475691,0.1472,0.08221179792493778,0.062017903172312636,0.062017903172312636,10000
4,0.1531,2.27924453125,9.769297222235558,0.09982008195643743,0.1531,0.08433148266538673,0.07047584394950915,0.07047584394950915,10000
5,0.163,2.27458125,9.723846299257238,0.11026899664099894,0.16299999999999998,0.09035265834834547,0.08355692860202063,0.08355692860202063,10000
6,0.173,2.26949296875,9.674494299362086,0.12085547620363321,0.173,0.09753117079484164,0.09643024002353737,0.09643024002353737,10000
7,0.1854,2.2636984375,9.618597244833742,0.12982869125531932,0.1854,0.10786261698835578,0.11176508463609197,0.11176508463609197,10000
8,0.1993,2.2568265625,9.552726035467971,0.1661825838165905,0.19929999999999998,0.11849598543927087,0.12817999768731486,0.12817999768731486,10000
9,0.2144,2.24825546875,9.471198613745173,0.18088830398479444,0.2144,0.13107139883313595,0.14511602320075462,0.14511602320075462,10000
10,0.2339,2.2370328125,9.365500821786979,0.19761056830813617,0.23389999999999994,0.14904682758546842,0.16646964776590792,0.16646964776590792,10000
11,0.2555,2.22267265625,9.231971809985692,0.21385921603750205,0.25549999999999995,0.16902352607436746,0.18932625778811915,0.18932625778811915,10000
12,0.2778,2.20425,9.06345142955114,0.24388458067177993,0.2778,0.19180543436499858,0.2135560474787452,0.2135560474787452,10000
13,0.3019,2.18128515625,8.857682453026529,0.2611347376853352,0.30189999999999995,0.2213008914654055,0.24019154742806473,0.24019154742806473,10000
14,0.3295,2.15315,8.611943337514179,0.2981742895915371,0.3295,0.2584578751072776,0.27198518163019014,0.27198518163019014,10000
15,0.3636,2.11958984375,8.327721120247631,0.3598467368973838,0.3636,0.2986057239735134,0.3114758094161915,0.3114758094161915,10000
16,0.3874,2.079271875,7.998642781701928,0.38154512868038426,0.3874,0.3188338168016949,0.3375870599020631,0.3375870599020631,10000
17,0.4051,2.03270546875,7.634713922515936,0.40177006643844776,0.4051,0.33609825885864025,0.35729746637758797,0.35729746637758797,10000
18,0.4154,1.98078828125,7.248454554520542,0.4135701116149426,0.4154,0.34942262063006757,0.36682640484719475,0.36682640484719475,10000
19,0.4213,1.92586953125,6.861112024175028,0.4226781866315257,0.4213,0.3579719340204799,0.37259081274138145,0.37259081274138145,10000
20,0.4267,1.87049296875,6.491495715168882,0.42782993997706137,0.42669999999999997,0.36345000049097004,0.3779738297615421,0.3779738297615421,10000
21,0.4368,1.8157703125,6.145808547655833,0.4315723181839384,0.4368,0.37374169395279705,0.3879695373842034,0.3879695373842034,10000
22,0.4335,1.76317578125,5.830925766069736,0.4331101708112378,0.4335,0.37082853109244324,0.38390613686069214,0.38390613686069214,10000
23,0.4252,1.71293828125,5.545231011994327,0.43321663230061513,0.4252000000000001,0.3578798789579919,0.3743998736206586,0.3743998736206586,10000
24,0.4179,1.6649859375,5.285598920503317,0.4278201915569146,0.41790000000000005,0.3429858700001166,0.36638793165272054,0.36638793165272054,10000
25,0.4251,1.618980859375,5.047943130239315,0.4325600107463316,0.4250999999999999,0.34847098356087847,0.37424045576990994,0.37424045576990994,10000
26,0.4323,1.5753140625,4.832259011165372,0.4324577450603071,0.4323,0.35601412229438517,0.3820259242173585,0.3820259242173585,10000
27,0.437,1.5354826171875,4.643566054041727,0.4319889107567697,0.437,0.3586669226160336,0.38739468087859824,0.38739468087859824,10000
28,0.4447,1.497422265625,4.470151343349867,0.43236736500223866,0.4447,0.3675164629620098,0.39585927198779364,0.39585927198779364,10000
29,0.4551,1.462437890625,4.3164697929432725,0.438337960678793,0.45509999999999995,0.3812136342012194,0.40721248296985,0.40721248296985,10000
30,0.4577,1.4306375,4.181363961963299,0.43354929131525954,0.4577,0.38127690908087153,0.41023112077034346,0.41023112077034346,10000
31,0.4686,1.4005353515625,4.057371505699671,0.43964613419106796,0.4686,0.3940400678809604,0.42225153816050875,0.42225153816050875,10000
32,0.4774,1.37276875,3.9462617957927133,0.44747133274706147,0.4774000000000001,0.405293734032848,0.4319912610133111,0.4319912610133111,10000
33,0.482,1.3488537109375,3.8530063393209915,0.4484884603383993,0.48200000000000004,0.4100258679698217,0.4371105930670433,0.4371105930670433,10000
34,0.4909,1.32567265625,3.764716863814771,0.4527082240882588,0.4909,0.4204331686535324,0.4469275527827261,0.4469275527827261,10000
35,0.4961,1.30749013671875,3.696883386496644,0.4597716858385623,0.49610000000000004,0.42510885390637904,0.4528479553345833,0.4528479553345833,10000
36,0.5017,1.2878984375,3.6251600443588257,0.4620730431891273,0.5017,0.4340307014723888,0.45887144789527723,0.45887144789527723,10000
37,0.5041,1.27232294921875,3.5691338568226985,0.4662381810092988,0.5041,0.43519210652530066,0.4617205060464908,0.4617205060464908,10000
38,0.505,1.2583140625,3.519482854565052,0.4646517004781446,0.505,0.43747330769428217,0.462747907051165,0.462747907051165,10000
39,0.5067,1.249811572265625,3.489685342004616,0.5682411341217157,0.5067,0.4385206458212215,0.4649793111622581,0.4649793111622581,10000
40,0.5068,1.238387890625,3.4500471258788337,0.5461507854853261,0.5067999999999999,0.4379926860706684,0.4651035062902327,0.4651035062902327,10000
41,0.5078,1.230722265625,3.42370146536621,0.5588089381677859,0.5077999999999999,0.4417149724299009,0.46636282985553906,0.46636282985553906,10000
42,0.5079,1.2243169921875,3.401841804601662,0.5447081168669793,0.5079,0.4430595018578939,0.4664412471857655,0.4664412471857655,10000
43,0.511,1.2178615234375,3.3799520514659966,0.5526957016767164,0.511,0.4503941549460867,0.4697759360204951,0.4697759360204951,10000
44,0.5104,1.215423486328125,3.371721640037672,0.5488449234205517,0.5104000000000001,0.45091420919985026,0.4692747446666018,0.4692747446666018,10000
45,0.512,1.21032119140625,3.354561935998245,0.5510536031138732,0.512,0.4552981947212473,0.4708170372569091,0.4708170372569091,10000
46,0.5115,1.209447021484375,3.3516307602122435,0.5529881412237099,0.5115,0.4565699846020239,0.47036540346973604,0.47036540346973604,10000
47,0.5153,1.205061083984375,3.336962906832076,0.552772964335776,0.5153000000000001,0.4627229351127,0.47443798679917915,0.47443798679917915,10000
48,0.5162,1.20076806640625,3.322667972572152,0.5591064982937113,0.5162000000000001,0.46442103366164345,0.475402995228295,0.475402995228295,10000
49,0.5169,1.20029404296875,3.321093323317934,0.5586229736634089,0.5169,0.4664417571739333,0.4760970961941464,0.4760970961941464,10000
50,0.5164,1.19715791015625,3.310694248536315,0.5605014497861959,0.5164,0.4699145966320308,0.4758237060286826,0.4758237060286826,10000
51,0.5181,1.194673095703125,3.3024779997719813,0.5676806665897441,0.5181,0.47321952366176373,0.47763767241649246,0.47763767241649246,10000
52,0.5136,1.1970380859375,3.3102975709507296,0.5587808361867065,0.5136000000000001,0.46738761903755144,0.47355218977889935,0.47355218977889935,10000
53,0.5185,1.196101611328125,3.307199012413206,0.5595250439500343,0.5185000000000001,0.47286362058900056,0.4779014228868976,0.4779014228868976,10000
54,0.5202,1.187861865234375,3.280060493067529,0.5641419258820813,0.5202,0.47444808771002,0.47973660530954065,0.47973660530954065,10000
55,0.5245,1.18531142578125,3.271705556286461,0.564149588602609,0.5245,0.4788668546191565,0.48438418236244934,0.48438418236244934,10000
56,0.523,1.186916455078125,3.276960955962062,0.564085521899764,0.523,0.47810122243578,0.48294211422454436,0.48294211422454436,10000
57,0.5236,1.17982490234375,3.25380441947951,0.565599135172948,0.5236,0.47753746591975854,0.48318766720310885,0.48318766720310885,10000
58,0.5256,1.1759564453125,3.2412415320566756,0.5750374242261456,0.5256,0.4828938386626791,0.4861240665123412,0.4861240665123412,10000
59,0.5284,1.173041455078125,3.231807101959773,0.5723207815284501,0.5284,0.4868626546768147,0.48874965494102984,0.48874965494102984,10000
60,0.5278,1.17416806640625,3.2354501442121624,0.5725439820052226,0.5278,0.4855613395544974,0.48844931571085193,0.48844931571085193,10000
61,0.5318,1.170728955078125,3.2243421826760645,0.5708548242101287,0.5317999999999999,0.4890467194936453,0.4923416989128469,0.4923416989128469,10000
62,0.5306,1.1744009765625,3.2362038011745637,0.5759467606764975,0.5306,0.48708503287986843,0.4911558195087218,0.4911558195087218,10000
63,0.5324,1.172227880859375,3.229178856303069,0.5763143789839377,0.5324,0.48979171694604917,0.49307024876982436,0.49307024876982436,10000
64,0.5357,1.16224033203125,3.197087797071019,0.5751931715203019,0.5357000000000001,0.49367541360223727,0.49637360925466734,0.49637360925466734,10000
65,0.5351,1.163544970703125,3.2012615634849855,0.5884490328993726,0.5351000000000001,0.4942527130183951,0.49630961675835195,0.49630961675835195,10000
66,0.5357,1.1538900390625,3.1705023300157342,0.5842262033425338,0.5357000000000001,0.49497281466600684,0.497180339131124,0.497180339131124,10000
67,0.5358,1.150111376953125,3.1585446791825733,0.5829735574875319,0.5358,0.4950710357460875,0.49711461234705817,0.49711461234705817,10000
68,0.5396,1.145425341796875,3.1437782527911664,0.5861991436056396,0.5395999999999999,0.49955547017545116,0.501351059792953,0.501351059792953,10000
69,0.5424,1.140383544921875,3.1279678513282074,0.5864783218484722,0.5424,0.5018459407753599,0.5039752206458159,0.5039752206458159,10000
70,0.5413,1.144941943359375,3.14225892254644,0.5856197585271509,0.5413,0.4998519757581536,0.5030407742938647,0.5030407742938647,10000
71,0.544,1.136390380859375,3.115502267640042,0.5886753470607063,0.544,0.5037637603097864,0.5058911628145395,0.5058911628145395,10000
72,0.5429,1.13347451171875,3.1064311023129476,0.5906095107285035,0.5428999999999999,0.5016144008928112,0.5047439522432332,0.5047439522432332,10000
73,0.5428,1.13076015625,3.0980105773810482,0.5882796800633214,0.5428000000000001,0.5028591842269258,0.5053393332214212,0.5053393332214212,10000
74,0.546,1.1214462158203125,3.069289850607304,0.5914286149640597,0.546,0.507529229276705,0.5086988886698269,0.5086988886698269,10000
75,0.547,1.1234843994140624,3.0755520063689925,0.5877635561143563,0.5469999999999999,0.5061133436244861,0.5086873360433235,0.5086873360433235,10000
76,0.5476,1.1210258056640625,3.0679997611839833,0.590072883557285,0.5476000000000001,0.5071983746096581,0.5099273779914013,0.5099273779914013,10000
77,0.5483,1.1153916015625,3.050762628705487,0.5936897811993683,0.5483,0.5086759047128396,0.5108281144237962,0.5108281144237962,10000
78,0.5494,1.1058674072265624,3.021844502083049,0.5871133932897983,0.5494,0.5091839192410819,0.5108064308376471,0.5108064308376471,10000
79,0.5499,1.1041472412109374,3.01665089607898,0.5904145306039796,0.5499,0.5109555073899725,0.5121885392738068,0.5121885392738068,10000
80,0.5526,1.09536669921875,2.9902790153478156,0.5901422146460635,0.5526000000000001,0.5143442855581394,0.5147808682439546,0.5147808682439546,10000
81,0.5526,1.0973351928710937,2.996171158028342,0.5936065478563729,0.5526000000000001,0.513228005858934,0.5150917928849825,0.5150917928849825,10000
82,0.553,1.0882742431640624,2.969145625249703,0.5874976103518196,0.553,0.5137583134018328,0.5145464231234633,0.5145464231234633,10000
83,0.554,1.0912390380859376,2.977961595435867,0.5933582143030256,0.554,0.5151905329419819,0.5164253829177018,0.5164253829177018,10000
84,0.5541,1.0818342041015625,2.9500856508053865,0.5904895895127116,0.5540999999999999,0.5153470754539281,0.5160791291934065,0.5160791291934065,10000
85,0.5569,1.0779213623046875,2.9385649863340513,0.5886115151431739,0.5569000000000001,0.5177336651613442,0.5186870067978807,0.5186870067978807,10000
86,0.5566,1.0779480834960937,2.9386435093406202,0.5904137401235583,0.5566,0.5176846156091283,0.5187993498254542,0.5187993498254542,10000
87,0.5598,1.0701164184570313,2.9157189237172556,0.5935386066939093,0.5598000000000001,0.5240631728064987,0.5226084403545603,0.5226084403545603,10000
88,0.5598,1.064105517578125,2.8982453947126707,0.593165454443466,0.5598,0.5239983602499408,0.5225416147012125,0.5225416147012125,10000
89,0.5649,1.056907781982422,2.877459486145631,0.5947456735862587,0.5649,0.5309689562334844,0.5279429242336359,0.5279429242336359,10000
90,0.5638,1.0562427917480468,2.875546639770104,0.5905846144654749,0.5638,0.5274288918902419,0.5259046820467363,0.5259046820467363,10000
91,0.5666,1.0509450134277343,2.8603529131567647,0.5932637010492497,0.5666,0.5318290455785404,0.5291276188204483,0.5291276188204483,10000
92,0.5636,1.054426904296875,2.8703297088249506,0.5952519880289894,0.5635999999999999,0.5275688478703618,0.5267559882866752,0.5267559882866752,10000
93,0.5668,1.0515717041015624,2.8621460314578693,0.5966037391535808,0.5668,0.531315907425386,0.5298710916072858,0.5298710916072858,10000
94,0.5657,1.0461013793945313,2.846531909402668,0.5941991220331075,0.5657000000000001,0.52964820421338,0.5286312695283257,0.5286312695283257,10000
95,0.567,1.045888409423828,2.8459257481346816,0.5942116824565321,0.567,0.5305168595890736,0.5300415875749264,0.5300415875749264,10000
96,0.5714,1.0347216552734375,2.814322774689833,0.5924325856308346,0.5713999999999999,0.5356545370448706,0.5340976012559134,0.5340976012559134,10000
97,0.5698,1.0400803771972655,2.8294444280249436,0.5916299145803375,0.5698000000000001,0.532360806393539,0.532269644469589,0.532269644469589,10000
98,0.5746,1.0311557159423828,2.8043049425236464,0.5956461689235925,0.5746,0.540899657619987,0.537738295248194,0.537738295248194,10000
99,0.5726,1.0319699493408203,2.806589231113081,0.5946756325880562,0.5726,0.538310145524356,0.535680502001456,0.535680502001456,10000
100,0.5733,1.0312441192626953,2.804552863350085,0.5961385581954961,0.5732999999999999,0.539347668043624,0.5366892345587733,0.5366892345587733,10000
