Config,{"general": {"device": "cuda:0", "training_rounds": 100, "train_optimization": {"cudnn_benchmark": true, "pin_memory": true, "fused_optimizer": false, "torch_compile": false, "non_blocking_transfer": true}}, "dataset": "qqp", "model": "tiny_bert_lora", "loss_function": "CrossEntropyLoss", "aggregation": "zeropadding", "client_selection": {"method": "random", "round": 1, "client_selection_round": 1, "number": 10, "random_seed": 42}, "hyperparameters": {"training_rounds": 100, "local_epochs": 1, "selected_clients": 10, "client_selection_round": 1, "client_selection_method": "random", "optimizer": "AdamW", "lr": 0.0001, "weight_decay": 0.05, "batch_size": 64, "shuffle": true, "trainer_type": "glue", "rank_ratio_list": [1.0, 0.82, 0.81, 0.81, 0.8, 0.78, 0.75, 0.72, 0.67, 0.6]}, "effective_yaml": {"server_yaml": {"role": "server", "general": {"device": "cuda:0", "training_rounds": 100, "train_optimization": {"cudnn_benchmark": true, "pin_memory": true, "fused_optimizer": false, "torch_compile": false, "non_blocking_transfer": true}}, "training_logger": {"name": "train", "path": "./experiment_results/", "prefix": "qqp_zeropadding_dirichlet_0_8_10_", "save_weights": false}, "data_loader": {"name": "qqp", "root": ".dataset", "split": "", "batch_size": 64, "shuffle": true, "num_workers": 0, "is_download": true, "is_load_train_set": true, "is_load_test_set": true, "task_type": "nlp", "vocab_size": "None"}, "nn_model": {"name": "tiny_bert_lora", "pretrained_model": "prajjwal1/bert-tiny", "num_classes": 2, "pad_id": 0, "lora_r": 16, "lora_alpha": 16, "lora_dropout": 0.1, "merge_weights": true, "lora_embedding": true, "rank_ratio": 1.0}, "loss_func": {"type": "CrossEntropyLoss", "reduction": "mean", "weight": "None"}, "optimizer": {"type": "AdamW", "lr": 0.0001, "weight_decay": 0.05, "momentum": null, "nesterov": null, "betas": [0.9, 0.999], "amsgrad": false, "eps": 1e-08, "alpha": null, "centered": null}, "training": {"epochs": 1, "batch_size": 32, "shuffle": true, "lr": 0.01}, "trainer": {"use": "glue", "trainer_type": "glue", "device": "cuda"}, "tokenizer": {"type": "bert", "use_hf_tokenizer": true, "pretrained": "bert-base-uncased", "use_fast": true, "return_type": "tokens", "max_len": 256}, "data_distribution": {"use": "qqp_dirichlet_0_8", "custom_define": {"qqp_dirichlet_0_8": [[31200, 15400], [26500, 11800], [21800, 16200], [28400, 9500], [19500, 18100], [24100, 12600], [18200, 16900], [25600, 8200], [17300, 14200], [16868, 11478]]}}, "client_selection": {"method": "random", "round": 1, "client_selection_round": 1, "number": 10, "random_seed": 42}, "strategy": {"role": "server", "strategy_name": "rbla"}, "aggregation": {"method": "zeropadding", "device": "cpu"}, "rank_distribution": {"rank_ratio_list": [1.0, 0.82, 0.81, 0.81, 0.8, 0.78, 0.75, 0.72, 0.67, 0.6]}, "lora_inference": {"device": "cpu", "lora_mode": "standard", "scaling": 0.5, "rank_ratio": 1, "use_bias": true, "alpha": 0}}, "client_yamls": [{"index": 0, "node_id": "client.1", "yaml": {"role": "client", "training_logger": {"name": "train", "path": "./experiment_results/", "prefix": "", "save_weights": false}, "data_loader": {"name": "qqp", "root": ".dataset", "split": "", "batch_size": 64, "shuffle": true, "num_workers": 0, "is_download": true, "is_load_train_set": true, "is_load_test_set": true, "task_type": "nlp", "vocab_size": "None"}, "nn_model": {"name": "tiny_bert_lora", "pretrained_model": "prajjwal1/bert-tiny", "num_classes": 2, "pad_id": 0, "lora_r": 16, "lora_alpha": 16, "lora_dropout": 0.1, "merge_weights": true, "lora_embedding": true, "rank_ratio": 1.0, "share_model": false}, "loss_func": {"type": "CrossEntropyLoss", "reduction": "mean", "weight": "None"}, "optimizer": {"type": "AdamW", "lr": 0.0001, "weight_decay": 0.05, "momentum": null, "nesterov": null, "betas": [0.9, 0.999], "amsgrad": false, "eps": 1e-08, "alpha": null, "centered": null}, "training": {"epochs": 1, "batch_size": 32, "shuffle": true, "lr": 0.01}, "trainer": {"use": "glue", "trainer_type": "glue", "device": "cuda"}, "strategy": {"role": "client", "strategy_name": "rbla"}, "tokenizer": {"type": "bert", "use_hf_tokenizer": true, "pretrained": "bert-base-uncased", "use_fast": true, "return_type": "tokens", "max_len": 256}}}, {"index": 1, "node_id": "client.2", "yaml": {"role": "client", "training_logger": {"name": "train", "path": "./experiment_results/", "prefix": "", "save_weights": false}, "data_loader": {"name": "qqp", "root": ".dataset", "split": "", "batch_size": 64, "shuffle": true, "num_workers": 0, "is_download": true, "is_load_train_set": true, "is_load_test_set": true, "task_type": "nlp", "vocab_size": "None"}, "nn_model": {"name": "tiny_bert_lora", "pretrained_model": "prajjwal1/bert-tiny", "num_classes": 2, "pad_id": 0, "lora_r": 16, "lora_alpha": 16, "lora_dropout": 0.1, "merge_weights": true, "lora_embedding": true, "rank_ratio": 0.82, "share_model": false}, "loss_func": {"type": "CrossEntropyLoss", "reduction": "mean", "weight": "None"}, "optimizer": {"type": "AdamW", "lr": 0.0001, "weight_decay": 0.05, "momentum": null, "nesterov": null, "betas": [0.9, 0.999], "amsgrad": false, "eps": 1e-08, "alpha": null, "centered": null}, "training": {"epochs": 1, "batch_size": 32, "shuffle": true, "lr": 0.01}, "trainer": {"use": "glue", "trainer_type": "glue", "device": "cuda"}, "strategy": {"role": "client", "strategy_name": "rbla"}, "tokenizer": {"type": "bert", "use_hf_tokenizer": true, "pretrained": "bert-base-uncased", "use_fast": true, "return_type": "tokens", "max_len": 256}}}, {"index": 2, "node_id": "client.3", "yaml": {"role": "client", "training_logger": {"name": "train", "path": "./experiment_results/", "prefix": "", "save_weights": false}, "data_loader": {"name": "qqp", "root": ".dataset", "split": "", "batch_size": 64, "shuffle": true, "num_workers": 0, "is_download": true, "is_load_train_set": true, "is_load_test_set": true, "task_type": "nlp", "vocab_size": "None"}, "nn_model": {"name": "tiny_bert_lora", "pretrained_model": "prajjwal1/bert-tiny", "num_classes": 2, "pad_id": 0, "lora_r": 16, "lora_alpha": 16, "lora_dropout": 0.1, "merge_weights": true, "lora_embedding": true, "rank_ratio": 0.81, "share_model": false}, "loss_func": {"type": "CrossEntropyLoss", "reduction": "mean", "weight": "None"}, "optimizer": {"type": "AdamW", "lr": 0.0001, "weight_decay": 0.05, "momentum": null, "nesterov": null, "betas": [0.9, 0.999], "amsgrad": false, "eps": 1e-08, "alpha": null, "centered": null}, "training": {"epochs": 1, "batch_size": 32, "shuffle": true, "lr": 0.01}, "trainer": {"use": "glue", "trainer_type": "glue", "device": "cuda"}, "strategy": {"role": "client", "strategy_name": "rbla"}, "tokenizer": {"type": "bert", "use_hf_tokenizer": true, "pretrained": "bert-base-uncased", "use_fast": true, "return_type": "tokens", "max_len": 256}}}, {"index": 3, "node_id": "client.4", "yaml": {"role": "client", "training_logger": {"name": "train", "path": "./experiment_results/", "prefix": "", "save_weights": false}, "data_loader": {"name": "qqp", "root": ".dataset", "split": "", "batch_size": 64, "shuffle": true, "num_workers": 0, "is_download": true, "is_load_train_set": true, "is_load_test_set": true, "task_type": "nlp", "vocab_size": "None"}, "nn_model": {"name": "tiny_bert_lora", "pretrained_model": "prajjwal1/bert-tiny", "num_classes": 2, "pad_id": 0, "lora_r": 16, "lora_alpha": 16, "lora_dropout": 0.1, "merge_weights": true, "lora_embedding": true, "rank_ratio": 0.81, "share_model": false}, "loss_func": {"type": "CrossEntropyLoss", "reduction": "mean", "weight": "None"}, "optimizer": {"type": "AdamW", "lr": 0.0001, "weight_decay": 0.05, "momentum": null, "nesterov": null, "betas": [0.9, 0.999], "amsgrad": false, "eps": 1e-08, "alpha": null, "centered": null}, "training": {"epochs": 1, "batch_size": 32, "shuffle": true, "lr": 0.01}, "trainer": {"use": "glue", "trainer_type": "glue", "device": "cuda"}, "strategy": {"role": "client", "strategy_name": "rbla"}, "tokenizer": {"type": "bert", "use_hf_tokenizer": true, "pretrained": "bert-base-uncased", "use_fast": true, "return_type": "tokens", "max_len": 256}}}, {"index": 4, "node_id": "client.5", "yaml": {"role": "client", "training_logger": {"name": "train", "path": "./experiment_results/", "prefix": "", "save_weights": false}, "data_loader": {"name": "qqp", "root": ".dataset", "split": "", "batch_size": 64, "shuffle": true, "num_workers": 0, "is_download": true, "is_load_train_set": true, "is_load_test_set": true, "task_type": "nlp", "vocab_size": "None"}, "nn_model": {"name": "tiny_bert_lora", "pretrained_model": "prajjwal1/bert-tiny", "num_classes": 2, "pad_id": 0, "lora_r": 16, "lora_alpha": 16, "lora_dropout": 0.1, "merge_weights": true, "lora_embedding": true, "rank_ratio": 0.8, "share_model": false}, "loss_func": {"type": "CrossEntropyLoss", "reduction": "mean", "weight": "None"}, "optimizer": {"type": "AdamW", "lr": 0.0001, "weight_decay": 0.05, "momentum": null, "nesterov": null, "betas": [0.9, 0.999], "amsgrad": false, "eps": 1e-08, "alpha": null, "centered": null}, "training": {"epochs": 1, "batch_size": 32, "shuffle": true, "lr": 0.01}, "trainer": {"use": "glue", "trainer_type": "glue", "device": "cuda"}, "strategy": {"role": "client", "strategy_name": "rbla"}, "tokenizer": {"type": "bert", "use_hf_tokenizer": true, "pretrained": "bert-base-uncased", "use_fast": true, "return_type": "tokens", "max_len": 256}}}, {"index": 5, "node_id": "client.6", "yaml": {"role": "client", "training_logger": {"name": "train", "path": "./experiment_results/", "prefix": "", "save_weights": false}, "data_loader": {"name": "qqp", "root": ".dataset", "split": "", "batch_size": 64, "shuffle": true, "num_workers": 0, "is_download": true, "is_load_train_set": true, "is_load_test_set": true, "task_type": "nlp", "vocab_size": "None"}, "nn_model": {"name": "tiny_bert_lora", "pretrained_model": "prajjwal1/bert-tiny", "num_classes": 2, "pad_id": 0, "lora_r": 16, "lora_alpha": 16, "lora_dropout": 0.1, "merge_weights": true, "lora_embedding": true, "rank_ratio": 0.78, "share_model": false}, "loss_func": {"type": "CrossEntropyLoss", "reduction": "mean", "weight": "None"}, "optimizer": {"type": "AdamW", "lr": 0.0001, "weight_decay": 0.05, "momentum": null, "nesterov": null, "betas": [0.9, 0.999], "amsgrad": false, "eps": 1e-08, "alpha": null, "centered": null}, "training": {"epochs": 1, "batch_size": 32, "shuffle": true, "lr": 0.01}, "trainer": {"use": "glue", "trainer_type": "glue", "device": "cuda"}, "strategy": {"role": "client", "strategy_name": "rbla"}, "tokenizer": {"type": "bert", "use_hf_tokenizer": true, "pretrained": "bert-base-uncased", "use_fast": true, "return_type": "tokens", "max_len": 256}}}, {"index": 6, "node_id": "client.7", "yaml": {"role": "client", "training_logger": {"name": "train", "path": "./experiment_results/", "prefix": "", "save_weights": false}, "data_loader": {"name": "qqp", "root": ".dataset", "split": "", "batch_size": 64, "shuffle": true, "num_workers": 0, "is_download": true, "is_load_train_set": true, "is_load_test_set": true, "task_type": "nlp", "vocab_size": "None"}, "nn_model": {"name": "tiny_bert_lora", "pretrained_model": "prajjwal1/bert-tiny", "num_classes": 2, "pad_id": 0, "lora_r": 16, "lora_alpha": 16, "lora_dropout": 0.1, "merge_weights": true, "lora_embedding": true, "rank_ratio": 0.75, "share_model": false}, "loss_func": {"type": "CrossEntropyLoss", "reduction": "mean", "weight": "None"}, "optimizer": {"type": "AdamW", "lr": 0.0001, "weight_decay": 0.05, "momentum": null, "nesterov": null, "betas": [0.9, 0.999], "amsgrad": false, "eps": 1e-08, "alpha": null, "centered": null}, "training": {"epochs": 1, "batch_size": 32, "shuffle": true, "lr": 0.01}, "trainer": {"use": "glue", "trainer_type": "glue", "device": "cuda"}, "strategy": {"role": "client", "strategy_name": "rbla"}, "tokenizer": {"type": "bert", "use_hf_tokenizer": true, "pretrained": "bert-base-uncased", "use_fast": true, "return_type": "tokens", "max_len": 256}}}, {"index": 7, "node_id": "client.8", "yaml": {"role": "client", "training_logger": {"name": "train", "path": "./experiment_results/", "prefix": "", "save_weights": false}, "data_loader": {"name": "qqp", "root": ".dataset", "split": "", "batch_size": 64, "shuffle": true, "num_workers": 0, "is_download": true, "is_load_train_set": true, "is_load_test_set": true, "task_type": "nlp", "vocab_size": "None"}, "nn_model": {"name": "tiny_bert_lora", "pretrained_model": "prajjwal1/bert-tiny", "num_classes": 2, "pad_id": 0, "lora_r": 16, "lora_alpha": 16, "lora_dropout": 0.1, "merge_weights": true, "lora_embedding": true, "rank_ratio": 0.72, "share_model": false}, "loss_func": {"type": "CrossEntropyLoss", "reduction": "mean", "weight": "None"}, "optimizer": {"type": "AdamW", "lr": 0.0001, "weight_decay": 0.05, "momentum": null, "nesterov": null, "betas": [0.9, 0.999], "amsgrad": false, "eps": 1e-08, "alpha": null, "centered": null}, "training": {"epochs": 1, "batch_size": 32, "shuffle": true, "lr": 0.01}, "trainer": {"use": "glue", "trainer_type": "glue", "device": "cuda"}, "strategy": {"role": "client", "strategy_name": "rbla"}, "tokenizer": {"type": "bert", "use_hf_tokenizer": true, "pretrained": "bert-base-uncased", "use_fast": true, "return_type": "tokens", "max_len": 256}}}, {"index": 8, "node_id": "client.9", "yaml": {"role": "client", "training_logger": {"name": "train", "path": "./experiment_results/", "prefix": "", "save_weights": false}, "data_loader": {"name": "qqp", "root": ".dataset", "split": "", "batch_size": 64, "shuffle": true, "num_workers": 0, "is_download": true, "is_load_train_set": true, "is_load_test_set": true, "task_type": "nlp", "vocab_size": "None"}, "nn_model": {"name": "tiny_bert_lora", "pretrained_model": "prajjwal1/bert-tiny", "num_classes": 2, "pad_id": 0, "lora_r": 16, "lora_alpha": 16, "lora_dropout": 0.1, "merge_weights": true, "lora_embedding": true, "rank_ratio": 0.67, "share_model": false}, "loss_func": {"type": "CrossEntropyLoss", "reduction": "mean", "weight": "None"}, "optimizer": {"type": "AdamW", "lr": 0.0001, "weight_decay": 0.05, "momentum": null, "nesterov": null, "betas": [0.9, 0.999], "amsgrad": false, "eps": 1e-08, "alpha": null, "centered": null}, "training": {"epochs": 1, "batch_size": 32, "shuffle": true, "lr": 0.01}, "trainer": {"use": "glue", "trainer_type": "glue", "device": "cuda"}, "strategy": {"role": "client", "strategy_name": "rbla"}, "tokenizer": {"type": "bert", "use_hf_tokenizer": true, "pretrained": "bert-base-uncased", "use_fast": true, "return_type": "tokens", "max_len": 256}}}, {"index": 9, "node_id": "client.10", "yaml": {"role": "client", "training_logger": {"name": "train", "path": "./experiment_results/", "prefix": "", "save_weights": false}, "data_loader": {"name": "qqp", "root": ".dataset", "split": "", "batch_size": 64, "shuffle": true, "num_workers": 0, "is_download": true, "is_load_train_set": true, "is_load_test_set": true, "task_type": "nlp", "vocab_size": "None"}, "nn_model": {"name": "tiny_bert_lora", "pretrained_model": "prajjwal1/bert-tiny", "num_classes": 2, "pad_id": 0, "lora_r": 16, "lora_alpha": 16, "lora_dropout": 0.1, "merge_weights": true, "lora_embedding": true, "rank_ratio": 0.6, "share_model": false}, "loss_func": {"type": "CrossEntropyLoss", "reduction": "mean", "weight": "None"}, "optimizer": {"type": "AdamW", "lr": 0.0001, "weight_decay": 0.05, "momentum": null, "nesterov": null, "betas": [0.9, 0.999], "amsgrad": false, "eps": 1e-08, "alpha": null, "centered": null}, "training": {"epochs": 1, "batch_size": 32, "shuffle": true, "lr": 0.01}, "trainer": {"use": "glue", "trainer_type": "glue", "device": "cuda"}, "strategy": {"role": "client", "strategy_name": "rbla"}, "tokenizer": {"type": "bert", "use_hf_tokenizer": true, "pretrained": "bert-base-uncased", "use_fast": true, "return_type": "tokens", "max_len": 256}}}]}, "effective_client_rank_ratios": [1.0, 0.82, 0.81, 0.81, 0.8, 0.78, 0.75, 0.72, 0.67, 0.6], "effective_client_share_model": [false, false, false, false, false, false, false, false, false, false], "rank_distribution": {"rank_ratio_list": [1.0, 0.82, 0.81, 0.81, 0.8, 0.78, 0.75, 0.72, 0.67, 0.6]}, "rank_ratio_list": [1.0, 0.82, 0.81, 0.81, 0.8, 0.78, 0.75, 0.72, 0.67, 0.6], "rank_ratio_list_str": "[1.0, 0.82, 0.81, 0.81, 0.8, 0.78, 0.75, 0.72, 0.67, 0.6]", "epoch": 1, "batch_size": 64}

round,accuracy,average_loss,perplexity,precision,recall,f1_score,matthews_correlation,mcc,total_test_samples,primary_metric,primary_score
0,0.7298046005441504,0.5621822488328593,1.7544970748855226,0.7353253090909126,0.6620557437384665,0.6679822425788446,0.39056788390860997,0.39056788390860997,40430,f1_score,0.6679822425788446
1,0.7656690576304724,0.49530080323935205,1.6409917804672098,0.7490734458576525,0.7397508122065607,0.7436057746662433,0.4887353514672701,0.4887353514672701,40430,f1_score,0.7436057746662433
2,0.7732624288894385,0.4821298663609694,1.6195200928266673,0.756895008772442,0.7638564875239431,0.7597596649032523,0.5207049632071086,0.5207049632071086,40430,f1_score,0.7597596649032523
3,0.7755627009646302,0.47869895692069786,1.6139731869584486,0.7618458635655458,0.7753349043258707,0.7656875423174719,0.5370113808587097,0.5370113808587097,40430,f1_score,0.7656875423174719
4,0.7750680187979223,0.4764467128618147,1.610342215888308,0.7638829380082525,0.7802701115678214,0.7670073626400437,0.5439062436722617,0.5439062436722617,40430,f1_score,0.7670073626400437
5,0.7792233489982686,0.47082643019896525,1.6013170232748684,0.7677318473401837,0.7840490409509377,0.7710964088737464,0.5515395705441344,0.5515395705441344,40430,f1_score,0.7710964088737464
6,0.7831808063319318,0.4635093611595273,1.589642838555113,0.7707846741014852,0.7862976629135501,0.7745647566855689,0.5568663011821152,0.5568663011821152,40430,f1_score,0.7745647566855689
7,0.7836260202819688,0.46299469121134046,1.5888249076580392,0.7725863824164454,0.7895516175325502,0.7758976585872115,0.5618819375848562,0.5618819375848562,40430,f1_score,0.7758976585872115
8,0.7808805342567401,0.46301047009110247,1.5888499777330083,0.772823412686348,0.7916963898796627,0.7745381421581268,0.5642042344940601,0.5642042344940601,40430,f1_score,0.7745381421581268
9,0.7854316101904526,0.45444519209767403,1.5752991521231818,0.7759670836084549,0.7942886130392381,0.7785859600168851,0.5699612979128167,0.5699612979128167,40430,f1_score,0.7785859600168851
10,0.7851595349987633,0.4528605757256767,1.5728048840468762,0.7763260277841049,0.7950405184446319,0.7785982010578741,0.5710599775756241,0.5710599775756241,40430,f1_score,0.7785982010578741
11,0.7837249567153104,0.45193392225724766,1.571348114010658,0.7774939824122475,0.7973816221224468,0.7781554708098217,0.5745314982452115,0.5745314982452115,40430,f1_score,0.7781554708098217
12,0.7873608706406134,0.4481775744640087,1.5654566561000884,0.7793464348138333,0.7986749130953938,0.7812097863622256,0.577698094653357,0.577698094653357,40430,f1_score,0.7812097863622256
13,0.7910709868909226,0.44348355279887575,1.5581255881972698,0.7815768714552425,0.8002231698321568,0.784370375018431,0.5815011638843542,0.5815011638843542,40430,f1_score,0.784370375018431
14,0.793222854316102,0.44153732084679537,1.5550960634273936,0.782926704496673,0.8010709758701358,0.7861831722651694,0.5837157493936065,0.5837157493936065,40430,f1_score,0.7861831722651694
15,0.7947811031412317,0.43728321121230207,1.5484945659841944,0.7835016669765136,0.8007901972800803,0.7872330220409731,0.5840360342961628,0.5840360342961628,40430,f1_score,0.7872330220409731
16,0.7908236458075686,0.44137691447353294,1.554846636113185,0.7828180178037913,0.8023823871052111,0.7847690561272467,0.5848732763253064,0.5848732763253064,40430,f1_score,0.7847690561272467
17,0.7940143457828345,0.4364432056278042,1.5471943680644125,0.7844428154533309,0.8032112181517161,0.7873602035964123,0.5873542459814461,0.5873542459814461,40430,f1_score,0.7873602035964123
18,0.7957209992579768,0.43187538164251077,1.540143173089094,0.7861995212464077,0.80510846088032,0.7891391212331795,0.5910055682721639,0.5910055682721639,40430,f1_score,0.7891391212331795
19,0.793222854316102,0.433590712577967,1.5427872954430308,0.7850454864614849,0.8046734891163039,0.7871629871778161,0.5893922392331774,0.5893922392331774,40430,f1_score,0.7871629871778161
20,0.7940638139995053,0.433672194456718,1.542913009772027,0.7856522644930861,0.8051988057721582,0.7879298125595133,0.5905276623136381,0.5905276623136381,40430,f1_score,0.7879298125595133
21,0.7933959930744496,0.43205979145637635,1.540427216794388,0.7857047953423418,0.805609503222757,0.7875349897192891,0.5909791893897197,0.5909791893897197,40430,f1_score,0.7875349897192891
22,0.7978481325748207,0.4264620388229383,1.5318283758308748,0.7888746969373162,0.808305661470767,0.7915770021465921,0.5968641537952387,0.5968641537952387,40430,f1_score,0.7915770021465921
23,0.7987385604748949,0.4243542592286061,1.5286030196024176,0.7894750844621667,0.8087579842405004,0.7923621123851522,0.5979222142265235,0.5979222142265235,40430,f1_score,0.7923621123851522
24,0.7979470690081623,0.4265068241106883,1.531896980741704,0.7895801631629903,0.8094072366514782,0.7919377436496531,0.5986591620391188,0.5986591620391188,40430,f1_score,0.7919377436496531
25,0.7975513232747959,0.42484081341964963,1.529346948774299,0.7893313296282645,0.8092202218706436,0.7915914191500657,0.5982210225051615,0.5982210225051615,40430,f1_score,0.7915914191500657
26,0.8003462775166955,0.42052527614639973,1.52276121572234,0.7912787230915741,0.8108012147413461,0.7941033674394566,0.601763345394747,0.601763345394747,40430,f1_score,0.7941033674394566
27,0.8006430868167203,0.42112074102354086,1.523668236565302,0.7920637246209998,0.8119332182867633,0.7946193475578318,0.603670034259934,0.603670034259934,40430,f1_score,0.7946193475578318
28,0.7984170170665348,0.4229352273137269,1.5264354214416378,0.7910123351760292,0.8114051664970029,0.7927978179230641,0.6020722371548882,0.6020722371548882,40430,f1_score,0.7927978179230641
29,0.7993321790749444,0.42314591561099724,1.5267570574027511,0.7920948516915964,0.8126340108772856,0.7937987634411797,0.6043799634036513,0.6043799634036513,40430,f1_score,0.7937987634411797
30,0.8009893643334158,0.41896610490437813,1.5203888201923732,0.7927666694209562,0.8128800874559066,0.7951218480284312,0.6053126832723837,0.6053126832723837,40430,f1_score,0.7951218480284312
31,0.8018303240168192,0.41746839155751,1.518113417939442,0.7928063143188071,0.8124522099454597,0.795648332168592,0.6049396002739321,0.6049396002739321,40430,f1_score,0.795648332168592
32,0.7992332426416028,0.41961842323924065,1.5213809212435776,0.7921274499687996,0.8127239284044511,0.7937450869988806,0.6045005996656009,0.6045005996656009,40430,f1_score,0.7937450869988806
33,0.7999257976749938,0.4202486735020656,1.5223400741904975,0.7924212933498737,0.8128654715840955,0.7943089738042244,0.6049414049150195,0.6049414049150195,40430,f1_score,0.7943089738042244
34,0.798689092258224,0.42059772576608784,1.522871543189838,0.7924856550222352,0.8134427557841671,0.7934999788664596,0.6055658832447768,0.6055658832447768,40430,f1_score,0.7934999788664596
35,0.8072965619589414,0.4094387721637968,1.5059723542896088,0.7970498109587634,0.8160209613824734,0.800689689572684,0.6127771759381069,0.6127771759381069,40430,f1_score,0.800689689572684
36,0.8072965619589414,0.41099186702851404,1.5083130894408259,0.7969636880376794,0.8158527506472437,0.8006450474002611,0.6125252573047124,0.6125252573047124,40430,f1_score,0.8006450474002611
37,0.8032401681919367,0.41392207836385353,1.5127392471745613,0.7950519669538083,0.8153341008802857,0.7974477384653356,0.6100490036459002,0.6100490036459002,40430,f1_score,0.7974477384653356
38,0.8075191689339599,0.409055080972271,1.5053946368022297,0.7974089536899394,0.8165195250098081,0.8009883492869543,0.6136309664793771,0.6136309664793771,40430,f1_score,0.8009883492869543
39,0.8065050704922088,0.4106739875307892,1.5078337038310077,0.7967165715431345,0.8160534410976092,0.8001036789827685,0.6124648348007993,0.6124648348007993,40430,f1_score,0.8001036789827685
40,0.8089290131090774,0.40874545324447276,1.5049285970345374,0.7983126534552797,0.8170044129676117,0.8021738846352702,0.615033096961136,0.615033096961136,40430,f1_score,0.8021738846352702
41,0.8021023992085086,0.41518303330157497,1.514647946336684,0.7951309085394045,0.8159896782884215,0.7967363993668853,0.6107645072933954,0.6107645072933954,40430,f1_score,0.7967363993668853
42,0.805515706158793,0.4110132059247783,1.5083452755207818,0.7966451722696406,0.8166302124600735,0.7995037054473588,0.6129496681489971,0.6129496681489971,40430,f1_score,0.7995037054473588
43,0.8067771456838981,0.408511092109666,1.5045759415867128,0.797201434837015,0.8167313269416673,0.8004847278877724,0.6136220492286608,0.6136220492286608,40430,f1_score,0.8004847278877724
44,0.8108830076675736,0.40293902017354905,1.4962156499109929,0.7998344685808738,0.8181441945500747,0.8039404163435102,0.6177073595320419,0.6177073595320419,40430,f1_score,0.8039404163435102
45,0.8108830076675736,0.403500415258351,1.497055853843769,0.7998796809666158,0.8182423174789587,0.8039668774659652,0.6178491875390517,0.6178491875390517,40430,f1_score,0.8039668774659652
46,0.8098689092258224,0.4030997677159551,1.4964561822315974,0.799387393150975,0.8182668482111797,0.8032138965118327,0.617365635623889,0.617365635623889,40430,f1_score,0.8032138965118327
47,0.8103635913925303,0.40321716717083855,1.4966318756846044,0.7999153001848248,0.8188545601092686,0.8037406687906972,0.6184799466772436,0.6184799466772436,40430,f1_score,0.8037406687906972
48,0.8128122681177343,0.3991849866754903,1.4906093359701131,0.8011311038208797,0.8187037003797563,0.8055293702182145,0.6195856586047,0.6195856586047,40430,f1_score,0.8055293702182145
49,0.8110561464259214,0.4013533077630966,1.4938449622973557,0.8004162972379854,0.819192349146681,0.8043502726623243,0.619324094920713,0.619324094920713,40430,f1_score,0.8043502726623243
50,0.8127627999010636,0.39884746665120746,1.4901063103662227,0.8019789929239931,0.8206830825984798,0.8060270666075107,0.6223810868940367,0.6223810868940367,40430,f1_score,0.8060270666075107
51,0.8121939154093495,0.400529606412196,1.4926149868196497,0.8019262771345075,0.8211440381346045,0.8057187044999398,0.6227738718280446,0.6227738718280446,40430,f1_score,0.8057187044999398
52,0.8133564185011131,0.3991632960174687,1.4905770040234145,0.8021632184505054,0.8204099110996008,0.8063996151750685,0.6223056803896158,0.6223056803896158,40430,f1_score,0.8063996151750685
53,0.8137026960178085,0.39765946403046276,1.4883371112789754,0.8016249174709336,0.8186233558212624,0.8061664323099045,0.6200153011140941,0.6200153011140941,40430,f1_score,0.8061664323099045
54,0.8140489735345041,0.3967984652581145,1.4870562063612347,0.8026214484626288,0.8205935069630526,0.8069669920990304,0.6229557655078661,0.6229557655078661,40430,f1_score,0.8069669920990304
55,0.8171407370764284,0.3940795264251746,1.48301848314367,0.8047100118349073,0.8211618165049945,0.8094211170076995,0.6256555630957251,0.6256555630957251,40430,f1_score,0.8094211170076995
56,0.8148899332179075,0.3958124266825423,1.4855906342517806,0.8028860948546352,0.8200394714011834,0.8074407323418229,0.6226893469204245,0.6226893469204245,40430,f1_score,0.8074407323418229
57,0.8152362107346031,0.39564276011662997,1.4853386005719647,0.8038437329182524,0.8219114996140897,0.8082107597713643,0.6254943379825515,0.6254943379825515,40430,f1_score,0.8082107597713643
58,0.8168933959930744,0.392836155926506,1.4811756875889717,0.8046233355582362,0.8213725927616391,0.809297330132905,0.625771815166037,0.625771815166037,40430,f1_score,0.809297330132905
59,0.816176106851348,0.39242309146578463,1.4805639928957106,0.8038307451098883,0.8204264928489069,0.8085009816349646,0.6240366017317627,0.6240366017317627,40430,f1_score,0.8085009816349646
60,0.8160277022013357,0.39308690427259557,1.4815471365110577,0.8037992335272253,0.8206034218234625,0.8084409618410251,0.6241764936816303,0.6241764936816303,40430,f1_score,0.8084409618410251
61,0.8158545634429879,0.393629452927467,1.482351166009939,0.8037852480440769,0.820858900424886,0.8083839429441086,0.6244107643297759,0.6244107643297759,40430,f1_score,0.8083839429441086
62,0.819243136284937,0.38962775830169316,1.4764311023589616,0.8063578134475702,0.8218303003262502,0.8111612704686653,0.6279975385592681,0.6279975385592681,40430,f1_score,0.8111612704686653
63,0.8179816967598318,0.3905663681964959,1.4778175457635927,0.8052587780197025,0.8211124131488143,0.8100272519860201,0.6261705289927494,0.6261705289927494,40430,f1_score,0.8100272519860201
64,0.8166213208013852,0.3919903849659065,1.479923481819146,0.8047220669021613,0.8220964630444947,0.809295743813492,0.6265776885935025,0.6265776885935025,40430,f1_score,0.809295743813492
65,0.8209250556517438,0.3862287658778801,1.4714212432875788,0.8076012512437738,0.8217735462976972,0.8123763226648412,0.6292152110631719,0.6292152110631719,40430,f1_score,0.8123763226648412
66,0.8172644076181054,0.39143341012794786,1.4790994311867056,0.8048623769766893,0.821371823505228,0.8095717292117502,0.6260165429352067,0.6260165429352067,40430,f1_score,0.8095717292117502
67,0.8204798417017066,0.3873048142958713,1.4730054159590087,0.8073649014077051,0.8222062102924799,0.8121779523711594,0.6293961552456397,0.6293961552456397,40430,f1_score,0.8121779523711594
68,0.8225575068018798,0.38727793347384415,1.4729658208947536,0.8088893072886489,0.8215094349298823,0.8134824982457718,0.6302724066378166,0.6302724066378166,40430,f1_score,0.8134824982457718
69,0.8229285184269107,0.384927317596679,1.469507510222002,0.809396432795882,0.822630070575002,0.8140908454657259,0.6318879424346988,0.6318879424346988,40430,f1_score,0.8140908454657259
70,0.8223101657185259,0.38385462357860495,1.4679320234649544,0.8087999698545137,0.8221827907084083,0.8135069823569764,0.6308408232142229,0.6308408232142229,40430,f1_score,0.8135069823569764
71,0.8208755874350729,0.3863797157862798,1.4716433709541241,0.8078030961167998,0.822757681666312,0.8126286591447117,0.630383418920172,0.630383418920172,40430,f1_score,0.8126286591447117
72,0.8197625525599802,0.3888819201627109,1.4753303342816773,0.8069276521939353,0.8225216908939699,0.8117421089722991,0.629256149330952,0.629256149330952,40430,f1_score,0.8117421089722991
73,0.8224091021518675,0.38595024145478046,1.471011473602737,0.8090917363279864,0.8232142780827737,0.8138858583244739,0.6321482813979681,0.6321482813979681,40430,f1_score,0.8138858583244739
74,0.8222854316101904,0.3854198319145927,1.47023144196981,0.8090290273130327,0.8233687276755379,0.8138407288904812,0.632235156811212,0.632235156811212,40430,f1_score,0.8138407288904812
75,0.823324264160277,0.3849104351891818,1.4694827016068095,0.8098017530236852,0.8230413663361429,0.8145021413433065,0.6327046122484125,0.6327046122484125,40430,f1_score,0.8145021413433065
76,0.8236210734603018,0.3852173304413322,1.46993374807952,0.8100875888264416,0.8232482108377972,0.8147801740356273,0.633199047033881,0.633199047033881,40430,f1_score,0.8147801740356273
77,0.8228048478852338,0.38418476144305674,1.468416723412842,0.8095262656061064,0.8237657494566059,0.8143376348943248,0.6331319084060304,0.6331319084060304,40430,f1_score,0.8143376348943248
78,0.8247588424437299,0.38247877370594696,1.46591375811084,0.8109676483072469,0.8224104051331627,0.8153485906277753,0.6332746812372851,0.6332746812372851,40430,f1_score,0.8153485906277753
79,0.8242888943853575,0.38160788672353085,1.4646376686470612,0.8106259494308221,0.8230337592449664,0.8152004204690448,0.6335382172013786,0.6335382172013786,40430,f1_score,0.8152004204690448
80,0.82508038585209,0.38179697040841626,1.464914633918453,0.8113786452915357,0.8234077888066355,0.8158878542995565,0.6346724482923178,0.6346724482923178,40430,f1_score,0.8158878542995565
81,0.82508038585209,0.3818012819825615,1.4649209500201297,0.8113732294162468,0.8233657361228279,0.8158749968525884,0.634625664590164,0.634625664590164,40430,f1_score,0.8158749968525884
82,0.825204056393767,0.3823800350441486,1.4657690228936506,0.8114985307597337,0.8234776201941774,0.815998747678603,0.6348631456436621,0.6348631456436621,40430,f1_score,0.815998747678603
83,0.8263170912688598,0.3809012466688248,1.4636030625948542,0.8125104917712089,0.8233071016897144,0.8167497094789938,0.6357259200069694,0.6357259200069694,40430,f1_score,0.8167497094789938
84,0.8269354439772446,0.37803148322107766,1.4594088890452226,0.813084886878574,0.8228572576350835,0.8170522325746745,0.6358670552390862,0.6358670552390862,40430,f1_score,0.8170522325746745
85,0.8261192184021766,0.3803405505063479,1.4627826559951773,0.8122982153991753,0.8230103396608948,0.8165146611178766,0.6352182385025761,0.6352182385025761,40430,f1_score,0.8165146611178766
86,0.8252782587187731,0.38009747570173713,1.4624271335979024,0.8115239389227087,0.8231298308234206,0.8159456490102903,0.6345476425975926,0.6345476425975926,40430,f1_score,0.8159456490102903
87,0.8283700222606974,0.3763515777290678,1.4569592781708918,0.814563997561012,0.8225627179025625,0.8179810279907089,0.6370765040639158,0.6370765040639158,40430,f1_score,0.8179810279907089
88,0.8278258718773188,0.37688164154757314,1.4577317642846683,0.8140077807337731,0.82147327987856,0.8172383962696763,0.635437207534698,0.635437207534698,40430,f1_score,0.8172383962696763
89,0.8261192184021766,0.38057131712725045,1.4631202563577654,0.812275501603481,0.8227019533129737,0.8164179606473985,0.6348918469762609,0.6348918469762609,40430,f1_score,0.8164179606473985
90,0.8257976749938165,0.3801951470511873,1.462569977805293,0.8120756799204127,0.8238072038298712,0.816529374294884,0.6357746559853884,0.6357746559853884,40430,f1_score,0.816529374294884
91,0.827083848627257,0.37791736572944024,1.4592423544659665,0.8132136343929292,0.822063555964686,0.8169042670629247,0.6352155441083281,0.6352155441083281,40430,f1_score,0.8169042670629247
92,0.8269107098689092,0.37809983867541,1.4595086510124884,0.8130553119507132,0.8227395614041836,0.8169971503912455,0.6357211151888006,0.6357211151888006,40430,f1_score,0.8169971503912455
93,0.8274053920356171,0.3759426481957309,1.4563636062953904,0.8135777511469278,0.8207340244674822,0.8166968757589941,0.6342714059732373,0.6342714059732373,40430,f1_score,0.8166968757589941
94,0.8281721493940144,0.37605230918385857,1.4565233213246238,0.8143513646936895,0.822700500273086,0.8178850106598563,0.6369971511653122,0.6369971511653122,40430,f1_score,0.8178850106598563
95,0.8266386346772199,0.3772175447512699,1.4582215033022699,0.8127466634731814,0.8214308853030143,0.8163828938155131,0.6341180865288376,0.6341180865288376,40430,f1_score,0.8163828938155131
96,0.8256740044521395,0.37936610150773603,1.461357943168586,0.8118300847536564,0.8224617743668379,0.8160228708334956,0.6342027512732044,0.6342027512732044,40430,f1_score,0.8160228708334956
97,0.8275537966856295,0.37633141482816956,1.4569299019415092,0.8137059546356682,0.8218467111296872,0.817168038196076,0.635500526392508,0.635500526392508,40430,f1_score,0.817168038196076
98,0.8289141726440762,0.37421527780166747,1.4538500984234113,0.8151454570904901,0.8227690495666096,0.8184348864730836,0.6378689509933281,0.6378689509933281,40430,f1_score,0.8184348864730836
99,0.8286173633440514,0.3771204108490733,1.4580798674363207,0.8148189870297435,0.8239499436305997,0.8186040970392888,0.6387036655668352,0.6387036655668352,40430,f1_score,0.8186040970392888
100,0.8282710858273559,0.37539446705230356,1.4555654740089667,0.8144537017534937,0.8230030744614565,0.8180532604782279,0.637399442868173,0.637399442868173,40430,f1_score,0.8180532604782279
