Config,{"general": {"device": "cuda:0", "training_rounds": 100, "train_optimization": {"cudnn_benchmark": true, "pin_memory": true, "fused_optimizer": false, "torch_compile": false, "non_blocking_transfer": true}}, "dataset": "kmnist", "model": "simple_lora_mlp", "loss_function": "CrossEntropyLoss", "aggregation": "rbla", "client_selection": {"method": "random", "round": 1, "client_selection_round": 1, "number": 10, "random_seed": 42}, "hyperparameters": {"training_rounds": 100, "local_epochs": 5, "selected_clients": 10, "client_selection_round": 1, "client_selection_method": "random", "optimizer": "SGD", "lr": 0.01, "momentum": 0.0, "weight_decay": 0.0001, "nesterov": false, "batch_size": 64, "shuffle": true, "trainer_type": "standard", "rank_ratio_list": [1.0, 0.7347, 0.6022, 0.5138, 0.4476, 0.3946, 0.3504, 0.3125, 0.2794, 0.25]}, "effective_yaml": {"server_yaml": {"role": "server", "general": {"device": "cuda:0", "training_rounds": 100, "train_optimization": {"cudnn_benchmark": true, "pin_memory": true, "fused_optimizer": false, "torch_compile": false, "non_blocking_transfer": true}}, "training_logger": {"name": "train", "path": "./experiment_results/", "prefix": "kmnist_double_imbalance_rank_mismatch_rbla_", "save_weights": false}, "data_loader": {"name": "kmnist", "root": "../.dataset", "split": "", "batch_size": 64, "shuffle": true, "num_workers": 0, "is_download": true, "is_load_train_set": true, "is_load_test_set": true, "task_type": "cv"}, "nn_model": {"name": "simple_lora_mlp", "input_dim": 0, "hidden_dim": 0, "output_dim": 0, "softmax_dim": 1, "lora_mode": "standard", "rank_ratio": 1.0, "cap_lora_rank_to_matrix_dim": true, "share_model": false}, "loss_func": {"type": "CrossEntropyLoss", "reduction": "mean", "weight": "None"}, "optimizer": {"type": "SGD", "lr": 0.01, "weight_decay": 0.0001, "momentum": 0.0, "nesterov": false, "betas": [0.9, 0.999], "amsgrad": false, "eps": "1e-8", "alpha": "None", "centered": "None"}, "training": {"epochs": 5, "batch_size": 64, "shuffle": true, "lr": 0.01}, "trainer": {"trainer_type": "standard", "save_path": "./.training_results/"}, "data_distribution": {"use": "kmnist_double_imbalance", "custom_define": {"kmnist_double_imbalance": [[600, 0, 0, 0, 0, 0, 0, 0, 0, 0], [600, 666, 0, 0, 0, 0, 0, 0, 0, 0], [600, 666, 750, 0, 0, 0, 0, 0, 0, 0], [600, 666, 750, 857, 0, 0, 0, 0, 0, 0], [600, 666, 750, 857, 1000, 0, 0, 0, 0, 0], [600, 666, 750, 857, 1000, 1200, 0, 0, 0, 0], [600, 666, 750, 857, 1000, 1200, 1500, 0, 0, 0], [600, 666, 750, 857, 1000, 1200, 1500, 2000, 0, 0], [600, 666, 750, 857, 1000, 1200, 1500, 2000, 3000, 0], [600, 672, 750, 858, 1000, 1200, 1500, 2000, 3000, 6000]]}}, "client_selection": {"method": "random", "round": 1, "client_selection_round": 1, "number": 10, "random_seed": 42}, "strategy": {"role": "server", "strategy_name": "rbla"}, "aggregation": {"method": "rbla", "device": "cpu", "is_wbab": false, "pad_mode": "nan"}, "canonicalization": {"enabled": false, "start_round": 0, "interval": 1, "deterministic_sign": true, "svd_fallback": true, "log_diagnostics": true, "ordering": "singular_value", "activation_chunk_size": 4096, "activation_fallback": true}, "rank_distribution": {"rank_ratio_list": [1.0, 0.7347, 0.6022, 0.5138, 0.4476, 0.3946, 0.3504, 0.3125, 0.2794, 0.25]}, "lora_inference": {"device": "cpu", "lora_mode": "standard", "scaling": 0.5, "rank_ratio": 1, "use_bias": true, "alpha": 0}}, "client_yamls": [{"index": 0, "node_id": "client.1", "yaml": {"role": "client", "training_logger": {"name": "train", "path": "./experiment_results/", "prefix": "", "save_weights": false}, "data_loader": {"name": "kmnist", "root": "../.dataset", "split": "", "batch_size": 64, "shuffle": true, "num_workers": 0, "is_download": true, "is_load_train_set": true, "is_load_test_set": true, "task_type": "cv"}, "nn_model": {"name": "simple_lora_mlp", "input_dim": 0, "hidden_dim": 0, "output_dim": 0, "softmax_dim": 1, "lora_mode": "standard", "rank_ratio": 1.0, "cap_lora_rank_to_matrix_dim": true, "share_model": false}, "loss_func": {"type": "CrossEntropyLoss", "reduction": "mean", "weight": "None"}, "optimizer": {"type": "SGD", "lr": 0.01, "weight_decay": 0.0001, "momentum": 0.0, "nesterov": false, "betas": [0.9, 0.999], "amsgrad": false, "eps": "1e-8", "alpha": "None", "centered": "None"}, "training": {"epochs": 5, "batch_size": 64, "shuffle": true, "lr": 0.01}, "trainer": {"trainer_type": "standard", "save_path": "./.training_results/"}, "strategy": {"role": "client", "strategy_name": "rbla"}}}, {"index": 1, "node_id": "client.2", "yaml": {"role": "client", "training_logger": {"name": "train", "path": "./experiment_results/", "prefix": "", "save_weights": false}, "data_loader": {"name": "kmnist", "root": "../.dataset", "split": "", "batch_size": 64, "shuffle": true, "num_workers": 0, "is_download": true, "is_load_train_set": true, "is_load_test_set": true, "task_type": "cv"}, "nn_model": {"name": "simple_lora_mlp", "input_dim": 0, "hidden_dim": 0, "output_dim": 0, "softmax_dim": 1, "lora_mode": "standard", "rank_ratio": 0.7347, "cap_lora_rank_to_matrix_dim": true, "share_model": false}, "loss_func": {"type": "CrossEntropyLoss", "reduction": "mean", "weight": "None"}, "optimizer": {"type": "SGD", "lr": 0.01, "weight_decay": 0.0001, "momentum": 0.0, "nesterov": false, "betas": [0.9, 0.999], "amsgrad": false, "eps": "1e-8", "alpha": "None", "centered": "None"}, "training": {"epochs": 5, "batch_size": 64, "shuffle": true, "lr": 0.01}, "trainer": {"trainer_type": "standard", "save_path": "./.training_results/"}, "strategy": {"role": "client", "strategy_name": "rbla"}}}, {"index": 2, "node_id": "client.3", "yaml": {"role": "client", "training_logger": {"name": "train", "path": "./experiment_results/", "prefix": "", "save_weights": false}, "data_loader": {"name": "kmnist", "root": "../.dataset", "split": "", "batch_size": 64, "shuffle": true, "num_workers": 0, "is_download": true, "is_load_train_set": true, "is_load_test_set": true, "task_type": "cv"}, "nn_model": {"name": "simple_lora_mlp", "input_dim": 0, "hidden_dim": 0, "output_dim": 0, "softmax_dim": 1, "lora_mode": "standard", "rank_ratio": 0.6022, "cap_lora_rank_to_matrix_dim": true, "share_model": false}, "loss_func": {"type": "CrossEntropyLoss", "reduction": "mean", "weight": "None"}, "optimizer": {"type": "SGD", "lr": 0.01, "weight_decay": 0.0001, "momentum": 0.0, "nesterov": false, "betas": [0.9, 0.999], "amsgrad": false, "eps": "1e-8", "alpha": "None", "centered": "None"}, "training": {"epochs": 5, "batch_size": 64, "shuffle": true, "lr": 0.01}, "trainer": {"trainer_type": "standard", "save_path": "./.training_results/"}, "strategy": {"role": "client", "strategy_name": "rbla"}}}, {"index": 3, "node_id": "client.4", "yaml": {"role": "client", "training_logger": {"name": "train", "path": "./experiment_results/", "prefix": "", "save_weights": false}, "data_loader": {"name": "kmnist", "root": "../.dataset", "split": "", "batch_size": 64, "shuffle": true, "num_workers": 0, "is_download": true, "is_load_train_set": true, "is_load_test_set": true, "task_type": "cv"}, "nn_model": {"name": "simple_lora_mlp", "input_dim": 0, "hidden_dim": 0, "output_dim": 0, "softmax_dim": 1, "lora_mode": "standard", "rank_ratio": 0.5138, "cap_lora_rank_to_matrix_dim": true, "share_model": false}, "loss_func": {"type": "CrossEntropyLoss", "reduction": "mean", "weight": "None"}, "optimizer": {"type": "SGD", "lr": 0.01, "weight_decay": 0.0001, "momentum": 0.0, "nesterov": false, "betas": [0.9, 0.999], "amsgrad": false, "eps": "1e-8", "alpha": "None", "centered": "None"}, "training": {"epochs": 5, "batch_size": 64, "shuffle": true, "lr": 0.01}, "trainer": {"trainer_type": "standard", "save_path": "./.training_results/"}, "strategy": {"role": "client", "strategy_name": "rbla"}}}, {"index": 4, "node_id": "client.5", "yaml": {"role": "client", "training_logger": {"name": "train", "path": "./experiment_results/", "prefix": "", "save_weights": false}, "data_loader": {"name": "kmnist", "root": "../.dataset", "split": "", "batch_size": 64, "shuffle": true, "num_workers": 0, "is_download": true, "is_load_train_set": true, "is_load_test_set": true, "task_type": "cv"}, "nn_model": {"name": "simple_lora_mlp", "input_dim": 0, "hidden_dim": 0, "output_dim": 0, "softmax_dim": 1, "lora_mode": "standard", "rank_ratio": 0.4476, "cap_lora_rank_to_matrix_dim": true, "share_model": false}, "loss_func": {"type": "CrossEntropyLoss", "reduction": "mean", "weight": "None"}, "optimizer": {"type": "SGD", "lr": 0.01, "weight_decay": 0.0001, "momentum": 0.0, "nesterov": false, "betas": [0.9, 0.999], "amsgrad": false, "eps": "1e-8", "alpha": "None", "centered": "None"}, "training": {"epochs": 5, "batch_size": 64, "shuffle": true, "lr": 0.01}, "trainer": {"trainer_type": "standard", "save_path": "./.training_results/"}, "strategy": {"role": "client", "strategy_name": "rbla"}}}, {"index": 5, "node_id": "client.6", "yaml": {"role": "client", "training_logger": {"name": "train", "path": "./experiment_results/", "prefix": "", "save_weights": false}, "data_loader": {"name": "kmnist", "root": "../.dataset", "split": "", "batch_size": 64, "shuffle": true, "num_workers": 0, "is_download": true, "is_load_train_set": true, "is_load_test_set": true, "task_type": "cv"}, "nn_model": {"name": "simple_lora_mlp", "input_dim": 0, "hidden_dim": 0, "output_dim": 0, "softmax_dim": 1, "lora_mode": "standard", "rank_ratio": 0.3946, "cap_lora_rank_to_matrix_dim": true, "share_model": false}, "loss_func": {"type": "CrossEntropyLoss", "reduction": "mean", "weight": "None"}, "optimizer": {"type": "SGD", "lr": 0.01, "weight_decay": 0.0001, "momentum": 0.0, "nesterov": false, "betas": [0.9, 0.999], "amsgrad": false, "eps": "1e-8", "alpha": "None", "centered": "None"}, "training": {"epochs": 5, "batch_size": 64, "shuffle": true, "lr": 0.01}, "trainer": {"trainer_type": "standard", "save_path": "./.training_results/"}, "strategy": {"role": "client", "strategy_name": "rbla"}}}, {"index": 6, "node_id": "client.7", "yaml": {"role": "client", "training_logger": {"name": "train", "path": "./experiment_results/", "prefix": "", "save_weights": false}, "data_loader": {"name": "kmnist", "root": "../.dataset", "split": "", "batch_size": 64, "shuffle": true, "num_workers": 0, "is_download": true, "is_load_train_set": true, "is_load_test_set": true, "task_type": "cv"}, "nn_model": {"name": "simple_lora_mlp", "input_dim": 0, "hidden_dim": 0, "output_dim": 0, "softmax_dim": 1, "lora_mode": "standard", "rank_ratio": 0.3504, "cap_lora_rank_to_matrix_dim": true, "share_model": false}, "loss_func": {"type": "CrossEntropyLoss", "reduction": "mean", "weight": "None"}, "optimizer": {"type": "SGD", "lr": 0.01, "weight_decay": 0.0001, "momentum": 0.0, "nesterov": false, "betas": [0.9, 0.999], "amsgrad": false, "eps": "1e-8", "alpha": "None", "centered": "None"}, "training": {"epochs": 5, "batch_size": 64, "shuffle": true, "lr": 0.01}, "trainer": {"trainer_type": "standard", "save_path": "./.training_results/"}, "strategy": {"role": "client", "strategy_name": "rbla"}}}, {"index": 7, "node_id": "client.8", "yaml": {"role": "client", "training_logger": {"name": "train", "path": "./experiment_results/", "prefix": "", "save_weights": false}, "data_loader": {"name": "kmnist", "root": "../.dataset", "split": "", "batch_size": 64, "shuffle": true, "num_workers": 0, "is_download": true, "is_load_train_set": true, "is_load_test_set": true, "task_type": "cv"}, "nn_model": {"name": "simple_lora_mlp", "input_dim": 0, "hidden_dim": 0, "output_dim": 0, "softmax_dim": 1, "lora_mode": "standard", "rank_ratio": 0.3125, "cap_lora_rank_to_matrix_dim": true, "share_model": false}, "loss_func": {"type": "CrossEntropyLoss", "reduction": "mean", "weight": "None"}, "optimizer": {"type": "SGD", "lr": 0.01, "weight_decay": 0.0001, "momentum": 0.0, "nesterov": false, "betas": [0.9, 0.999], "amsgrad": false, "eps": "1e-8", "alpha": "None", "centered": "None"}, "training": {"epochs": 5, "batch_size": 64, "shuffle": true, "lr": 0.01}, "trainer": {"trainer_type": "standard", "save_path": "./.training_results/"}, "strategy": {"role": "client", "strategy_name": "rbla"}}}, {"index": 8, "node_id": "client.9", "yaml": {"role": "client", "training_logger": {"name": "train", "path": "./experiment_results/", "prefix": "", "save_weights": false}, "data_loader": {"name": "kmnist", "root": "../.dataset", "split": "", "batch_size": 64, "shuffle": true, "num_workers": 0, "is_download": true, "is_load_train_set": true, "is_load_test_set": true, "task_type": "cv"}, "nn_model": {"name": "simple_lora_mlp", "input_dim": 0, "hidden_dim": 0, "output_dim": 0, "softmax_dim": 1, "lora_mode": "standard", "rank_ratio": 0.2794, "cap_lora_rank_to_matrix_dim": true, "share_model": false}, "loss_func": {"type": "CrossEntropyLoss", "reduction": "mean", "weight": "None"}, "optimizer": {"type": "SGD", "lr": 0.01, "weight_decay": 0.0001, "momentum": 0.0, "nesterov": false, "betas": [0.9, 0.999], "amsgrad": false, "eps": "1e-8", "alpha": "None", "centered": "None"}, "training": {"epochs": 5, "batch_size": 64, "shuffle": true, "lr": 0.01}, "trainer": {"trainer_type": "standard", "save_path": "./.training_results/"}, "strategy": {"role": "client", "strategy_name": "rbla"}}}, {"index": 9, "node_id": "client.10", "yaml": {"role": "client", "training_logger": {"name": "train", "path": "./experiment_results/", "prefix": "", "save_weights": false}, "data_loader": {"name": "kmnist", "root": "../.dataset", "split": "", "batch_size": 64, "shuffle": true, "num_workers": 0, "is_download": true, "is_load_train_set": true, "is_load_test_set": true, "task_type": "cv"}, "nn_model": {"name": "simple_lora_mlp", "input_dim": 0, "hidden_dim": 0, "output_dim": 0, "softmax_dim": 1, "lora_mode": "standard", "rank_ratio": 0.25, "cap_lora_rank_to_matrix_dim": true, "share_model": false}, "loss_func": {"type": "CrossEntropyLoss", "reduction": "mean", "weight": "None"}, "optimizer": {"type": "SGD", "lr": 0.01, "weight_decay": 0.0001, "momentum": 0.0, "nesterov": false, "betas": [0.9, 0.999], "amsgrad": false, "eps": "1e-8", "alpha": "None", "centered": "None"}, "training": {"epochs": 5, "batch_size": 64, "shuffle": true, "lr": 0.01}, "trainer": {"trainer_type": "standard", "save_path": "./.training_results/"}, "strategy": {"role": "client", "strategy_name": "rbla"}}}]}, "effective_client_rank_ratios": [1.0, 0.7347, 0.6022, 0.5138, 0.4476, 0.3946, 0.3504, 0.3125, 0.2794, 0.25], "effective_client_share_model": [false, false, false, false, false, false, false, false, false, false], "rank_distribution": {"rank_ratio_list": [1.0, 0.7347, 0.6022, 0.5138, 0.4476, 0.3946, 0.3504, 0.3125, 0.2794, 0.25]}, "rank_ratio_list": [1.0, 0.7347, 0.6022, 0.5138, 0.4476, 0.3946, 0.3504, 0.3125, 0.2794, 0.25], "rank_ratio_list_str": "[1.0, 0.7347, 0.6022, 0.5138, 0.4476, 0.3946, 0.3504, 0.3125, 0.2794, 0.25]", "epoch": 5, "batch_size": 64}

round,accuracy,average_loss,perplexity,precision,recall,f1_score,matthews_correlation,mcc,total_test_samples,invalid_label_samples,evaluation_status
0,0.1201,2.30782578125,10.052544446832027,0.05488512030131474,0.12010000000000001,0.0586457114977629,0.028636155400269057,0.028636155400269057,10000,0,evaluated
1,0.1114,2.31249140625,10.099555432052618,0.07234449580411262,0.11139999999999999,0.052136950280412785,0.01875117507948164,0.01875117507948164,10000,0,evaluated
2,0.1097,2.31506171875,10.125547835614043,0.09105216846993697,0.10969999999999998,0.044933746947462536,0.015805061117701014,0.015805061117701014,10000,0,evaluated
3,0.1105,2.31602265625,10.135282530705025,0.09424719163138313,0.1105,0.04325080269404109,0.016830040097291037,0.016830040097291037,10000,0,evaluated
4,0.1137,2.31573984375,10.132416551400796,0.09831135209442973,0.1137,0.045330728980818684,0.02165016439696201,0.02165016439696201,10000,0,evaluated
5,0.1148,2.31511484375,10.126085769631556,0.09920590243252814,0.11479999999999999,0.045924304918638734,0.023427692304960474,0.023427692304960474,10000,0,evaluated
6,0.1175,2.31420546875,10.116881546064496,0.10251873841279842,0.11749999999999998,0.047580589257427655,0.02757365912604623,0.02757365912604623,10000,0,evaluated
7,0.1207,2.313071875,10.105419610191236,0.10107313849393851,0.1207,0.049778544360821145,0.032682162170356244,0.032682162170356244,10000,0,evaluated
8,0.1224,2.311903125,10.093615800216925,0.09645701252399175,0.1224,0.05075004581219398,0.035350463700286404,0.035350463700286404,10000,0,evaluated
9,0.126,2.3106140625,10.080612881187673,0.1024380958912332,0.126,0.054509510863454035,0.040719897273779254,0.040719897273779254,10000,0,evaluated
10,0.1296,2.3090828125,10.065188754823879,0.10771349738510039,0.1296,0.057061607125345006,0.04601653902767051,0.04601653902767051,10000,0,evaluated
11,0.1342,2.3076453125,10.050730440392048,0.10299124138750922,0.13419999999999999,0.060713775082644306,0.05241472603709006,0.05241472603709006,10000,0,evaluated
12,0.1377,2.30600546875,10.034262319159627,0.1082660780799473,0.1377,0.06375566096768948,0.05698375507654385,0.05698375507654385,10000,0,evaluated
13,0.1404,2.30407109375,10.014871054021784,0.11734391736132177,0.1404,0.06644745071529388,0.06062101362751214,0.06062101362751214,10000,0,evaluated
14,0.1463,2.3016859375,9.991012486251243,0.09775103836341932,0.1463,0.07266704363049739,0.06727661047668232,0.06727661047668232,10000,0,evaluated
15,0.1515,2.2988234375,9.962454106690483,0.09679455639548037,0.15150000000000002,0.07865030633241604,0.07296354042539296,0.07296354042539296,10000,0,evaluated
16,0.1574,2.29549453125,9.929345169797903,0.0914265841149577,0.1574,0.08381652472258128,0.07826551079765424,0.07826551079765424,10000,0,evaluated
17,0.1662,2.291034375,9.885157354413206,0.09072988792166967,0.1662,0.09083172340041461,0.08731854566535942,0.08731854566535942,10000,0,evaluated
18,0.1732,2.2858015625,9.83356528298855,0.08461278735371718,0.1732,0.09611743587693151,0.09394791870234705,0.09394791870234705,10000,0,evaluated
19,0.178,2.2794703125,9.771503195398335,0.0781814783230382,0.178,0.09813413712653687,0.09833702231371713,0.09833702231371713,10000,0,evaluated
20,0.1783,2.271490625,9.69383992989123,0.07280465302938248,0.1783,0.09729361720135207,0.09838953553340768,0.09838953553340768,10000,0,evaluated
21,0.1784,2.262075,9.60299472165646,0.0954326559207945,0.1784,0.09545671792059338,0.09964797774007726,0.09964797774007726,10000,0,evaluated
22,0.177,2.25079140625,9.49524746177936,0.10189232213974848,0.177,0.09330616153081302,0.09906456889953415,0.09906456889953415,10000,0,evaluated
23,0.1704,2.23739296875,9.368874472926631,0.13784908098165324,0.17040000000000002,0.08751065554650951,0.0917230437834289,0.0917230437834289,10000,0,evaluated
24,0.1676,2.2221515625,9.227162340376442,0.13027434533838472,0.1676,0.08678698849097768,0.08830547005778698,0.08830547005778698,10000,0,evaluated
25,0.1635,2.20539765625,9.073859127318187,0.12778525898970125,0.16349999999999998,0.08998574591216206,0.08274134118997369,0.08274134118997369,10000,0,evaluated
26,0.1686,2.18817734375,8.9189421253848,0.24891416782908643,0.1686,0.10203182578743578,0.08774414652843615,0.08774414652843615,10000,0,evaluated
27,0.1762,2.17273359375,8.782258384384209,0.13720634171356963,0.1762,0.12077649322970066,0.09382359952570808,0.09382359952570808,10000,0,evaluated
28,0.1885,2.16145703125,8.683780985629527,0.1549309022623059,0.18849999999999997,0.14088436338814583,0.1061361562275877,0.1061361562275877,10000,0,evaluated
29,0.1944,2.1530765625,8.611310921147151,0.17245242517273285,0.1944,0.15306661155442178,0.11304961255255687,0.11304961255255687,10000,0,evaluated
30,0.1876,2.1483328125,8.57055775280902,0.23550602233792572,0.1876,0.15598579842859425,0.10604017580099069,0.10604017580099069,10000,0,evaluated
31,0.1867,2.1441484375,8.534770251591727,0.2669557164529395,0.1867,0.15618563168194297,0.10587024566474244,0.10587024566474244,10000,0,evaluated
32,0.1837,2.1433296875,8.527785268315965,0.2844463166228592,0.1837,0.15122649169733235,0.10378647424326812,0.10378647424326812,10000,0,evaluated
33,0.1827,2.1415203125,8.512369257723979,0.27041777074966317,0.1827,0.14818294471030488,0.10286573938813272,0.10286573938813272,10000,0,evaluated
34,0.1807,2.1411546875,8.509257491618529,0.25872313307585126,0.1807,0.14506575530165586,0.10127246468497172,0.10127246468497172,10000,0,evaluated
35,0.1869,2.13927421875,8.493271134453238,0.26806079506421404,0.1869,0.15056205299135214,0.10900846981965598,0.10900846981965598,10000,0,evaluated
36,0.1877,2.1427703125,8.523016372356437,0.25371984623377697,0.18769999999999998,0.1522019255207451,0.11116245531825387,0.11116245531825387,10000,0,evaluated
37,0.195,2.1414046875,8.511385071927894,0.2608154234950269,0.195,0.161725625131779,0.11938747529131973,0.11938747529131973,10000,0,evaluated
38,0.202,2.139051953125,8.491383582013029,0.2655255580453577,0.202,0.17139791643641863,0.12809288603924093,0.12809288603924093,10000,0,evaluated
39,0.21,2.137671875,8.479672891972783,0.2620733801685504,0.21000000000000002,0.17840886585270882,0.1398016077756289,0.1398016077756289,10000,0,evaluated
40,0.2207,2.128889453125,8.405526894566815,0.2771364171635387,0.22069999999999998,0.18922012218835382,0.1529545556963905,0.1529545556963905,10000,0,evaluated
41,0.2245,2.121833984375,8.346430683120266,0.2809446967344769,0.2245,0.1902047912411186,0.15974543394371485,0.15974543394371485,10000,0,evaluated
42,0.2268,2.115994921875,8.297837360497835,0.38290256589121147,0.22680000000000003,0.1901333452057664,0.16343859002871747,0.16343859002871747,10000,0,evaluated
43,0.2299,2.105490625,8.211130607449197,0.39383242426612036,0.2299,0.19200916409047109,0.16830918909867193,0.16830918909867193,10000,0,evaluated
44,0.2277,2.10991640625,8.247551812024977,0.3962313099841805,0.22769999999999996,0.18619705937501074,0.16747944184976676,0.16747944184976676,10000,0,evaluated
45,0.2314,2.106930859375,8.222965080169208,0.39838193532339244,0.23139999999999997,0.18920883423687615,0.17246430757756423,0.17246430757756423,10000,0,evaluated
46,0.2362,2.10032109375,8.168792439704017,0.3044153601443769,0.23620000000000002,0.19106173490281314,0.1781945133185941,0.1781945133185941,10000,0,evaluated
47,0.237,2.100428515625,8.169669993837788,0.30571174741476764,0.23700000000000002,0.18688886781344322,0.17864205550779233,0.17864205550779233,10000,0,evaluated
48,0.2421,2.095337109375,8.12818059429023,0.31467980481629826,0.24210000000000004,0.18896731606508596,0.18270036356662808,0.18270036356662808,10000,0,evaluated
49,0.2486,2.088942578125,8.076370516597683,0.3287693747017228,0.2486,0.19674830394989976,0.1901520118351258,0.1901520118351258,10000,0,evaluated
50,0.255,2.08551953125,8.048771984222737,0.33094040988624707,0.255,0.19917426381434972,0.19694243452139842,0.19694243452139842,10000,0,evaluated
51,0.259,2.084604296875,8.041408841440909,0.34047368276255785,0.259,0.20115348461371102,0.20166659171636364,0.20166659171636364,10000,0,evaluated
52,0.2649,2.0754884765625,7.968437903673326,0.3273900092487082,0.2649,0.20538832357926803,0.20770811375249087,0.20770811375249087,10000,0,evaluated
53,0.2728,2.0727759765625,7.9468528038858395,0.3325858011089053,0.27280000000000004,0.21416883818107185,0.2167012032919284,0.2167012032919284,10000,0,evaluated
54,0.279,2.079947265625,8.004046814760626,0.3440008162981356,0.279,0.22363433296418575,0.22573219098675387,0.22573219098675387,10000,0,evaluated
55,0.2852,2.075003515625,7.9645744594426375,0.3518033391177919,0.2852,0.2335059819510213,0.23462546502628406,0.23462546502628406,10000,0,evaluated
56,0.2947,2.0743849609375,7.959649457925222,0.35436968367807375,0.2947,0.24339754701345523,0.2444366492553811,0.2444366492553811,10000,0,evaluated
57,0.298,2.078593359375,7.993217418400784,0.3585418356524938,0.298,0.2496304124744971,0.25184477605716027,0.25184477605716027,10000,0,evaluated
58,0.3022,2.08225537109375,8.022542335581273,0.3684628559771112,0.30219999999999997,0.2512245439791486,0.2552376911375225,0.2552376911375225,10000,0,evaluated
59,0.3086,2.084923828125,8.04397873341831,0.36698546165045653,0.30860000000000004,0.2594224980431411,0.2639498834244086,0.2639498834244086,10000,0,evaluated
60,0.3065,2.09618173828125,8.135048790705689,0.36561963256698976,0.3065,0.2585557509089243,0.26332188637524007,0.26332188637524007,10000,0,evaluated
61,0.3101,2.10036494140625,8.169150629959738,0.37903797942217404,0.3101,0.2627692065178756,0.2691850875784907,0.2691850875784907,10000,0,evaluated
62,0.309,2.1132658203125,8.275222592627316,0.3974404033211113,0.309,0.2600065739067877,0.26857019569463075,0.26857019569463075,10000,0,evaluated
63,0.3113,2.11625185546875,8.299969627585014,0.40886602721789755,0.3113,0.264456412738628,0.2723578371940104,0.2723578371940104,10000,0,evaluated
64,0.3047,2.129496630859375,8.410632093067472,0.4085987539007963,0.30469999999999997,0.25742647316682454,0.2672940521105271,0.2672940521105271,10000,0,evaluated
65,0.3014,2.14474775390625,8.539886812493378,0.4065030711842853,0.3014,0.25386107583578327,0.26529984665943374,0.26529984665943374,10000,0,evaluated
66,0.3036,2.152397216796875,8.605462850730262,0.4132172818791725,0.3036,0.256529704929605,0.26751415512461063,0.26751415512461063,10000,0,evaluated
67,0.2982,2.1654334716796875,8.718380268827072,0.4148355533656316,0.2982,0.2494627757432338,0.2651158971442429,0.2651158971442429,10000,0,evaluated
68,0.2926,2.188857275390625,8.92500845844894,0.4117253094650731,0.2926,0.24412427203855352,0.26047659131626105,0.26047659131626105,10000,0,evaluated
69,0.2964,2.1798900146484375,8.845333348120924,0.4165333438613983,0.2964,0.24515431895757792,0.26364644507442325,0.26364644507442325,10000,0,evaluated
70,0.293,2.1942193603515623,8.972993647438061,0.4194279268616845,0.293,0.24292005579567116,0.2611027243388411,0.2611027243388411,10000,0,evaluated
71,0.2901,2.216773876953125,9.177674746442245,0.41465120683207424,0.29009999999999997,0.2372675272923618,0.25814184313306643,0.25814184313306643,10000,0,evaluated
72,0.294,2.2065904541015624,9.084688864550268,0.42096101676552655,0.294,0.24098198655511727,0.2614116979375708,0.2614116979375708,10000,0,evaluated
73,0.2896,2.213539294433594,9.148036759235799,0.42023131850794615,0.28959999999999997,0.23636409245538176,0.25843764472610187,0.25843764472610187,10000,0,evaluated
74,0.2966,2.2179578125,9.188546956540248,0.4264734144900165,0.2966,0.2428651786904083,0.2639534032837608,0.2639534032837608,10000,0,evaluated
75,0.2953,2.2196306030273436,9.203930333845936,0.42866320765826255,0.2953,0.24201416037613255,0.26331293379812826,0.26331293379812826,10000,0,evaluated
76,0.2975,2.213957751464844,9.151865620590941,0.42806543109020334,0.2975,0.24665701752783833,0.26666956676204456,0.26666956676204456,10000,0,evaluated
77,0.2985,2.2244629516601564,9.248514570539436,0.42848700829065745,0.2985,0.2448465230124211,0.2666222108836485,0.2666222108836485,10000,0,evaluated
78,0.3008,2.2085072875976564,9.10211940084833,0.4372390521973674,0.3008,0.24947470166703106,0.26955597485021865,0.26955597485021865,10000,0,evaluated
79,0.3057,2.2035026611328123,9.056680490435092,0.4437723305117093,0.30569999999999997,0.25558753178906246,0.2731174335537036,0.2731174335537036,10000,0,evaluated
80,0.3101,2.1859613525390627,8.89919971061185,0.44369299969383497,0.3101,0.2607428592825986,0.2771318561796766,0.2771318561796766,10000,0,evaluated
81,0.3099,2.1831644775390626,8.874344536031918,0.444522556826104,0.30989999999999995,0.26086734795946015,0.2769262210208344,0.2769262210208344,10000,0,evaluated
82,0.3152,2.175052038574219,8.802643187269801,0.44761210694887427,0.31520000000000004,0.26877425060883525,0.2820703912077235,0.2820703912077235,10000,0,evaluated
83,0.319,2.154152746582031,8.620583265365623,0.4494081705881151,0.31900000000000006,0.2747603718132436,0.2861641054230364,0.2861641054230364,10000,0,evaluated
84,0.3245,2.14760654296875,8.564335477645274,0.45639791025793575,0.3245,0.2813303012672856,0.2907008300419813,0.2907008300419813,10000,0,evaluated
85,0.3244,2.140195690917969,8.501101054391263,0.4538965594642771,0.32439999999999997,0.28072335322531994,0.2908366684673523,0.2908366684673523,10000,0,evaluated
86,0.3239,2.1373038330078127,8.47655259050473,0.4541445335003863,0.32389999999999997,0.280075714233018,0.2909525729801557,0.2909525729801557,10000,0,evaluated
87,0.3341,2.1095318603515625,8.244380859530974,0.45933511850295694,0.33409999999999995,0.2947696941689837,0.30157043022677127,0.30157043022677127,10000,0,evaluated
88,0.3323,2.115966052246094,8.29759780847042,0.46165324822924436,0.3323,0.2913332320174386,0.2989998141078197,0.2989998141078197,10000,0,evaluated
89,0.3383,2.0933782470703126,8.112274192030538,0.45868035183869627,0.3383,0.29955497161653877,0.30549150915621176,0.30549150915621176,10000,0,evaluated
90,0.3355,2.0967198791503905,8.139427771080893,0.4582826114971196,0.3355,0.2958406675111437,0.30279542580758,0.30279542580758,10000,0,evaluated
91,0.3408,2.0788219482421875,7.995044787765828,0.4619449706050668,0.3408,0.30332427764050934,0.30861271876470175,0.30861271876470175,10000,0,evaluated
92,0.3362,2.0903097045898438,8.087419487420107,0.4623436271957422,0.3362,0.2990423556201488,0.30501507702651875,0.30501507702651875,10000,0,evaluated
93,0.3475,2.052092724609375,7.784174205733956,0.46709441858429884,0.34750000000000003,0.31106078003444504,0.31441504089621597,0.31441504089621597,10000,0,evaluated
94,0.3505,2.038614929199219,7.67996453414631,0.4683621541025068,0.3505,0.31537396217874375,0.31753701109843757,0.31753701109843757,10000,0,evaluated
95,0.3429,2.0639552795410157,7.87706426728596,0.46594204243156845,0.34290000000000004,0.30677534864046774,0.3116635167622485,0.3116635167622485,10000,0,evaluated
96,0.3489,2.046553350830078,7.741173962409358,0.46728165004800887,0.3489,0.3139581918670439,0.31676451588746124,0.31676451588746124,10000,0,evaluated
97,0.3489,2.0354083923339843,7.655377884809031,0.570418099851872,0.3489,0.31464133966808616,0.3172166903265098,0.3172166903265098,10000,0,evaluated
98,0.3494,2.0316761779785155,7.62685962480407,0.5699759746662233,0.3494,0.3144003422497184,0.3175101613661679,0.3175101613661679,10000,0,evaluated
99,0.354,2.023107037353516,7.5617832148200925,0.5710317094124822,0.354,0.31950458262355774,0.32144766024566807,0.32144766024566807,10000,0,evaluated
100,0.3545,2.015618328857422,7.505366731568707,0.569886504334864,0.3545,0.3202997107468913,0.32202439591704396,0.32202439591704396,10000,0,evaluated
