Config,{"general": {"device": "cuda:0", "training_rounds": 100, "train_optimization": {"cudnn_benchmark": true, "pin_memory": true, "fused_optimizer": false, "torch_compile": false, "non_blocking_transfer": true}}, "dataset": "cinic10", "model": "cifar_lora_cnn", "loss_function": "CrossEntropyLoss", "aggregation": "zeropadding", "client_selection": {"method": "random", "round": 1, "client_selection_round": 1, "number": 10, "random_seed": 42}, "hyperparameters": {"training_rounds": 100, "local_epochs": 5, "selected_clients": 10, "client_selection_round": 1, "client_selection_method": "random", "optimizer": "Adam", "lr": 0.001, "momentum": 0.9, "weight_decay": 0.0001, "nesterov": false, "batch_size": 64, "shuffle": true, "trainer_type": "standard", "rank_ratio_list": [1.0, 0.3772, 0.7804, 0.5904, 0.25, 0.9215, 0.4868, 0.9716, 0.7761, 0.5674]}, "effective_yaml": {"server_yaml": {"role": "server", "general": {"device": "cuda:0", "training_rounds": 100, "train_optimization": {"cudnn_benchmark": true, "pin_memory": true, "fused_optimizer": false, "torch_compile": false, "non_blocking_transfer": true}}, "training_logger": {"name": "train", "path": "./experiment_results/", "prefix": "cinic10_dirichlet_0_4_rank_mismatch_zeropadding_", "save_weights": false}, "data_loader": {"name": "cinic10", "root": ".dataset", "split": "", "batch_size": 64, "shuffle": true, "num_workers": 0, "is_download": true, "task_type": "cv"}, "nn_model": {"name": "cifar_lora_cnn", "input_dim": 0, "hidden_dim": 0, "output_dim": 0, "softmax_dim": 1, "lora_mode": "standard", "rank_ratio": 1.0, "lora_rank_conv": 64, "lora_rank_fc": 16, "lora_alpha_conv": 64, "lora_alpha_fc": 16, "lora_dropout": 0.0, "dropout": 0.25, "merge_weights": false, "use_bias": true, "share_model": false}, "loss_func": {"type": "CrossEntropyLoss", "reduction": "mean", "weight": "None"}, "optimizer": {"type": "Adam", "lr": 0.001, "weight_decay": 0.0001, "momentum": 0.9, "nesterov": false, "betas": [0.9, 0.999], "amsgrad": false, "eps": "1e-8", "alpha": "None", "centered": "None"}, "training": {"epochs": 5, "batch_size": 64, "shuffle": true, "lr": 0.01}, "trainer": {"trainer_type": "standard", "save_path": "./.training_results/", "use_amp": true}, "data_distribution": {"use": "cinic10_dirichlet_0_4", "custom_define": {"cinic10_dirichlet_0_4": [[397, 107, 71, 3, 2644, 37, 0, 48, 98, 52], [2333, 328, 4455, 1615, 10, 67, 218, 2310, 2635, 16], [44, 41, 2803, 0, 1196, 2861, 9, 167, 49, 0], [3, 2, 362, 1165, 1262, 480, 4344, 497, 1157, 1110], [1297, 7371, 3, 1606, 405, 1100, 376, 1950, 296, 1733], [0, 119, 0, 200, 0, 2011, 154, 14, 3, 2284], [4058, 941, 123, 2808, 0, 1125, 338, 353, 2087, 300], [65, 12, 1120, 164, 113, 85, 564, 2, 97, 1715], [236, 0, 54, 140, 3149, 37, 1, 1138, 710, 1777], [567, 79, 9, 1299, 221, 1197, 2996, 2521, 1868, 13]]}}, "client_selection": {"method": "random", "round": 1, "client_selection_round": 1, "number": 10, "random_seed": 42}, "strategy": {"role": "server", "strategy_name": "rbla"}, "aggregation": {"method": "zeropadding", "device": "cpu"}, "rank_distribution": {"rank_ratio_list": [1.0, 0.3772, 0.7804, 0.5904, 0.25, 0.9215, 0.4868, 0.9716, 0.7761, 0.5674]}, "lora_inference": {"device": "cpu", "lora_mode": "standard", "scaling": 0.5, "rank_ratio": 1, "use_bias": true, "alpha": 0}}, "client_yamls": [{"index": 0, "node_id": "client.1", "yaml": {"role": "client", "training_logger": {"name": "train", "path": "./experiment_results/", "prefix": "", "save_weights": false}, "data_loader": {"name": "cinic10", "root": ".dataset", "split": "", "batch_size": 64, "shuffle": true, "num_workers": 0, "is_download": true, "task_type": "cv"}, "nn_model": {"name": "cifar_lora_cnn", "input_dim": 0, "hidden_dim": 0, "output_dim": 0, "softmax_dim": 1, "lora_mode": "standard", "rank_ratio": 1.0, "lora_rank_conv": 64, "lora_rank_fc": 16, "lora_alpha_conv": 64, "lora_alpha_fc": 16, "lora_dropout": 0.0, "dropout": 0.25, "merge_weights": false, "use_bias": true, "share_model": false}, "loss_func": {"type": "CrossEntropyLoss", "reduction": "mean", "weight": "None"}, "optimizer": {"type": "Adam", "lr": 0.001, "weight_decay": 0.0001, "momentum": 0.9, "nesterov": false, "betas": [0.9, 0.999], "amsgrad": false, "eps": "1e-8", "alpha": "None", "centered": "None"}, "training": {"epochs": 5, "batch_size": 64, "shuffle": true, "lr": 0.01}, "trainer": {"trainer_type": "standard", "save_path": "./.training_results/", "use_amp": true}, "strategy": {"role": "client", "strategy_name": "rbla"}}}, {"index": 1, "node_id": "client.2", "yaml": {"role": "client", "training_logger": {"name": "train", "path": "./experiment_results/", "prefix": "", "save_weights": false}, "data_loader": {"name": "cinic10", "root": ".dataset", "split": "", "batch_size": 64, "shuffle": true, "num_workers": 0, "is_download": true, "task_type": "cv"}, "nn_model": {"name": "cifar_lora_cnn", "input_dim": 0, "hidden_dim": 0, "output_dim": 0, "softmax_dim": 1, "lora_mode": "standard", "rank_ratio": 0.3772, "lora_rank_conv": 64, "lora_rank_fc": 16, "lora_alpha_conv": 64, "lora_alpha_fc": 16, "lora_dropout": 0.0, "dropout": 0.25, "merge_weights": false, "use_bias": true, "share_model": false}, "loss_func": {"type": "CrossEntropyLoss", "reduction": "mean", "weight": "None"}, "optimizer": {"type": "Adam", "lr": 0.001, "weight_decay": 0.0001, "momentum": 0.9, "nesterov": false, "betas": [0.9, 0.999], "amsgrad": false, "eps": "1e-8", "alpha": "None", "centered": "None"}, "training": {"epochs": 5, "batch_size": 64, "shuffle": true, "lr": 0.01}, "trainer": {"trainer_type": "standard", "save_path": "./.training_results/", "use_amp": true}, "strategy": {"role": "client", "strategy_name": "rbla"}}}, {"index": 2, "node_id": "client.3", "yaml": {"role": "client", "training_logger": {"name": "train", "path": "./experiment_results/", "prefix": "", "save_weights": false}, "data_loader": {"name": "cinic10", "root": ".dataset", "split": "", "batch_size": 64, "shuffle": true, "num_workers": 0, "is_download": true, "task_type": "cv"}, "nn_model": {"name": "cifar_lora_cnn", "input_dim": 0, "hidden_dim": 0, "output_dim": 0, "softmax_dim": 1, "lora_mode": "standard", "rank_ratio": 0.7804, "lora_rank_conv": 64, "lora_rank_fc": 16, "lora_alpha_conv": 64, "lora_alpha_fc": 16, "lora_dropout": 0.0, "dropout": 0.25, "merge_weights": false, "use_bias": true, "share_model": false}, "loss_func": {"type": "CrossEntropyLoss", "reduction": "mean", "weight": "None"}, "optimizer": {"type": "Adam", "lr": 0.001, "weight_decay": 0.0001, "momentum": 0.9, "nesterov": false, "betas": [0.9, 0.999], "amsgrad": false, "eps": "1e-8", "alpha": "None", "centered": "None"}, "training": {"epochs": 5, "batch_size": 64, "shuffle": true, "lr": 0.01}, "trainer": {"trainer_type": "standard", "save_path": "./.training_results/", "use_amp": true}, "strategy": {"role": "client", "strategy_name": "rbla"}}}, {"index": 3, "node_id": "client.4", "yaml": {"role": "client", "training_logger": {"name": "train", "path": "./experiment_results/", "prefix": "", "save_weights": false}, "data_loader": {"name": "cinic10", "root": ".dataset", "split": "", "batch_size": 64, "shuffle": true, "num_workers": 0, "is_download": true, "task_type": "cv"}, "nn_model": {"name": "cifar_lora_cnn", "input_dim": 0, "hidden_dim": 0, "output_dim": 0, "softmax_dim": 1, "lora_mode": "standard", "rank_ratio": 0.5904, "lora_rank_conv": 64, "lora_rank_fc": 16, "lora_alpha_conv": 64, "lora_alpha_fc": 16, "lora_dropout": 0.0, "dropout": 0.25, "merge_weights": false, "use_bias": true, "share_model": false}, "loss_func": {"type": "CrossEntropyLoss", "reduction": "mean", "weight": "None"}, "optimizer": {"type": "Adam", "lr": 0.001, "weight_decay": 0.0001, "momentum": 0.9, "nesterov": false, "betas": [0.9, 0.999], "amsgrad": false, "eps": "1e-8", "alpha": "None", "centered": "None"}, "training": {"epochs": 5, "batch_size": 64, "shuffle": true, "lr": 0.01}, "trainer": {"trainer_type": "standard", "save_path": "./.training_results/", "use_amp": true}, "strategy": {"role": "client", "strategy_name": "rbla"}}}, {"index": 4, "node_id": "client.5", "yaml": {"role": "client", "training_logger": {"name": "train", "path": "./experiment_results/", "prefix": "", "save_weights": false}, "data_loader": {"name": "cinic10", "root": ".dataset", "split": "", "batch_size": 64, "shuffle": true, "num_workers": 0, "is_download": true, "task_type": "cv"}, "nn_model": {"name": "cifar_lora_cnn", "input_dim": 0, "hidden_dim": 0, "output_dim": 0, "softmax_dim": 1, "lora_mode": "standard", "rank_ratio": 0.25, "lora_rank_conv": 64, "lora_rank_fc": 16, "lora_alpha_conv": 64, "lora_alpha_fc": 16, "lora_dropout": 0.0, "dropout": 0.25, "merge_weights": false, "use_bias": true, "share_model": false}, "loss_func": {"type": "CrossEntropyLoss", "reduction": "mean", "weight": "None"}, "optimizer": {"type": "Adam", "lr": 0.001, "weight_decay": 0.0001, "momentum": 0.9, "nesterov": false, "betas": [0.9, 0.999], "amsgrad": false, "eps": "1e-8", "alpha": "None", "centered": "None"}, "training": {"epochs": 5, "batch_size": 64, "shuffle": true, "lr": 0.01}, "trainer": {"trainer_type": "standard", "save_path": "./.training_results/", "use_amp": true}, "strategy": {"role": "client", "strategy_name": "rbla"}}}, {"index": 5, "node_id": "client.6", "yaml": {"role": "client", "training_logger": {"name": "train", "path": "./experiment_results/", "prefix": "", "save_weights": false}, "data_loader": {"name": "cinic10", "root": ".dataset", "split": "", "batch_size": 64, "shuffle": true, "num_workers": 0, "is_download": true, "task_type": "cv"}, "nn_model": {"name": "cifar_lora_cnn", "input_dim": 0, "hidden_dim": 0, "output_dim": 0, "softmax_dim": 1, "lora_mode": "standard", "rank_ratio": 0.9215, "lora_rank_conv": 64, "lora_rank_fc": 16, "lora_alpha_conv": 64, "lora_alpha_fc": 16, "lora_dropout": 0.0, "dropout": 0.25, "merge_weights": false, "use_bias": true, "share_model": false}, "loss_func": {"type": "CrossEntropyLoss", "reduction": "mean", "weight": "None"}, "optimizer": {"type": "Adam", "lr": 0.001, "weight_decay": 0.0001, "momentum": 0.9, "nesterov": false, "betas": [0.9, 0.999], "amsgrad": false, "eps": "1e-8", "alpha": "None", "centered": "None"}, "training": {"epochs": 5, "batch_size": 64, "shuffle": true, "lr": 0.01}, "trainer": {"trainer_type": "standard", "save_path": "./.training_results/", "use_amp": true}, "strategy": {"role": "client", "strategy_name": "rbla"}}}, {"index": 6, "node_id": "client.7", "yaml": {"role": "client", "training_logger": {"name": "train", "path": "./experiment_results/", "prefix": "", "save_weights": false}, "data_loader": {"name": "cinic10", "root": ".dataset", "split": "", "batch_size": 64, "shuffle": true, "num_workers": 0, "is_download": true, "task_type": "cv"}, "nn_model": {"name": "cifar_lora_cnn", "input_dim": 0, "hidden_dim": 0, "output_dim": 0, "softmax_dim": 1, "lora_mode": "standard", "rank_ratio": 0.4868, "lora_rank_conv": 64, "lora_rank_fc": 16, "lora_alpha_conv": 64, "lora_alpha_fc": 16, "lora_dropout": 0.0, "dropout": 0.25, "merge_weights": false, "use_bias": true, "share_model": false}, "loss_func": {"type": "CrossEntropyLoss", "reduction": "mean", "weight": "None"}, "optimizer": {"type": "Adam", "lr": 0.001, "weight_decay": 0.0001, "momentum": 0.9, "nesterov": false, "betas": [0.9, 0.999], "amsgrad": false, "eps": "1e-8", "alpha": "None", "centered": "None"}, "training": {"epochs": 5, "batch_size": 64, "shuffle": true, "lr": 0.01}, "trainer": {"trainer_type": "standard", "save_path": "./.training_results/", "use_amp": true}, "strategy": {"role": "client", "strategy_name": "rbla"}}}, {"index": 7, "node_id": "client.8", "yaml": {"role": "client", "training_logger": {"name": "train", "path": "./experiment_results/", "prefix": "", "save_weights": false}, "data_loader": {"name": "cinic10", "root": ".dataset", "split": "", "batch_size": 64, "shuffle": true, "num_workers": 0, "is_download": true, "task_type": "cv"}, "nn_model": {"name": "cifar_lora_cnn", "input_dim": 0, "hidden_dim": 0, "output_dim": 0, "softmax_dim": 1, "lora_mode": "standard", "rank_ratio": 0.9716, "lora_rank_conv": 64, "lora_rank_fc": 16, "lora_alpha_conv": 64, "lora_alpha_fc": 16, "lora_dropout": 0.0, "dropout": 0.25, "merge_weights": false, "use_bias": true, "share_model": false}, "loss_func": {"type": "CrossEntropyLoss", "reduction": "mean", "weight": "None"}, "optimizer": {"type": "Adam", "lr": 0.001, "weight_decay": 0.0001, "momentum": 0.9, "nesterov": false, "betas": [0.9, 0.999], "amsgrad": false, "eps": "1e-8", "alpha": "None", "centered": "None"}, "training": {"epochs": 5, "batch_size": 64, "shuffle": true, "lr": 0.01}, "trainer": {"trainer_type": "standard", "save_path": "./.training_results/", "use_amp": true}, "strategy": {"role": "client", "strategy_name": "rbla"}}}, {"index": 8, "node_id": "client.9", "yaml": {"role": "client", "training_logger": {"name": "train", "path": "./experiment_results/", "prefix": "", "save_weights": false}, "data_loader": {"name": "cinic10", "root": ".dataset", "split": "", "batch_size": 64, "shuffle": true, "num_workers": 0, "is_download": true, "task_type": "cv"}, "nn_model": {"name": "cifar_lora_cnn", "input_dim": 0, "hidden_dim": 0, "output_dim": 0, "softmax_dim": 1, "lora_mode": "standard", "rank_ratio": 0.7761, "lora_rank_conv": 64, "lora_rank_fc": 16, "lora_alpha_conv": 64, "lora_alpha_fc": 16, "lora_dropout": 0.0, "dropout": 0.25, "merge_weights": false, "use_bias": true, "share_model": false}, "loss_func": {"type": "CrossEntropyLoss", "reduction": "mean", "weight": "None"}, "optimizer": {"type": "Adam", "lr": 0.001, "weight_decay": 0.0001, "momentum": 0.9, "nesterov": false, "betas": [0.9, 0.999], "amsgrad": false, "eps": "1e-8", "alpha": "None", "centered": "None"}, "training": {"epochs": 5, "batch_size": 64, "shuffle": true, "lr": 0.01}, "trainer": {"trainer_type": "standard", "save_path": "./.training_results/", "use_amp": true}, "strategy": {"role": "client", "strategy_name": "rbla"}}}, {"index": 9, "node_id": "client.10", "yaml": {"role": "client", "training_logger": {"name": "train", "path": "./experiment_results/", "prefix": "", "save_weights": false}, "data_loader": {"name": "cinic10", "root": ".dataset", "split": "", "batch_size": 64, "shuffle": true, "num_workers": 0, "is_download": true, "task_type": "cv"}, "nn_model": {"name": "cifar_lora_cnn", "input_dim": 0, "hidden_dim": 0, "output_dim": 0, "softmax_dim": 1, "lora_mode": "standard", "rank_ratio": 0.5674, "lora_rank_conv": 64, "lora_rank_fc": 16, "lora_alpha_conv": 64, "lora_alpha_fc": 16, "lora_dropout": 0.0, "dropout": 0.25, "merge_weights": false, "use_bias": true, "share_model": false}, "loss_func": {"type": "CrossEntropyLoss", "reduction": "mean", "weight": "None"}, "optimizer": {"type": "Adam", "lr": 0.001, "weight_decay": 0.0001, "momentum": 0.9, "nesterov": false, "betas": [0.9, 0.999], "amsgrad": false, "eps": "1e-8", "alpha": "None", "centered": "None"}, "training": {"epochs": 5, "batch_size": 64, "shuffle": true, "lr": 0.01}, "trainer": {"trainer_type": "standard", "save_path": "./.training_results/", "use_amp": true}, "strategy": {"role": "client", "strategy_name": "rbla"}}}]}, "effective_client_rank_ratios": [1.0, 0.3772, 0.7804, 0.5904, 0.25, 0.9215, 0.4868, 0.9716, 0.7761, 0.5674], "effective_client_share_model": [false, false, false, false, false, false, false, false, false, false], "rank_distribution": {"rank_ratio_list": [1.0, 0.3772, 0.7804, 0.5904, 0.25, 0.9215, 0.4868, 0.9716, 0.7761, 0.5674]}, "rank_ratio_list": [1.0, 0.3772, 0.7804, 0.5904, 0.25, 0.9215, 0.4868, 0.9716, 0.7761, 0.5674], "rank_ratio_list_str": "[1.0, 0.3772, 0.7804, 0.5904, 0.25, 0.9215, 0.4868, 0.9716, 0.7761, 0.5674]", "epoch": 5, "batch_size": 64}

round,accuracy,average_loss,perplexity,precision,recall,f1_score,matthews_correlation,mcc,total_test_samples,invalid_label_samples,evaluation_status
0,0.11917777777777777,2.327491059027778,10.252187106099461,0.03882806794355926,0.11917777777777779,0.04229282421104671,0.05643574404279048,0.05643574404279048,90000,0,evaluated
1,0.1537111111111111,2.298239713541667,9.95664048048614,0.20727143444474855,0.15371111111111113,0.05906258784498608,0.09709175162159324,0.09709175162159324,90000,0,evaluated
2,0.2697333333333333,1.8791739868164063,6.54809381588169,0.5096488529871498,0.2697333333333333,0.20267732606472633,0.22666180460387542,0.22666180460387542,90000,0,evaluated
3,0.3847111111111111,1.6482873799641926,5.19806988105569,0.5455176861541682,0.3847111111111111,0.3411416368393792,0.33948094007080487,0.33948094007080487,90000,0,evaluated
4,0.4567555555555556,1.4847299340142144,4.41377324178183,0.5810566783706388,0.4567555555555556,0.4208773175293228,0.41713778274772345,0.41713778274772345,90000,0,evaluated
5,0.48834444444444447,1.4099680355072022,4.095824481026618,0.603836175241006,0.48834444444444447,0.46209055641611396,0.446817192376696,0.446817192376696,90000,0,evaluated
6,0.5326444444444445,1.294865840572781,3.6505061914678185,0.6165909724974672,0.5326444444444445,0.5016502685181616,0.49466252282922796,0.49466252282922796,90000,0,evaluated
7,0.5256555555555555,1.327434837436676,3.7713568257350887,0.6311891434372788,0.5256555555555555,0.49604231073843164,0.48718986143948423,0.48718986143948423,90000,0,evaluated
8,0.5678444444444445,1.1956051653861999,3.3055575743606966,0.6352995491767708,0.5678444444444445,0.5399150128182082,0.5294982642333759,0.5294982642333759,90000,0,evaluated
9,0.5718555555555556,1.189660516219669,3.2859654860239487,0.6371384074149276,0.5718555555555557,0.5463276696786988,0.533119025970903,0.533119025970903,90000,0,evaluated
10,0.5798,1.1833076090070938,3.2651562218372403,0.6494312192325815,0.5797999999999999,0.5551569587409669,0.5425829056953767,0.5425829056953767,90000,0,evaluated
11,0.6038333333333333,1.1065395222451953,3.0238762118517135,0.650919488507073,0.6038333333333333,0.5778431720612373,0.5664864836529956,0.5664864836529956,90000,0,evaluated
12,0.5946777777777777,1.1426055200894674,3.134925845601396,0.65535915525636,0.5946777777777779,0.574836340248181,0.5574500728188472,0.5574500728188472,90000,0,evaluated
13,0.6057666666666667,1.1097100286695691,3.033478645052251,0.6646235030072416,0.6057666666666666,0.58377155385351,0.569392947114111,0.569392947114111,90000,0,evaluated
14,0.6134,1.0840648153940837,2.9566734898945586,0.6681970351821107,0.6134,0.5921832192189116,0.5774011612694053,0.5774011612694053,90000,0,evaluated
15,0.6194444444444445,1.0823692178196378,2.9516644093891555,0.6700625737403134,0.6194444444444445,0.5996643120772747,0.5837539355891008,0.5837539355891008,90000,0,evaluated
16,0.6243555555555556,1.0581852431721157,2.8811376778374598,0.671949418138089,0.6243555555555556,0.6092558449562948,0.5889994664403297,0.5889994664403297,90000,0,evaluated
17,0.6380666666666667,1.0109347356584337,2.748168626021316,0.6756981036767845,0.6380666666666666,0.6251652500392859,0.6031002535794314,0.6031002535794314,90000,0,evaluated
18,0.6329333333333333,1.0327375065379674,2.808744275831096,0.6800421567619612,0.6329333333333335,0.6148553134794639,0.598782324112166,0.598782324112166,90000,0,evaluated
19,0.6353555555555556,1.0333332758267721,2.810418137979063,0.6828469175598199,0.6353555555555557,0.6193621927443825,0.6009525213623822,0.6009525213623822,90000,0,evaluated
20,0.6353,1.0438807717959087,2.8402178920869274,0.6862088366867225,0.6353,0.6207114251614361,0.6012661429904442,0.6012661429904442,90000,0,evaluated
21,0.6481111111111111,0.9946137116326226,2.7036797395012004,0.6810881587649316,0.6481111111111111,0.6345127095545446,0.6139590139710107,0.6139590139710107,90000,0,evaluated
22,0.6576777777777778,0.9687657872147031,2.63469068291479,0.6857251751058631,0.6576777777777778,0.6480381685693873,0.6239680430033486,0.6239680430033486,90000,0,evaluated
23,0.6393222222222222,1.0273028293132782,2.793521061382713,0.6876220536673825,0.6393222222222222,0.6200870485188335,0.6057027536502902,0.6057027536502902,90000,0,evaluated
24,0.6569555555555555,0.9650282556374867,2.6248618225708764,0.6903166102350581,0.6569555555555555,0.646028120811672,0.6234856114508829,0.6234856114508829,90000,0,evaluated
25,0.6519666666666667,1.0047145835293665,2.731127652757516,0.6897972048117255,0.6519666666666667,0.6377484400889774,0.6185590594347944,0.6185590594347944,90000,0,evaluated
26,0.6581666666666667,0.9780128295527564,2.6591667705087345,0.6868180786008085,0.6581666666666667,0.6445997238788361,0.6246528164611658,0.6246528164611658,90000,0,evaluated
27,0.6549111111111111,1.0001260236263274,2.7186244177791683,0.6905628232129435,0.654911111111111,0.6429799419542792,0.6212277856274154,0.6212277856274154,90000,0,evaluated
28,0.6518777777777778,1.0002852211581337,2.7190572505284254,0.6922997610866839,0.6518777777777778,0.6389252777082579,0.6183018652728995,0.6183018652728995,90000,0,evaluated
29,0.6595888888888889,0.9730623095671336,2.6460350435236375,0.6944649342341785,0.6595888888888889,0.6517251708146548,0.626165029722448,0.626165029722448,90000,0,evaluated
30,0.6668888888888889,0.9537382171418932,2.595393692720828,0.691854357703936,0.6668888888888889,0.6563858644633973,0.6335197568425159,0.6335197568425159,90000,0,evaluated
31,0.6599111111111111,0.9730974331961738,2.646127983509119,0.6951397230577394,0.6599111111111112,0.6501531523369348,0.6267334362235573,0.6267334362235573,90000,0,evaluated
32,0.6656222222222222,0.958868778371811,2.6087437363010393,0.693434167980646,0.6656222222222223,0.6563050232848238,0.632238483547401,0.632238483547401,90000,0,evaluated
33,0.6650333333333334,0.9639045756075117,2.6219139742887094,0.6954632418390211,0.6650333333333334,0.6553904154570405,0.6322194809501838,0.6322194809501838,90000,0,evaluated
34,0.6711222222222222,0.9453270363277859,2.5736549196274834,0.6966716074750154,0.6711222222222223,0.660043207641323,0.6388134275214682,0.6388134275214682,90000,0,evaluated
35,0.6652222222222223,0.9683428654140896,2.6335766503780405,0.6935240446665729,0.6652222222222222,0.6537683861213326,0.6324175503226455,0.6324175503226455,90000,0,evaluated
36,0.6661,0.9688402412785424,2.634886853645856,0.6995801460217096,0.6660999999999999,0.6562355285291657,0.6340740950724238,0.6340740950724238,90000,0,evaluated
37,0.6684333333333333,0.9613124184025659,2.6151263621689935,0.6988154938350651,0.6684333333333333,0.6602060590849953,0.6360646416022586,0.6360646416022586,90000,0,evaluated
38,0.6692111111111111,0.963584429163403,2.6210747122036366,0.698009930380947,0.6692111111111111,0.6597301862113241,0.636531549048538,0.636531549048538,90000,0,evaluated
39,0.6636666666666666,0.9938561966313256,2.7016324370688785,0.7004247832581223,0.6636666666666666,0.650819352686385,0.6313670356656103,0.6313670356656103,90000,0,evaluated
40,0.6665222222222222,0.9732475314617157,2.646525192539293,0.6990133717196294,0.6665222222222222,0.6555194032121497,0.634058885728422,0.634058885728422,90000,0,evaluated
41,0.6627555555555555,0.9828047835667928,2.6719399552031446,0.7004064585211881,0.6627555555555557,0.6517935618003972,0.6303179511462503,0.6303179511462503,90000,0,evaluated
42,0.6657333333333333,0.9840519610828824,2.675274417540627,0.6998125869773254,0.6657333333333332,0.6543171202949616,0.6333546353014726,0.6333546353014726,90000,0,evaluated
43,0.6782777777777778,0.9314406727923288,2.5381632075306886,0.6983299879112927,0.6782777777777779,0.6695179307577842,0.6457276516922695,0.6457276516922695,90000,0,evaluated
44,0.6706777777777778,0.9669541394286686,2.6299218723790228,0.7014987849622638,0.6706777777777779,0.6585616639017904,0.6383816196376474,0.6383816196376474,90000,0,evaluated
45,0.6714,0.9602222815460629,2.6122770698786257,0.7036204043800656,0.6714,0.6611784659419409,0.6395740780553573,0.6395740780553573,90000,0,evaluated
46,0.6691,0.9650355183177524,2.6248808861722615,0.7025051508144959,0.6691,0.6570631735202129,0.6369649556492616,0.6369649556492616,90000,0,evaluated
47,0.6669,0.9801269593715668,2.66479454109413,0.7007274880657196,0.6668999999999999,0.6538315393172468,0.6343498960224937,0.6343498960224937,90000,0,evaluated
48,0.6658888888888889,0.9820474955532286,2.669917293067665,0.7023222180333707,0.6658888888888889,0.6530718766057948,0.633475988790544,0.633475988790544,90000,0,evaluated
49,0.6694444444444444,0.9740706498728858,2.648704492938995,0.7023256987930632,0.6694444444444444,0.6577612745975211,0.6371010019503253,0.6371010019503253,90000,0,evaluated
50,0.6733,0.9594180532190535,2.6101770472230736,0.7030455921115185,0.6733,0.6618086978052411,0.641261511070001,0.641261511070001,90000,0,evaluated
51,0.6731777777777778,0.9494545229699877,2.584299598703209,0.7023286584763542,0.6731777777777779,0.6637866453702918,0.6412415750449164,0.6412415750449164,90000,0,evaluated
52,0.6648333333333334,0.9960559991306729,2.70758203642879,0.705228505985058,0.6648333333333333,0.6517325840035533,0.6328477855639816,0.6328477855639816,90000,0,evaluated
53,0.6702111111111111,0.9856962238152822,2.6796768899831385,0.7047886543030738,0.6702111111111111,0.6586343478656305,0.6380881138397859,0.6380881138397859,90000,0,evaluated
54,0.6701888888888888,0.977034241271019,2.6565658139083186,0.7033650767568598,0.6701888888888888,0.6590415165413478,0.6382676442311981,0.6382676442311981,90000,0,evaluated
55,0.6704333333333333,0.9747069502194723,2.650390400840866,0.7059087376322262,0.6704333333333333,0.6604616859621921,0.6384401551377124,0.6384401551377124,90000,0,evaluated
56,0.6771555555555555,0.9487251760747698,2.5824154350025776,0.7041646692867745,0.6771555555555555,0.6674642410758622,0.64518721637456,0.64518721637456,90000,0,evaluated
57,0.6645222222222222,1.005948318195343,2.7344992190013513,0.7035150684658122,0.6645222222222222,0.6516652163926768,0.632182914212288,0.632182914212288,90000,0,evaluated
58,0.6700222222222222,0.9785122521665361,2.6604951502115592,0.7065147103694999,0.6700222222222222,0.6596141346702591,0.6380949720952626,0.6380949720952626,90000,0,evaluated
59,0.6730555555555555,0.9751375711652968,2.6515319602341325,0.7065655342983115,0.6730555555555556,0.6609611442154782,0.6413887993614237,0.6413887993614237,90000,0,evaluated
60,0.6733888888888889,0.9682711034536362,2.6333876665356115,0.7074305187880084,0.6733888888888889,0.6614621849297045,0.6416623414137889,0.6416623414137889,90000,0,evaluated
61,0.6696222222222222,0.9885626880804698,2.6873691074968353,0.7054480874862509,0.6696222222222222,0.6579483281389131,0.6380388072445066,0.6380388072445066,90000,0,evaluated
62,0.6732222222222223,0.9650832794348398,2.6250062564094945,0.704694504650249,0.6732222222222223,0.6657786709877476,0.6411639185097304,0.6411639185097304,90000,0,evaluated
63,0.6707666666666666,0.9803810964584351,2.665471850276952,0.7074675206958798,0.6707666666666666,0.6585439667483579,0.639039600605151,0.639039600605151,90000,0,evaluated
64,0.6705777777777778,0.9791232731103897,2.662121265213929,0.7051620766782074,0.6705777777777777,0.6603351976604572,0.6384568132253176,0.6384568132253176,90000,0,evaluated
65,0.6727222222222222,0.9843801564560997,2.676152574322164,0.7065000962139687,0.6727222222222222,0.6616425946074225,0.6410586662434666,0.6410586662434666,90000,0,evaluated
66,0.6728333333333333,0.9707776441070769,2.639996639147109,0.7078756227072025,0.6728333333333334,0.6638037203562273,0.6409641211248869,0.6409641211248869,90000,0,evaluated
67,0.6761444444444444,0.9610906471570333,2.6145464666428837,0.708715985019433,0.6761444444444443,0.6662273975657087,0.6446041368760049,0.6446041368760049,90000,0,evaluated
68,0.6760444444444444,0.9671351292822096,2.6303979046307333,0.7051686632911921,0.6760444444444444,0.6652705885104979,0.6440987400582839,0.6440987400582839,90000,0,evaluated
69,0.6709111111111111,0.9836308765411377,2.674148137984573,0.7075539413628165,0.670911111111111,0.6580017083494136,0.6392131224271314,0.6392131224271314,90000,0,evaluated
70,0.6760444444444444,0.9528421814574136,2.593069168940531,0.7054161515262575,0.6760444444444444,0.6664971839421109,0.6442727984957867,0.6442727984957867,90000,0,evaluated
71,0.6760888888888889,0.9656240469429228,2.6264261583853,0.7041024539324239,0.676088888888889,0.6645755964589337,0.644256222637285,0.644256222637285,90000,0,evaluated
72,0.6727,0.9801309370570712,2.6648051408298294,0.7053127600345336,0.6727000000000001,0.6610976608272869,0.6408978727907207,0.6408978727907207,90000,0,evaluated
73,0.6740555555555555,0.9652290653652615,2.625388973285638,0.7050984937146743,0.6740555555555556,0.6622359832891762,0.6420074268446841,0.6420074268446841,90000,0,evaluated
74,0.6846111111111111,0.9293885443210602,2.5329599112899923,0.7053175937353626,0.6846111111111111,0.6751873138187907,0.6528787981734141,0.6528787981734141,90000,0,evaluated
75,0.6753222222222223,0.9683321917480893,2.6335485406105055,0.7079350421985683,0.6753222222222223,0.6634685028907837,0.6440353612414881,0.6440353612414881,90000,0,evaluated
76,0.6726444444444445,0.9799488727039761,2.664320018968779,0.7110713302773899,0.6726444444444446,0.6613521276584693,0.6411179280533355,0.6411179280533355,90000,0,evaluated
77,0.6728333333333333,0.981067847442627,2.667302994391509,0.7070674560566887,0.6728333333333334,0.6605290314645393,0.6410649750219213,0.6410649750219213,90000,0,evaluated
78,0.6755111111111111,0.9800098157829709,2.664482395781983,0.7080364489333753,0.6755111111111113,0.6639743086699152,0.6438048060443757,0.6438048060443757,90000,0,evaluated
79,0.6743222222222223,0.9689042820215226,2.635055599160869,0.7067754507176953,0.6743222222222223,0.6604831784208537,0.6426627215542381,0.6426627215542381,90000,0,evaluated
80,0.6719,0.9940705689059364,2.7022116542414083,0.7075827777997268,0.6718999999999999,0.6595384399270064,0.6401840630853345,0.6401840630853345,90000,0,evaluated
81,0.6730888888888888,0.9908931286202537,2.693639164570206,0.7078451448492482,0.6730888888888888,0.6604946663388114,0.6413319809171375,0.6413319809171375,90000,0,evaluated
82,0.6730666666666667,0.9851330428017511,2.6781681717169197,0.7060090184468046,0.6730666666666666,0.660021627953976,0.6411106638245798,0.6411106638245798,90000,0,evaluated
83,0.6814666666666667,0.9450792346689436,2.5730172426810776,0.7093020757845427,0.6814666666666667,0.6718025140833368,0.6500316040417936,0.6500316040417936,90000,0,evaluated
84,0.6755555555555556,0.9739565254741245,2.6484022283794504,0.70787255455766,0.6755555555555556,0.6634108921085796,0.6437780996667444,0.6437780996667444,90000,0,evaluated
85,0.6706444444444445,0.9996811226738824,2.717415168204448,0.7067627797820004,0.6706444444444444,0.6560233375249249,0.6389372857646453,0.6389372857646453,90000,0,evaluated
86,0.6746111111111112,0.9794405592229631,2.66296605333405,0.7095138541619134,0.674611111111111,0.6623744753084886,0.6431573655111869,0.6431573655111869,90000,0,evaluated
87,0.6789555555555555,0.9663773566034105,2.6284054159863066,0.7064609656824248,0.6789555555555556,0.6673812693977287,0.6471831283773058,0.6471831283773058,90000,0,evaluated
88,0.6766,0.9785188734134038,2.6605127660650587,0.7097587063279125,0.6766000000000001,0.6651175332261932,0.6451583531534364,0.6451583531534364,90000,0,evaluated
89,0.6767444444444445,0.9782453010188209,2.659785022766605,0.709400115256318,0.6767444444444445,0.6660789403944845,0.6450704585952355,0.6450704585952355,90000,0,evaluated
90,0.6774888888888889,0.9724225430779987,2.6443427403708597,0.7087786307082953,0.6774888888888888,0.6657609197804975,0.6459975024739438,0.6459975024739438,90000,0,evaluated
91,0.6805444444444444,0.9503186025354597,2.5865336042177645,0.7093554159426133,0.6805444444444445,0.6710683342420343,0.6491908867723777,0.6491908867723777,90000,0,evaluated
92,0.6746222222222222,0.987112678247028,2.6834752196349734,0.7060323621169043,0.6746222222222222,0.6613856097746968,0.6428514602961525,0.6428514602961525,90000,0,evaluated
93,0.6798444444444445,0.9587251738813188,2.608369135883758,0.7083277496987124,0.6798444444444445,0.6687899359246546,0.648194899337018,0.648194899337018,90000,0,evaluated
94,0.6754555555555556,0.9729248250007629,2.6456712795496165,0.7094656354853434,0.6754555555555556,0.6640793984414215,0.6437969111466337,0.6437969111466337,90000,0,evaluated
95,0.6715333333333333,1.0010881075753106,2.721241221285309,0.709900093634663,0.6715333333333333,0.6587824279128446,0.6400203534078277,0.6400203534078277,90000,0,evaluated
96,0.6789111111111111,0.9668268524143431,2.6295871387800505,0.707978632104628,0.6789111111111111,0.6676276790684141,0.6471757645287561,0.6471757645287561,90000,0,evaluated
97,0.6770555555555555,0.9762926557752821,2.6545964735396335,0.7082459425431284,0.6770555555555556,0.6640868088246338,0.6455262212886478,0.6455262212886478,90000,0,evaluated
98,0.6756,0.9818701418558756,2.669443815351866,0.7104908440138038,0.6756,0.6634883714614948,0.6439600624071822,0.6439600624071822,90000,0,evaluated
99,0.673,0.9941672150346967,2.7024728251572574,0.7085555854535783,0.6729999999999998,0.6609787553922823,0.641342793607426,0.641342793607426,90000,0,evaluated
100,0.6708777777777778,0.991962544631958,2.6965213262628,0.7061940149996228,0.6708777777777779,0.6574454062792294,0.6389297056186654,0.6389297056186654,90000,0,evaluated
