Config,{"general": {"device": "cuda:0", "training_rounds": 100, "train_optimization": {"cudnn_benchmark": true, "pin_memory": true, "fused_optimizer": false, "torch_compile": false, "non_blocking_transfer": true}}, "dataset": "sst2", "model": "tiny_bert_lora", "loss_function": "CrossEntropyLoss", "aggregation": "rbla", "client_selection": {"method": "random", "round": 1, "client_selection_round": 1, "number": 10, "random_seed": 42}, "hyperparameters": {"training_rounds": 100, "local_epochs": 3, "selected_clients": 10, "client_selection_round": 1, "client_selection_method": "random", "optimizer": "AdamW", "lr": 0.0001, "weight_decay": 0.05, "batch_size": 64, "shuffle": true, "trainer_type": "glue", "rank_ratio_list": [0.25, 0.6941, 1.0, 0.6637, 0.9639, 0.9702, 0.8382, 0.8039, 0.5644, 0.7332]}, "effective_yaml": {"server_yaml": {"role": "server", "general": {"device": "cuda:0", "training_rounds": 100, "train_optimization": {"cudnn_benchmark": true, "pin_memory": true, "fused_optimizer": false, "torch_compile": false, "non_blocking_transfer": true}}, "training_logger": {"name": "train", "path": "./experiment_results/", "prefix": "sst2_dirichlet_0_4_rank_mismatch_rbla_", "save_weights": false}, "data_loader": {"name": "sst2", "root": ".dataset", "split": "", "batch_size": 64, "shuffle": true, "num_workers": 0, "is_download": true, "is_load_train_set": true, "is_load_test_set": true, "task_type": "nlp", "vocab_size": "None"}, "nn_model": {"name": "tiny_bert_lora", "pretrained_model": "prajjwal1/bert-tiny", "num_classes": 2, "pad_id": 0, "lora_r": 8, "lora_alpha": 16, "lora_dropout": 0.1, "merge_weights": false, "lora_embedding": true, "rank_ratio": 1.0}, "loss_func": {"type": "CrossEntropyLoss", "reduction": "mean", "weight": "None"}, "optimizer": {"type": "AdamW", "lr": 0.0001, "weight_decay": 0.05, "momentum": null, "nesterov": null, "betas": [0.9, 0.999], "amsgrad": false, "eps": 1e-08, "alpha": null, "centered": null}, "training": {"epochs": 3, "batch_size": 64, "shuffle": true, "lr": 0.01}, "trainer": {"use": "glue", "trainer_type": "glue", "device": "cuda"}, "tokenizer": {"type": "bert", "use_hf_tokenizer": true, "pretrained": "bert-base-uncased", "use_fast": true, "return_type": "tokens", "max_len": 256}, "data_distribution": {"use": "sst2_dirichlet_0_4", "custom_define": {"sst2_dirichlet_0_4": [[4794, 15216], [7987, 188], [20, 4], [4481, 4505], [45, 941], [642, 175], [2579, 1757], [1007, 4242], [1758, 9874], [6519, 615]]}}, "client_selection": {"method": "random", "round": 1, "client_selection_round": 1, "number": 10, "random_seed": 42}, "strategy": {"role": "server", "strategy_name": "rbla"}, "aggregation": {"method": "rbla", "device": "cpu", "is_wbab": false, "pad_mode": "nan"}, "canonicalization": {"enabled": false, "start_round": 0, "interval": 1, "deterministic_sign": true, "svd_fallback": true, "log_diagnostics": true, "ordering": "singular_value", "overcomplete_policy": "error", "activation_chunk_size": 4096, "activation_fallback": true}, "rank_distribution": {"rank_ratio_list": [0.25, 0.6941, 1.0, 0.6637, 0.9639, 0.9702, 0.8382, 0.8039, 0.5644, 0.7332]}, "lora_inference": {"device": "cpu", "lora_mode": "standard", "scaling": 0.5, "rank_ratio": 1, "use_bias": true, "alpha": 0}}, "client_yamls": [{"index": 0, "node_id": "client.1", "yaml": {"role": "client", "training_logger": {"name": "train", "path": "./experiment_results/", "prefix": "", "save_weights": false}, "data_loader": {"name": "sst2", "root": ".dataset", "split": "", "batch_size": 64, "shuffle": true, "num_workers": 0, "is_download": true, "is_load_train_set": true, "is_load_test_set": true, "task_type": "nlp", "vocab_size": "None"}, "nn_model": {"name": "tiny_bert_lora", "pretrained_model": "prajjwal1/bert-tiny", "num_classes": 2, "pad_id": 0, "lora_r": 8, "lora_alpha": 16, "lora_dropout": 0.1, "merge_weights": false, "lora_embedding": true, "rank_ratio": 0.25, "share_model": false}, "loss_func": {"type": "CrossEntropyLoss", "reduction": "mean", "weight": "None"}, "optimizer": {"type": "AdamW", "lr": 0.0001, "weight_decay": 0.05, "momentum": null, "nesterov": null, "betas": [0.9, 0.999], "amsgrad": false, "eps": 1e-08, "alpha": null, "centered": null}, "training": {"epochs": 3, "batch_size": 64, "shuffle": true, "lr": 0.01}, "trainer": {"use": "glue", "trainer_type": "glue", "device": "cuda"}, "strategy": {"role": "client", "strategy_name": "rbla"}, "tokenizer": {"type": "bert", "use_hf_tokenizer": true, "pretrained": "bert-base-uncased", "use_fast": true, "return_type": "tokens", "max_len": 256}}}, {"index": 1, "node_id": "client.2", "yaml": {"role": "client", "training_logger": {"name": "train", "path": "./experiment_results/", "prefix": "", "save_weights": false}, "data_loader": {"name": "sst2", "root": ".dataset", "split": "", "batch_size": 64, "shuffle": true, "num_workers": 0, "is_download": true, "is_load_train_set": true, "is_load_test_set": true, "task_type": "nlp", "vocab_size": "None"}, "nn_model": {"name": "tiny_bert_lora", "pretrained_model": "prajjwal1/bert-tiny", "num_classes": 2, "pad_id": 0, "lora_r": 8, "lora_alpha": 16, "lora_dropout": 0.1, "merge_weights": false, "lora_embedding": true, "rank_ratio": 0.6941, "share_model": false}, "loss_func": {"type": "CrossEntropyLoss", "reduction": "mean", "weight": "None"}, "optimizer": {"type": "AdamW", "lr": 0.0001, "weight_decay": 0.05, "momentum": null, "nesterov": null, "betas": [0.9, 0.999], "amsgrad": false, "eps": 1e-08, "alpha": null, "centered": null}, "training": {"epochs": 3, "batch_size": 64, "shuffle": true, "lr": 0.01}, "trainer": {"use": "glue", "trainer_type": "glue", "device": "cuda"}, "strategy": {"role": "client", "strategy_name": "rbla"}, "tokenizer": {"type": "bert", "use_hf_tokenizer": true, "pretrained": "bert-base-uncased", "use_fast": true, "return_type": "tokens", "max_len": 256}}}, {"index": 2, "node_id": "client.3", "yaml": {"role": "client", "training_logger": {"name": "train", "path": "./experiment_results/", "prefix": "", "save_weights": false}, "data_loader": {"name": "sst2", "root": ".dataset", "split": "", "batch_size": 64, "shuffle": true, "num_workers": 0, "is_download": true, "is_load_train_set": true, "is_load_test_set": true, "task_type": "nlp", "vocab_size": "None"}, "nn_model": {"name": "tiny_bert_lora", "pretrained_model": "prajjwal1/bert-tiny", "num_classes": 2, "pad_id": 0, "lora_r": 8, "lora_alpha": 16, "lora_dropout": 0.1, "merge_weights": false, "lora_embedding": true, "rank_ratio": 1.0, "share_model": false}, "loss_func": {"type": "CrossEntropyLoss", "reduction": "mean", "weight": "None"}, "optimizer": {"type": "AdamW", "lr": 0.0001, "weight_decay": 0.05, "momentum": null, "nesterov": null, "betas": [0.9, 0.999], "amsgrad": false, "eps": 1e-08, "alpha": null, "centered": null}, "training": {"epochs": 3, "batch_size": 64, "shuffle": true, "lr": 0.01}, "trainer": {"use": "glue", "trainer_type": "glue", "device": "cuda"}, "strategy": {"role": "client", "strategy_name": "rbla"}, "tokenizer": {"type": "bert", "use_hf_tokenizer": true, "pretrained": "bert-base-uncased", "use_fast": true, "return_type": "tokens", "max_len": 256}}}, {"index": 3, "node_id": "client.4", "yaml": {"role": "client", "training_logger": {"name": "train", "path": "./experiment_results/", "prefix": "", "save_weights": false}, "data_loader": {"name": "sst2", "root": ".dataset", "split": "", "batch_size": 64, "shuffle": true, "num_workers": 0, "is_download": true, "is_load_train_set": true, "is_load_test_set": true, "task_type": "nlp", "vocab_size": "None"}, "nn_model": {"name": "tiny_bert_lora", "pretrained_model": "prajjwal1/bert-tiny", "num_classes": 2, "pad_id": 0, "lora_r": 8, "lora_alpha": 16, "lora_dropout": 0.1, "merge_weights": false, "lora_embedding": true, "rank_ratio": 0.6637, "share_model": false}, "loss_func": {"type": "CrossEntropyLoss", "reduction": "mean", "weight": "None"}, "optimizer": {"type": "AdamW", "lr": 0.0001, "weight_decay": 0.05, "momentum": null, "nesterov": null, "betas": [0.9, 0.999], "amsgrad": false, "eps": 1e-08, "alpha": null, "centered": null}, "training": {"epochs": 3, "batch_size": 64, "shuffle": true, "lr": 0.01}, "trainer": {"use": "glue", "trainer_type": "glue", "device": "cuda"}, "strategy": {"role": "client", "strategy_name": "rbla"}, "tokenizer": {"type": "bert", "use_hf_tokenizer": true, "pretrained": "bert-base-uncased", "use_fast": true, "return_type": "tokens", "max_len": 256}}}, {"index": 4, "node_id": "client.5", "yaml": {"role": "client", "training_logger": {"name": "train", "path": "./experiment_results/", "prefix": "", "save_weights": false}, "data_loader": {"name": "sst2", "root": ".dataset", "split": "", "batch_size": 64, "shuffle": true, "num_workers": 0, "is_download": true, "is_load_train_set": true, "is_load_test_set": true, "task_type": "nlp", "vocab_size": "None"}, "nn_model": {"name": "tiny_bert_lora", "pretrained_model": "prajjwal1/bert-tiny", "num_classes": 2, "pad_id": 0, "lora_r": 8, "lora_alpha": 16, "lora_dropout": 0.1, "merge_weights": false, "lora_embedding": true, "rank_ratio": 0.9639, "share_model": false}, "loss_func": {"type": "CrossEntropyLoss", "reduction": "mean", "weight": "None"}, "optimizer": {"type": "AdamW", "lr": 0.0001, "weight_decay": 0.05, "momentum": null, "nesterov": null, "betas": [0.9, 0.999], "amsgrad": false, "eps": 1e-08, "alpha": null, "centered": null}, "training": {"epochs": 3, "batch_size": 64, "shuffle": true, "lr": 0.01}, "trainer": {"use": "glue", "trainer_type": "glue", "device": "cuda"}, "strategy": {"role": "client", "strategy_name": "rbla"}, "tokenizer": {"type": "bert", "use_hf_tokenizer": true, "pretrained": "bert-base-uncased", "use_fast": true, "return_type": "tokens", "max_len": 256}}}, {"index": 5, "node_id": "client.6", "yaml": {"role": "client", "training_logger": {"name": "train", "path": "./experiment_results/", "prefix": "", "save_weights": false}, "data_loader": {"name": "sst2", "root": ".dataset", "split": "", "batch_size": 64, "shuffle": true, "num_workers": 0, "is_download": true, "is_load_train_set": true, "is_load_test_set": true, "task_type": "nlp", "vocab_size": "None"}, "nn_model": {"name": "tiny_bert_lora", "pretrained_model": "prajjwal1/bert-tiny", "num_classes": 2, "pad_id": 0, "lora_r": 8, "lora_alpha": 16, "lora_dropout": 0.1, "merge_weights": false, "lora_embedding": true, "rank_ratio": 0.9702, "share_model": false}, "loss_func": {"type": "CrossEntropyLoss", "reduction": "mean", "weight": "None"}, "optimizer": {"type": "AdamW", "lr": 0.0001, "weight_decay": 0.05, "momentum": null, "nesterov": null, "betas": [0.9, 0.999], "amsgrad": false, "eps": 1e-08, "alpha": null, "centered": null}, "training": {"epochs": 3, "batch_size": 64, "shuffle": true, "lr": 0.01}, "trainer": {"use": "glue", "trainer_type": "glue", "device": "cuda"}, "strategy": {"role": "client", "strategy_name": "rbla"}, "tokenizer": {"type": "bert", "use_hf_tokenizer": true, "pretrained": "bert-base-uncased", "use_fast": true, "return_type": "tokens", "max_len": 256}}}, {"index": 6, "node_id": "client.7", "yaml": {"role": "client", "training_logger": {"name": "train", "path": "./experiment_results/", "prefix": "", "save_weights": false}, "data_loader": {"name": "sst2", "root": ".dataset", "split": "", "batch_size": 64, "shuffle": true, "num_workers": 0, "is_download": true, "is_load_train_set": true, "is_load_test_set": true, "task_type": "nlp", "vocab_size": "None"}, "nn_model": {"name": "tiny_bert_lora", "pretrained_model": "prajjwal1/bert-tiny", "num_classes": 2, "pad_id": 0, "lora_r": 8, "lora_alpha": 16, "lora_dropout": 0.1, "merge_weights": false, "lora_embedding": true, "rank_ratio": 0.8382, "share_model": false}, "loss_func": {"type": "CrossEntropyLoss", "reduction": "mean", "weight": "None"}, "optimizer": {"type": "AdamW", "lr": 0.0001, "weight_decay": 0.05, "momentum": null, "nesterov": null, "betas": [0.9, 0.999], "amsgrad": false, "eps": 1e-08, "alpha": null, "centered": null}, "training": {"epochs": 3, "batch_size": 64, "shuffle": true, "lr": 0.01}, "trainer": {"use": "glue", "trainer_type": "glue", "device": "cuda"}, "strategy": {"role": "client", "strategy_name": "rbla"}, "tokenizer": {"type": "bert", "use_hf_tokenizer": true, "pretrained": "bert-base-uncased", "use_fast": true, "return_type": "tokens", "max_len": 256}}}, {"index": 7, "node_id": "client.8", "yaml": {"role": "client", "training_logger": {"name": "train", "path": "./experiment_results/", "prefix": "", "save_weights": false}, "data_loader": {"name": "sst2", "root": ".dataset", "split": "", "batch_size": 64, "shuffle": true, "num_workers": 0, "is_download": true, "is_load_train_set": true, "is_load_test_set": true, "task_type": "nlp", "vocab_size": "None"}, "nn_model": {"name": "tiny_bert_lora", "pretrained_model": "prajjwal1/bert-tiny", "num_classes": 2, "pad_id": 0, "lora_r": 8, "lora_alpha": 16, "lora_dropout": 0.1, "merge_weights": false, "lora_embedding": true, "rank_ratio": 0.8039, "share_model": false}, "loss_func": {"type": "CrossEntropyLoss", "reduction": "mean", "weight": "None"}, "optimizer": {"type": "AdamW", "lr": 0.0001, "weight_decay": 0.05, "momentum": null, "nesterov": null, "betas": [0.9, 0.999], "amsgrad": false, "eps": 1e-08, "alpha": null, "centered": null}, "training": {"epochs": 3, "batch_size": 64, "shuffle": true, "lr": 0.01}, "trainer": {"use": "glue", "trainer_type": "glue", "device": "cuda"}, "strategy": {"role": "client", "strategy_name": "rbla"}, "tokenizer": {"type": "bert", "use_hf_tokenizer": true, "pretrained": "bert-base-uncased", "use_fast": true, "return_type": "tokens", "max_len": 256}}}, {"index": 8, "node_id": "client.9", "yaml": {"role": "client", "training_logger": {"name": "train", "path": "./experiment_results/", "prefix": "", "save_weights": false}, "data_loader": {"name": "sst2", "root": ".dataset", "split": "", "batch_size": 64, "shuffle": true, "num_workers": 0, "is_download": true, "is_load_train_set": true, "is_load_test_set": true, "task_type": "nlp", "vocab_size": "None"}, "nn_model": {"name": "tiny_bert_lora", "pretrained_model": "prajjwal1/bert-tiny", "num_classes": 2, "pad_id": 0, "lora_r": 8, "lora_alpha": 16, "lora_dropout": 0.1, "merge_weights": false, "lora_embedding": true, "rank_ratio": 0.5644, "share_model": false}, "loss_func": {"type": "CrossEntropyLoss", "reduction": "mean", "weight": "None"}, "optimizer": {"type": "AdamW", "lr": 0.0001, "weight_decay": 0.05, "momentum": null, "nesterov": null, "betas": [0.9, 0.999], "amsgrad": false, "eps": 1e-08, "alpha": null, "centered": null}, "training": {"epochs": 3, "batch_size": 64, "shuffle": true, "lr": 0.01}, "trainer": {"use": "glue", "trainer_type": "glue", "device": "cuda"}, "strategy": {"role": "client", "strategy_name": "rbla"}, "tokenizer": {"type": "bert", "use_hf_tokenizer": true, "pretrained": "bert-base-uncased", "use_fast": true, "return_type": "tokens", "max_len": 256}}}, {"index": 9, "node_id": "client.10", "yaml": {"role": "client", "training_logger": {"name": "train", "path": "./experiment_results/", "prefix": "", "save_weights": false}, "data_loader": {"name": "sst2", "root": ".dataset", "split": "", "batch_size": 64, "shuffle": true, "num_workers": 0, "is_download": true, "is_load_train_set": true, "is_load_test_set": true, "task_type": "nlp", "vocab_size": "None"}, "nn_model": {"name": "tiny_bert_lora", "pretrained_model": "prajjwal1/bert-tiny", "num_classes": 2, "pad_id": 0, "lora_r": 8, "lora_alpha": 16, "lora_dropout": 0.1, "merge_weights": false, "lora_embedding": true, "rank_ratio": 0.7332, "share_model": false}, "loss_func": {"type": "CrossEntropyLoss", "reduction": "mean", "weight": "None"}, "optimizer": {"type": "AdamW", "lr": 0.0001, "weight_decay": 0.05, "momentum": null, "nesterov": null, "betas": [0.9, 0.999], "amsgrad": false, "eps": 1e-08, "alpha": null, "centered": null}, "training": {"epochs": 3, "batch_size": 64, "shuffle": true, "lr": 0.01}, "trainer": {"use": "glue", "trainer_type": "glue", "device": "cuda"}, "strategy": {"role": "client", "strategy_name": "rbla"}, "tokenizer": {"type": "bert", "use_hf_tokenizer": true, "pretrained": "bert-base-uncased", "use_fast": true, "return_type": "tokens", "max_len": 256}}}]}, "effective_client_rank_ratios": [0.25, 0.6941, 1.0, 0.6637, 0.9639, 0.9702, 0.8382, 0.8039, 0.5644, 0.7332], "effective_client_share_model": [false, false, false, false, false, false, false, false, false, false], "rank_distribution": {"rank_ratio_list": [0.25, 0.6941, 1.0, 0.6637, 0.9639, 0.9702, 0.8382, 0.8039, 0.5644, 0.7332]}, "rank_ratio_list": [0.25, 0.6941, 1.0, 0.6637, 0.9639, 0.9702, 0.8382, 0.8039, 0.5644, 0.7332], "rank_ratio_list_str": "[0.25, 0.6941, 1.0, 0.6637, 0.9639, 0.9702, 0.8382, 0.8039, 0.5644, 0.7332]", "epoch": 3, "batch_size": 64}

round,accuracy,average_loss,perplexity,precision,recall,f1_score,matthews_correlation,mcc,total_test_samples,invalid_label_samples,evaluation_status,primary_metric,primary_score
0,0.6376146788990825,0.6478685856959142,1.9114623658822174,0.7002068863602777,0.6425865117453902,0.611519960299334,0.3379159750797098,0.3379159750797098,872,0,evaluated,accuracy,0.6376146788990825
1,0.7935779816513762,0.4571141228763335,1.5795091320893935,0.8121002132196162,0.7957817630714827,0.7912543887647623,0.607662904318122,0.607662904318122,872,0,evaluated,accuracy,0.7935779816513762
2,0.8073394495412844,0.45764580095579865,1.5803491457598797,0.8128842213114754,0.8085375094720889,0.8068476678691222,0.6214065284386913,0.6214065284386913,872,0,evaluated,accuracy,0.8073394495412844
3,0.8061926605504587,0.47278769929474646,1.6044607186737765,0.809794867712231,0.8071587943083269,0.8059146971862057,0.6169480303863415,0.6169480303863415,872,0,evaluated,accuracy,0.8061926605504587
4,0.8107798165137615,0.4725537434083606,1.6040853895511087,0.8116112682883139,0.8112423170834386,0.8107596576628002,0.6228534760964696,0.6228534760964696,872,0,evaluated,accuracy,0.8107798165137615
5,0.8061926605504587,0.49408391227415943,1.6389960869126043,0.806156073167522,0.8060642418119054,0.8061006048501164,0.6122203080922025,0.6122203080922025,872,0,evaluated,accuracy,0.8061926605504587
6,0.8027522935779816,0.5195804746872789,1.6813221445221282,0.803283708161757,0.8023069798770733,0.8024519643638011,0.6055899003791276,0.6055899003791276,872,0,evaluated,accuracy,0.8027522935779816
7,0.7901376146788991,0.5679898923690166,1.764716214318029,0.7939624398572094,0.7890355308579607,0.7889650192618219,0.5829771517184181,0.5829771517184181,872,0,evaluated,accuracy,0.7901376146788991
8,0.7855504587155964,0.5981530361219284,1.8187565187468102,0.7906424348069361,0.7842784373158205,0.7840369244624563,0.5748856484017705,0.5748856484017705,872,0,evaluated,accuracy,0.7855504587155964
9,0.7798165137614679,0.6268832453893959,1.871767638071391,0.7861036601194081,0.7783952176475541,0.777947542653425,0.5644462444864151,0.5644462444864151,872,0,evaluated,accuracy,0.7798165137614679
10,0.7752293577981652,0.657056091028616,1.929104857705446,0.7835329276007241,0.7735960259324746,0.772809205034269,0.5570403296443021,0.5570403296443021,872,0,evaluated,accuracy,0.7752293577981652
11,0.7706422018348624,0.71497928440024,2.0441443361440266,0.7852733981885274,0.7685021470068198,0.7666540003318223,0.5535215258598388,0.5535215258598388,872,0,evaluated,accuracy,0.7706422018348624
12,0.7694954128440367,0.7168090458309978,2.047888056622368,0.7802912145144312,0.7676286099183296,0.766361007914069,0.5477734864442328,0.5477734864442328,872,0,evaluated,accuracy,0.7694954128440367
13,0.768348623853211,0.7242441707794819,2.0631711054875908,0.7763998865693781,0.7667129746568999,0.765854384780216,0.5430264669120596,0.5430264669120596,872,0,evaluated,accuracy,0.768348623853211
14,0.7672018348623854,0.7507669564780839,2.118624286281973,0.7778883089827884,0.765334259493138,0.7640362418236617,0.5430774850267629,0.5430774850267629,872,0,evaluated,accuracy,0.7672018348623854
15,0.7660550458715596,0.7429918991316349,2.1022157323445496,0.7719563900666263,0.7646291150964049,0.7640692640692641,0.5365354744959331,0.5365354744959331,872,0,evaluated,accuracy,0.7660550458715596
16,0.7660550458715596,0.7271677244693862,2.0692117227178266,0.7712215320910973,0.7647133114422834,0.7642643597735512,0.5358953252055252,0.5358953252055252,872,0,evaluated,accuracy,0.7660550458715596
17,0.7591743119266054,0.7390529453207594,2.0939514885967725,0.76688916519425,0.7575355729561337,0.7565812911081453,0.524341316602403,0.524341316602403,872,0,evaluated,accuracy,0.7591743119266054
18,0.7614678899082569,0.7866036224802699,2.195925554299142,0.7761388091822095,0.7592826471331144,0.7571707045391256,0.5351560573176734,0.5351560573176734,872,0,evaluated,accuracy,0.7614678899082569
19,0.7603211009174312,0.7860895329659138,2.1947969421260685,0.7758655603993811,0.7580723246611096,0.7557727381761217,0.533641326983614,0.533641326983614,872,0,evaluated,accuracy,0.7603211009174312
20,0.7557339449541285,0.791742427633443,2.207239031835351,0.7750347208330713,0.7532310347730908,0.750093848010624,0.5278156002055522,0.5278156002055522,872,0,evaluated,accuracy,0.7557339449541285
21,0.7603211009174312,0.8024899565845455,2.2310893335587854,0.7807687237420546,0.7577776374505346,0.7546125933256587,0.5380553810760698,0.5380553810760698,872,0,evaluated,accuracy,0.7603211009174312
22,0.7522935779816514,0.7798058592945064,2.1810487940414163,0.768232636928289,0.7499789509135304,0.7473480885311872,0.5178900005989828,0.5178900005989828,872,0,evaluated,accuracy,0.7522935779816514
23,0.7534403669724771,0.7624729642080604,2.143570644819787,0.7678899082568807,0.7512313715584744,0.7489202418658221,0.5188539257943415,0.5188539257943415,872,0,evaluated,accuracy,0.7534403669724771
24,0.7522935779816514,0.7601106615241514,2.1385128584955546,0.768232636928289,0.7499789509135304,0.7473480885311872,0.5178900005989828,0.5178900005989828,872,0,evaluated,accuracy,0.7522935779816514
25,0.7522935779816514,0.7403131121889167,2.096591880203826,0.770940346551606,0.7498105582217731,0.7466630082153751,0.520322051106264,0.520322051106264,872,0,evaluated,accuracy,0.7522935779816514
26,0.75,0.7166268748974581,2.0475150249221064,0.761660447761194,0.7479792876989139,0.7461053531360188,0.5094560685860942,0.5094560685860942,872,0,evaluated,accuracy,0.75
27,0.7534403669724771,0.7006915884280424,2.0151458772344166,0.7661251232679804,0.7513576660772923,0.7493793971898088,0.5172720362407821,0.5172720362407821,872,0,evaluated,accuracy,0.7534403669724771
28,0.7534403669724771,0.7017299964887287,2.01723950779009,0.765566024625476,0.7513997642502315,0.7495267220037862,0.5167716555064368,0.5167716555064368,872,0,evaluated,accuracy,0.7534403669724771
29,0.7591743119266054,0.6663497675449477,1.9471169036380407,0.7687311809050748,0.7573671802643765,0.7560936625909054,0.5259756126614814,0.5259756126614814,872,0,evaluated,accuracy,0.7591743119266054
30,0.7603211009174312,0.6579300372972401,1.9307915286201445,0.7696857417318512,0.758535404563442,0.7573181530676787,0.5281034457135688,0.5281034457135688,872,0,evaluated,accuracy,0.7603211009174312
31,0.7591743119266054,0.6449218501738452,1.9058380825370882,0.7702565236620964,0.7572408857455586,0.7556992827868853,0.5273368089764007,0.5273368089764007,872,0,evaluated,accuracy,0.7591743119266054
32,0.7844036697247706,0.6096365834594867,1.839762677089262,0.7873975409836065,0.7834049002273301,0.783378084103258,0.5707884772068863,0.5707884772068863,872,0,evaluated,accuracy,0.7844036697247706
33,0.7740825688073395,0.6179708592388609,1.8551598395839473,0.7808137864488185,0.7725961943251662,0.7720170671338231,0.5533489658433921,0.5533489658433921,872,0,evaluated,accuracy,0.7740825688073395
34,0.7821100917431193,0.5902457926251473,1.804431876943769,0.7859499175288649,0.7809842552833206,0.7808546773399927,0.566912425777298,0.566912425777298,872,0,evaluated,accuracy,0.7821100917431193
35,0.7798165137614679,0.5995920470001501,1.8213756131628434,0.784957467427587,0.778521512166372,0.7782193326868969,0.5634422232351112,0.5634422232351112,872,0,evaluated,accuracy,0.7798165137614679
36,0.7844036697247706,0.5981250629512542,1.8187056430718769,0.7882848146006041,0.7832786057085123,0.783161470210098,0.5715414957008671,0.5715414957008671,872,0,evaluated,accuracy,0.7844036697247706
37,0.786697247706422,0.5917078683135706,1.8070720224984669,0.7927709021793128,0.785320367096068,0.7849767996818242,0.5780432554224589,0.5780432554224589,872,0,evaluated,accuracy,0.786697247706422
38,0.7935779816513762,0.5953996285386042,1.8137556286596346,0.7990416711532249,0.7922876147175213,0.7920806243939659,0.5912907128055285,0.5912907128055285,872,0,evaluated,accuracy,0.7935779816513762
39,0.7912844036697247,0.596795916557312,1.8162899228033276,0.7966943038656187,0.7899932642923297,0.7897704091094544,0.5866492978771256,0.5866492978771256,872,0,evaluated,accuracy,0.7912844036697247
40,0.7901376146788991,0.5935892014328493,1.8104749269380367,0.7965064440301532,0.7887408436473857,0.7884008735743752,0.5851957648382387,0.5851957648382387,872,0,evaluated,accuracy,0.7901376146788991
41,0.7970183486238532,0.6087966063700685,1.8382179674417212,0.8019980980728212,0.7957922876147174,0.795663691859195,0.5977581727898118,0.5977581727898118,872,0,evaluated,accuracy,0.7970183486238532
42,0.7981651376146789,0.6078273036064358,1.8364370409536428,0.8037364057284375,0.7968763155679044,0.7967010549629889,0.6005735426623343,0.6005735426623343,872,0,evaluated,accuracy,0.7981651376146789
43,0.783256880733945,0.6377015693472066,1.8921269550327602,0.7958596910679794,0.7813105161236003,0.7800680314775694,0.5769868019097221,0.5769868019097221,872,0,evaluated,accuracy,0.783256880733945
44,0.7844036697247706,0.6368395505695168,1.8904966088632111,0.795630725863284,0.7825629367685443,0.7815305230388707,0.5780459708325834,0.5780459708325834,872,0,evaluated,accuracy,0.7844036697247706
45,0.7809633027522935,0.6587439726252075,1.9323637077955187,0.7952748667034382,0.7788898711795909,0.7773556505267605,0.5739309001525975,0.5739309001525975,872,0,evaluated,accuracy,0.7809633027522935
46,0.7809633027522935,0.6673489672328354,1.9490634345650328,0.7923057421726454,0.7791003620442873,0.7779848383661053,0.5712534935315825,0.5712534935315825,872,0,evaluated,accuracy,0.7809633027522935
47,0.7786697247706422,0.6930675495655165,1.9998407443520694,0.790460648033092,0.7767639134461564,0.7755379947317529,0.5670591702873525,0.5670591702873525,872,0,evaluated,accuracy,0.7786697247706422
48,0.7821100917431193,0.703000106942763,2.019803252552088,0.7926877513791513,0.7803106845162919,0.7793228375822479,0.5728647447299376,0.5728647447299376,872,0,evaluated,accuracy,0.7821100917431193
49,0.7821100917431193,0.7062474932145635,2.026372995379053,0.7937879289418515,0.7802264881704134,0.7790874423317955,0.5738541960959561,0.5738541960959561,872,0,evaluated,accuracy,0.7821100917431193
50,0.7603211009174312,0.7671122715013836,2.1535384316810013,0.7823210630999395,0.7576934411046561,0.7542552402526917,0.5394526346086305,0.5394526346086305,872,0,evaluated,accuracy,0.7603211009174312
51,0.7568807339449541,0.7849658837012194,2.1923321451988578,0.7805623329847798,0.7541466700345205,0.7502580313960714,0.5340561119028528,0.5340561119028528,872,0,evaluated,accuracy,0.7568807339449541
52,0.7545871559633027,0.8131115086581728,2.25491326467958,0.7780295108632509,0.751852319609329,0.7479019750884872,0.5292348334369417,0.5292348334369417,872,0,evaluated,accuracy,0.7545871559633027
53,0.7729357798165137,0.7763492153325212,2.173522699904349,0.7890177307355222,0.7707123010861329,0.7687002652519894,0.5594306210500299,0.5594306210500299,872,0,evaluated,accuracy,0.7729357798165137
54,0.7740825688073395,0.7726341382079168,2.1654628761455657,0.7879874308445738,0.7720068199040162,0.7703615871925226,0.5597661841746436,0.5597661841746436,872,0,evaluated,accuracy,0.7740825688073395
55,0.7717889908256881,0.7943290417347479,2.212955697656947,0.7874617737003058,0.7695861749600068,0.767605247122319,0.556761061925435,0.556761061925435,872,0,evaluated,accuracy,0.7717889908256881
56,0.7591743119266054,0.8481028025303412,2.3352122877906822,0.7822692735359525,0.7564831186326513,0.7528024363377179,0.5381349405889717,0.5381349405889717,872,0,evaluated,accuracy,0.7591743119266054
57,0.7454128440366973,0.8970573123441924,2.452375906362007,0.7738536910197868,0.7423802306979878,0.7369954133426081,0.5152736003595426,0.5152736003595426,872,0,evaluated,accuracy,0.7454128440366973
58,0.7373853211009175,0.9388833056896104,2.557124297207075,0.7679938098764987,0.7342026606045298,0.7278769172066528,0.5010583331254774,0.5010583331254774,872,0,evaluated,accuracy,0.7373853211009175
59,0.7373853211009175,0.9477833148536332,2.579984303121627,0.7679938098764987,0.7342026606045298,0.7278769172066528,0.5010583331254774,0.5010583331254774,872,0,evaluated,accuracy,0.7373853211009175
60,0.7373853211009175,0.9304307830443076,2.5356012364005296,0.7689562216298875,0.7341605624315906,0.7276334328569929,0.5019121043622278,0.5019121043622278,872,0,evaluated,accuracy,0.7373853211009175
61,0.7465596330275229,0.9153509741529412,2.4976517092819557,0.7756127341493195,0.7435063568241138,0.7380687339871013,0.5181252851850943,0.5181252851850943,872,0,evaluated,accuracy,0.7465596330275229
62,0.7431192660550459,0.9394868098267721,2.5586679980677505,0.7731148797547187,0.7400016839269176,0.7341694974305374,0.5120469941192121,0.5120469941192121,872,0,evaluated,accuracy,0.7431192660550459
63,0.7373853211009175,0.9349072887263167,2.546977313281793,0.7679938098764987,0.7342026606045298,0.7278769172066528,0.5010583331254774,0.5010583331254774,872,0,evaluated,accuracy,0.7373853211009175
64,0.7385321100917431,0.9365924028081631,2.551272878861094,0.7707652060170045,0.7352866885577166,0.7287003225859274,0.5048066905277264,0.5048066905277264,872,0,evaluated,accuracy,0.7385321100917431
65,0.7385321100917431,0.9522524175293948,2.591540321155784,0.7707652060170045,0.7352866885577166,0.7287003225859274,0.5048066905277264,0.5048066905277264,872,0,evaluated,accuracy,0.7385321100917431
66,0.7385321100917431,0.9725335158339334,2.6446362066554747,0.7717634471354926,0.7352445903847773,0.7284527972027972,0.5056911342032567,0.5056911342032567,872,0,evaluated,accuracy,0.7385321100917431
67,0.731651376146789,0.9699251804876765,2.637747097019536,0.7678906790550559,0.7281931464174455,0.7202553303500921,0.4944929400890543,0.4944929400890543,872,0,evaluated,accuracy,0.731651376146789
68,0.7431192660550459,0.9183668434073072,2.505195670362246,0.7703637871785757,0.7401279784457355,0.7348493486889617,0.5095955637959358,0.5095955637959358,872,0,evaluated,accuracy,0.7431192660550459
69,0.7454128440366973,0.9344098917934873,2.5457107695917665,0.7671191623424759,0.7427170160815021,0.7386768612713017,0.509251867044024,0.509251867044024,872,0,evaluated,accuracy,0.7454128440366973
70,0.7454128440366973,0.9456874547748391,2.5745826795177122,0.7671191623424759,0.7427170160815021,0.7386768612713017,0.509251867044024,0.509251867044024,872,0,evaluated,accuracy,0.7454128440366973
71,0.7442660550458715,0.9615548127288118,2.6157603307936945,0.7670258507834364,0.7415066936094974,0.7371985377093934,0.5078918401824181,0.5078918401824181,872,0,evaluated,accuracy,0.7442660550458715
72,0.75,0.9354670485225293,2.5484034078816085,0.7677579455423003,0.747558305969521,0.744494623655914,0.5149202012286218,0.5149202012286218,872,0,evaluated,accuracy,0.75
73,0.7385321100917431,0.981071970878391,2.6673139928667453,0.7618618899515937,0.7357076702871095,0.7309909237039082,0.4968817002767142,0.4968817002767142,872,0,evaluated,accuracy,0.7385321100917431
74,0.7327981651376146,0.9983738956101443,2.7138652103591707,0.7609163453779252,0.7296981561000253,0.7236088003993998,0.4896202750281764,0.4896202750281764,872,0,evaluated,accuracy,0.7327981651376146
75,0.7259174311926605,1.0252297285499923,2.787735809515098,0.7557797965511615,0.7226888103056328,0.7157396963005296,0.47732294557959354,0.47732294557959354,872,0,evaluated,accuracy,0.7259174311926605
76,0.7419724770642202,1.0402435939246362,2.829906278374589,0.7637131902996979,0.739254441357245,0.7350449626807724,0.5023725789638247,0.5023725789638247,872,0,evaluated,accuracy,0.7419724770642202
77,0.7419724770642202,0.996115148614306,2.7077421932446892,0.7629542891837974,0.7392965395301844,0.735245181583752,0.5016933384301693,0.5016933384301693,872,0,evaluated,accuracy,0.7419724770642202
78,0.7224770642201835,1.1123389650922302,3.0414639593923716,0.7561092654115911,0.7190578428896186,0.710968788179283,0.473720353056982,0.473720353056982,872,0,evaluated,accuracy,0.7224770642201835
79,0.7213302752293578,1.1375880230457411,3.1192357598351044,0.7552664188351921,0.7178896185905532,0.7096356468368324,0.47167744334015543,0.47167744334015543,872,0,evaluated,accuracy,0.7213302752293578
80,0.7236238532110092,1.1120078366830808,3.040457010993824,0.7531445115354162,0.7203944598804412,0.713360948989237,0.4724051138230667,0.4724051138230667,872,0,evaluated,accuracy,0.7236238532110092
81,0.7247706422018348,1.1332311269340165,3.1056751362468726,0.7540057915057915,0.7215626841795066,0.7146783587461554,0.47446055668796444,0.47446055668796444,872,0,evaluated,accuracy,0.7247706422018348
82,0.7396788990825688,1.067658882622325,2.9085622374866134,0.7604331107063347,0.7370021891049928,0.732891805420052,0.4968831546865894,0.4968831546865894,872,0,evaluated,accuracy,0.7396788990825688
83,0.7121559633027523,1.1738716232667274,3.234491159362906,0.7464704236734947,0.7086280205439084,0.6994932332705881,0.45352237701626,0.45352237701626,872,0,evaluated,accuracy,0.7121559633027523
84,0.7121559633027523,1.1510274453994331,3.161439448000177,0.7445147250118676,0.708712216889787,0.7000763265680862,0.4518106254590457,0.4518106254590457,872,0,evaluated,accuracy,0.7121559633027523
85,0.7098623853211009,1.1572983680515114,3.181326881354114,0.7427832977373325,0.706375768291656,0.6973945724259487,0.4476810900581971,0.4476810900581971,872,0,evaluated,accuracy,0.7098623853211009
86,0.7029816513761468,1.2197743107419494,3.386423367992656,0.7417133333759027,0.6991980298055065,0.6880134493157233,0.43885678659991756,0.43885678659991756,872,0,evaluated,accuracy,0.7029816513761468
87,0.7064220183486238,1.1800838358905337,3.254647047686033,0.743213897937025,0.7027448008756421,0.6924280919497153,0.4441186927272071,0.4441186927272071,872,0,evaluated,accuracy,0.7064220183486238
88,0.7052752293577982,1.1508700289857496,3.16094182470826,0.7403070150685704,0.7016607729224551,0.6916968750644866,0.44027490683624476,0.44027490683624476,872,0,evaluated,accuracy,0.7052752293577982
89,0.7190366972477065,1.1661498732523088,3.209611408437011,0.746125972631339,0.7158899553759367,0.709120813437845,0.46102548844175106,0.46102548844175106,872,0,evaluated,accuracy,0.7190366972477065
90,0.7201834862385321,1.1860026700781026,3.2739678859143697,0.7478663300877509,0.7170160815020628,0.7101806195003677,0.4638576492500282,0.4638576492500282,872,0,evaluated,accuracy,0.7201834862385321
91,0.7282110091743119,1.1764458406955824,3.2428281689126273,0.7507744107744108,0.7253620442872779,0.7202612432743393,0.47545781670747106,0.47545781670747106,872,0,evaluated,accuracy,0.7282110091743119
92,0.7270642201834863,1.186968022530232,3.2771299448463402,0.7506649718711014,0.7241517218152732,0.7187416992372785,0.47407588018664015,0.47407588018664015,872,0,evaluated,accuracy,0.7270642201834863
93,0.7213302752293578,1.1978967660063997,3.313141278239688,0.74622671185314,0.7183106003199461,0.71223818816637,0.46369775190080614,0.46369775190080614,872,0,evaluated,accuracy,0.7213302752293578
94,0.713302752293578,1.1614273108473612,3.194489553321973,0.7417217740958748,0.7100488338806096,0.7025222835372011,0.4506589698314709,0.4506589698314709,872,0,evaluated,accuracy,0.713302752293578
95,0.716743119266055,1.1514313964668763,3.162716772810845,0.7435102917444072,0.713595604950745,0.7067462894659091,0.4561259829340096,0.4561259829340096,872,0,evaluated,accuracy,0.716743119266055
96,0.716743119266055,1.20290337790043,3.3297704840238085,0.7426731223288203,0.7136377031236845,0.7070016038568745,0.455386115133881,0.455386115133881,872,0,evaluated,accuracy,0.716743119266055
97,0.7006880733944955,1.2621332921019388,3.5329502688701955,0.7338683998576485,0.6971141702450114,0.6872116466906626,0.4294125083621526,0.4294125083621526,872,0,evaluated,accuracy,0.7006880733944955
98,0.7213302752293578,1.2313754186717742,3.4259383968593444,0.7446373941183753,0.7183947966658247,0.712715721484904,0.46228793601105267,0.46228793601105267,872,0,evaluated,accuracy,0.7213302752293578
99,0.713302752293578,1.2976091586121725,3.660534440004129,0.7426077229841455,0.7100067357076703,0.7022508741258742,0.45143883732515144,0.45143883732515144,872,0,evaluated,accuracy,0.713302752293578
100,0.7098623853211009,1.2878888812633829,3.625125401637194,0.7390741586721487,0.7065441609834133,0.6985391276305883,0.4444293937882793,0.4444293937882793,872,0,evaluated,accuracy,0.7098623853211009
