Config,{"general": {"device": "cuda:0", "training_rounds": 100, "train_optimization": {"cudnn_benchmark": true, "pin_memory": true, "fused_optimizer": false, "torch_compile": false, "non_blocking_transfer": true}}, "dataset": "mnist", "model": "simple_lora_mlp", "loss_function": "CrossEntropyLoss", "aggregation": "zeropadding", "client_selection": {"method": "random", "round": 1, "client_selection_round": 1, "number": 10, "random_seed": 42}, "hyperparameters": {"training_rounds": 100, "local_epochs": 5, "selected_clients": 10, "client_selection_round": 1, "client_selection_method": "random", "optimizer": "SGD", "lr": 0.01, "momentum": 0.0, "weight_decay": 0.0001, "nesterov": false, "batch_size": 64, "shuffle": true, "trainer_type": "standard", "rank_ratio_list": [0.5, 1.0, 0.8, 0.4, 0.1, 0.7, 0.6, 0.3, 0.2, 0.9]}, "effective_yaml": {"server_yaml": {"role": "server", "general": {"device": "cuda:0", "training_rounds": 100, "train_optimization": {"cudnn_benchmark": true, "pin_memory": true, "fused_optimizer": false, "torch_compile": false, "non_blocking_transfer": true}}, "training_logger": {"name": "train", "path": "./experiment_results/", "prefix": "zeropadding_", "save_weights": false}, "data_loader": {"name": "mnist", "root": ".dataset", "split": "", "batch_size": 64, "shuffle": true, "num_workers": 0, "is_download": true, "is_load_train_set": true, "is_load_test_set": true, "task_type": "cv"}, "nn_model": {"name": "simple_lora_mlp", "input_dim": 0, "hidden_dim": 0, "output_dim": 0, "softmax_dim": 1, "lora_mode": "standard", "rank_ratio": 1.0, "cap_lora_rank_to_matrix_dim": true, "share_model": false}, "loss_func": {"type": "CrossEntropyLoss", "reduction": "mean", "weight": "None"}, "optimizer": {"type": "SGD", "lr": 0.01, "weight_decay": 0.0001, "momentum": 0.0, "nesterov": false, "betas": [0.9, 0.999], "amsgrad": false, "eps": "1e-8", "alpha": "None", "centered": "None"}, "training": {"epochs": 5, "batch_size": 64, "shuffle": true, "lr": 0.01}, "trainer": {"trainer_type": "standard", "save_path": "./.training_results/"}, "data_distribution": {"use": "mnist_dirichlet_0_8_seed_1", "custom_define": {"mnist_dirichlet_0_8_seed_1": [[430, 342, 1067, 120, 350, 306, 48, 838, 1906, 50], [2555, 616, 1020, 1907, 535, 577, 977, 246, 182, 753], [290, 523, 195, 707, 240, 43, 69, 4038, 391, 197], [301, 1212, 656, 349, 442, 76, 238, 870, 595, 399], [15, 384, 126, 486, 269, 330, 2239, 35, 18, 210], [487, 52, 43, 23, 742, 1888, 64, 112, 23, 3143], [1067, 745, 214, 276, 928, 827, 438, 1, 1213, 216], [342, 90, 532, 139, 1375, 992, 680, 36, 654, 146], [292, 1284, 1174, 287, 475, 2, 11, 27, 316, 560], [144, 1494, 931, 1837, 486, 380, 1154, 62, 553, 275]]}}, "client_selection": {"method": "random", "round": 1, "client_selection_round": 1, "number": 10, "random_seed": 42}, "strategy": {"role": "server", "strategy_name": "rbla"}, "aggregation": {"method": "zeropadding", "device": "cpu"}, "rank_distribution": {"rank_ratio_list": [0.5, 1.0, 0.8, 0.4, 0.1, 0.7, 0.6, 0.3, 0.2, 0.9]}, "lora_inference": {"device": "cpu", "lora_mode": "standard", "scaling": 0.5, "rank_ratio": 1, "use_bias": true, "alpha": 0}}, "client_yamls": [{"index": 0, "node_id": "client.1", "yaml": {"role": "client", "training_logger": {"name": "train", "path": "./experiment_results/", "prefix": "", "save_weights": false}, "data_loader": {"name": "mnist", "root": ".dataset", "split": "", "batch_size": 64, "shuffle": true, "num_workers": 0, "is_download": true, "is_load_train_set": true, "is_load_test_set": true, "task_type": "cv"}, "nn_model": {"name": "simple_lora_mlp", "input_dim": 0, "hidden_dim": 0, "output_dim": 0, "softmax_dim": 1, "lora_mode": "standard", "rank_ratio": 0.5, "cap_lora_rank_to_matrix_dim": true, "share_model": false}, "loss_func": {"type": "CrossEntropyLoss", "reduction": "mean", "weight": "None"}, "optimizer": {"type": "SGD", "lr": 0.01, "weight_decay": 0.0001, "momentum": 0.0, "nesterov": false, "betas": [0.9, 0.999], "amsgrad": false, "eps": "1e-8", "alpha": "None", "centered": "None"}, "training": {"epochs": 5, "batch_size": 64, "shuffle": true, "lr": 0.01}, "trainer": {"trainer_type": "standard", "save_path": "./.training_results/"}, "strategy": {"role": "client", "strategy_name": "rbla"}}}, {"index": 1, "node_id": "client.2", "yaml": {"role": "client", "training_logger": {"name": "train", "path": "./experiment_results/", "prefix": "", "save_weights": false}, "data_loader": {"name": "mnist", "root": ".dataset", "split": "", "batch_size": 64, "shuffle": true, "num_workers": 0, "is_download": true, "is_load_train_set": true, "is_load_test_set": true, "task_type": "cv"}, "nn_model": {"name": "simple_lora_mlp", "input_dim": 0, "hidden_dim": 0, "output_dim": 0, "softmax_dim": 1, "lora_mode": "standard", "rank_ratio": 1.0, "cap_lora_rank_to_matrix_dim": true, "share_model": false}, "loss_func": {"type": "CrossEntropyLoss", "reduction": "mean", "weight": "None"}, "optimizer": {"type": "SGD", "lr": 0.01, "weight_decay": 0.0001, "momentum": 0.0, "nesterov": false, "betas": [0.9, 0.999], "amsgrad": false, "eps": "1e-8", "alpha": "None", "centered": "None"}, "training": {"epochs": 5, "batch_size": 64, "shuffle": true, "lr": 0.01}, "trainer": {"trainer_type": "standard", "save_path": "./.training_results/"}, "strategy": {"role": "client", "strategy_name": "rbla"}}}, {"index": 2, "node_id": "client.3", "yaml": {"role": "client", "training_logger": {"name": "train", "path": "./experiment_results/", "prefix": "", "save_weights": false}, "data_loader": {"name": "mnist", "root": ".dataset", "split": "", "batch_size": 64, "shuffle": true, "num_workers": 0, "is_download": true, "is_load_train_set": true, "is_load_test_set": true, "task_type": "cv"}, "nn_model": {"name": "simple_lora_mlp", "input_dim": 0, "hidden_dim": 0, "output_dim": 0, "softmax_dim": 1, "lora_mode": "standard", "rank_ratio": 0.8, "cap_lora_rank_to_matrix_dim": true, "share_model": false}, "loss_func": {"type": "CrossEntropyLoss", "reduction": "mean", "weight": "None"}, "optimizer": {"type": "SGD", "lr": 0.01, "weight_decay": 0.0001, "momentum": 0.0, "nesterov": false, "betas": [0.9, 0.999], "amsgrad": false, "eps": "1e-8", "alpha": "None", "centered": "None"}, "training": {"epochs": 5, "batch_size": 64, "shuffle": true, "lr": 0.01}, "trainer": {"trainer_type": "standard", "save_path": "./.training_results/"}, "strategy": {"role": "client", "strategy_name": "rbla"}}}, {"index": 3, "node_id": "client.4", "yaml": {"role": "client", "training_logger": {"name": "train", "path": "./experiment_results/", "prefix": "", "save_weights": false}, "data_loader": {"name": "mnist", "root": ".dataset", "split": "", "batch_size": 64, "shuffle": true, "num_workers": 0, "is_download": true, "is_load_train_set": true, "is_load_test_set": true, "task_type": "cv"}, "nn_model": {"name": "simple_lora_mlp", "input_dim": 0, "hidden_dim": 0, "output_dim": 0, "softmax_dim": 1, "lora_mode": "standard", "rank_ratio": 0.4, "cap_lora_rank_to_matrix_dim": true, "share_model": false}, "loss_func": {"type": "CrossEntropyLoss", "reduction": "mean", "weight": "None"}, "optimizer": {"type": "SGD", "lr": 0.01, "weight_decay": 0.0001, "momentum": 0.0, "nesterov": false, "betas": [0.9, 0.999], "amsgrad": false, "eps": "1e-8", "alpha": "None", "centered": "None"}, "training": {"epochs": 5, "batch_size": 64, "shuffle": true, "lr": 0.01}, "trainer": {"trainer_type": "standard", "save_path": "./.training_results/"}, "strategy": {"role": "client", "strategy_name": "rbla"}}}, {"index": 4, "node_id": "client.5", "yaml": {"role": "client", "training_logger": {"name": "train", "path": "./experiment_results/", "prefix": "", "save_weights": false}, "data_loader": {"name": "mnist", "root": ".dataset", "split": "", "batch_size": 64, "shuffle": true, "num_workers": 0, "is_download": true, "is_load_train_set": true, "is_load_test_set": true, "task_type": "cv"}, "nn_model": {"name": "simple_lora_mlp", "input_dim": 0, "hidden_dim": 0, "output_dim": 0, "softmax_dim": 1, "lora_mode": "standard", "rank_ratio": 0.1, "cap_lora_rank_to_matrix_dim": true, "share_model": false}, "loss_func": {"type": "CrossEntropyLoss", "reduction": "mean", "weight": "None"}, "optimizer": {"type": "SGD", "lr": 0.01, "weight_decay": 0.0001, "momentum": 0.0, "nesterov": false, "betas": [0.9, 0.999], "amsgrad": false, "eps": "1e-8", "alpha": "None", "centered": "None"}, "training": {"epochs": 5, "batch_size": 64, "shuffle": true, "lr": 0.01}, "trainer": {"trainer_type": "standard", "save_path": "./.training_results/"}, "strategy": {"role": "client", "strategy_name": "rbla"}}}, {"index": 5, "node_id": "client.6", "yaml": {"role": "client", "training_logger": {"name": "train", "path": "./experiment_results/", "prefix": "", "save_weights": false}, "data_loader": {"name": "mnist", "root": ".dataset", "split": "", "batch_size": 64, "shuffle": true, "num_workers": 0, "is_download": true, "is_load_train_set": true, "is_load_test_set": true, "task_type": "cv"}, "nn_model": {"name": "simple_lora_mlp", "input_dim": 0, "hidden_dim": 0, "output_dim": 0, "softmax_dim": 1, "lora_mode": "standard", "rank_ratio": 0.7, "cap_lora_rank_to_matrix_dim": true, "share_model": false}, "loss_func": {"type": "CrossEntropyLoss", "reduction": "mean", "weight": "None"}, "optimizer": {"type": "SGD", "lr": 0.01, "weight_decay": 0.0001, "momentum": 0.0, "nesterov": false, "betas": [0.9, 0.999], "amsgrad": false, "eps": "1e-8", "alpha": "None", "centered": "None"}, "training": {"epochs": 5, "batch_size": 64, "shuffle": true, "lr": 0.01}, "trainer": {"trainer_type": "standard", "save_path": "./.training_results/"}, "strategy": {"role": "client", "strategy_name": "rbla"}}}, {"index": 6, "node_id": "client.7", "yaml": {"role": "client", "training_logger": {"name": "train", "path": "./experiment_results/", "prefix": "", "save_weights": false}, "data_loader": {"name": "mnist", "root": ".dataset", "split": "", "batch_size": 64, "shuffle": true, "num_workers": 0, "is_download": true, "is_load_train_set": true, "is_load_test_set": true, "task_type": "cv"}, "nn_model": {"name": "simple_lora_mlp", "input_dim": 0, "hidden_dim": 0, "output_dim": 0, "softmax_dim": 1, "lora_mode": "standard", "rank_ratio": 0.6, "cap_lora_rank_to_matrix_dim": true, "share_model": false}, "loss_func": {"type": "CrossEntropyLoss", "reduction": "mean", "weight": "None"}, "optimizer": {"type": "SGD", "lr": 0.01, "weight_decay": 0.0001, "momentum": 0.0, "nesterov": false, "betas": [0.9, 0.999], "amsgrad": false, "eps": "1e-8", "alpha": "None", "centered": "None"}, "training": {"epochs": 5, "batch_size": 64, "shuffle": true, "lr": 0.01}, "trainer": {"trainer_type": "standard", "save_path": "./.training_results/"}, "strategy": {"role": "client", "strategy_name": "rbla"}}}, {"index": 7, "node_id": "client.8", "yaml": {"role": "client", "training_logger": {"name": "train", "path": "./experiment_results/", "prefix": "", "save_weights": false}, "data_loader": {"name": "mnist", "root": ".dataset", "split": "", "batch_size": 64, "shuffle": true, "num_workers": 0, "is_download": true, "is_load_train_set": true, "is_load_test_set": true, "task_type": "cv"}, "nn_model": {"name": "simple_lora_mlp", "input_dim": 0, "hidden_dim": 0, "output_dim": 0, "softmax_dim": 1, "lora_mode": "standard", "rank_ratio": 0.3, "cap_lora_rank_to_matrix_dim": true, "share_model": false}, "loss_func": {"type": "CrossEntropyLoss", "reduction": "mean", "weight": "None"}, "optimizer": {"type": "SGD", "lr": 0.01, "weight_decay": 0.0001, "momentum": 0.0, "nesterov": false, "betas": [0.9, 0.999], "amsgrad": false, "eps": "1e-8", "alpha": "None", "centered": "None"}, "training": {"epochs": 5, "batch_size": 64, "shuffle": true, "lr": 0.01}, "trainer": {"trainer_type": "standard", "save_path": "./.training_results/"}, "strategy": {"role": "client", "strategy_name": "rbla"}}}, {"index": 8, "node_id": "client.9", "yaml": {"role": "client", "training_logger": {"name": "train", "path": "./experiment_results/", "prefix": "", "save_weights": false}, "data_loader": {"name": "mnist", "root": ".dataset", "split": "", "batch_size": 64, "shuffle": true, "num_workers": 0, "is_download": true, "is_load_train_set": true, "is_load_test_set": true, "task_type": "cv"}, "nn_model": {"name": "simple_lora_mlp", "input_dim": 0, "hidden_dim": 0, "output_dim": 0, "softmax_dim": 1, "lora_mode": "standard", "rank_ratio": 0.2, "cap_lora_rank_to_matrix_dim": true, "share_model": false}, "loss_func": {"type": "CrossEntropyLoss", "reduction": "mean", "weight": "None"}, "optimizer": {"type": "SGD", "lr": 0.01, "weight_decay": 0.0001, "momentum": 0.0, "nesterov": false, "betas": [0.9, 0.999], "amsgrad": false, "eps": "1e-8", "alpha": "None", "centered": "None"}, "training": {"epochs": 5, "batch_size": 64, "shuffle": true, "lr": 0.01}, "trainer": {"trainer_type": "standard", "save_path": "./.training_results/"}, "strategy": {"role": "client", "strategy_name": "rbla"}}}, {"index": 9, "node_id": "client.10", "yaml": {"role": "client", "training_logger": {"name": "train", "path": "./experiment_results/", "prefix": "", "save_weights": false}, "data_loader": {"name": "mnist", "root": ".dataset", "split": "", "batch_size": 64, "shuffle": true, "num_workers": 0, "is_download": true, "is_load_train_set": true, "is_load_test_set": true, "task_type": "cv"}, "nn_model": {"name": "simple_lora_mlp", "input_dim": 0, "hidden_dim": 0, "output_dim": 0, "softmax_dim": 1, "lora_mode": "standard", "rank_ratio": 0.9, "cap_lora_rank_to_matrix_dim": true, "share_model": false}, "loss_func": {"type": "CrossEntropyLoss", "reduction": "mean", "weight": "None"}, "optimizer": {"type": "SGD", "lr": 0.01, "weight_decay": 0.0001, "momentum": 0.0, "nesterov": false, "betas": [0.9, 0.999], "amsgrad": false, "eps": "1e-8", "alpha": "None", "centered": "None"}, "training": {"epochs": 5, "batch_size": 64, "shuffle": true, "lr": 0.01}, "trainer": {"trainer_type": "standard", "save_path": "./.training_results/"}, "strategy": {"role": "client", "strategy_name": "rbla"}}}]}, "effective_client_rank_ratios": [0.5, 1.0, 0.8, 0.4, 0.1, 0.7, 0.6, 0.3, 0.2, 0.9], "effective_client_share_model": [false, false, false, false, false, false, false, false, false, false], "rank_distribution": {"rank_ratio_list": [0.5, 1.0, 0.8, 0.4, 0.1, 0.7, 0.6, 0.3, 0.2, 0.9]}, "rank_ratio_list": [0.5, 1.0, 0.8, 0.4, 0.1, 0.7, 0.6, 0.3, 0.2, 0.9], "rank_ratio_list_str": "[0.5, 1.0, 0.8, 0.4, 0.1, 0.7, 0.6, 0.3, 0.2, 0.9]", "epoch": 5, "batch_size": 64}

round,accuracy,average_loss,perplexity,precision,recall,f1_score,matthews_correlation,mcc,total_test_samples,invalid_label_samples,evaluation_status
0,0.1035,2.28587890625,9.83432587721663,0.22179398551308865,0.10425397032531362,0.08129886582416598,0.005155456721185916,0.005155456721185916,10000,0,evaluated
1,0.1135,2.279553125,9.772312431513674,0.24333361181783167,0.11024736726816704,0.08034496938565021,0.014016152755169963,0.014016152755169963,10000,0,evaluated
2,0.1366,2.27431875,9.72129412459126,0.27585798139298107,0.1311908689001652,0.08413500320123211,0.04289806796264939,0.04289806796264939,10000,0,evaluated
3,0.1577,2.26968046875,9.676308437113317,0.30790405356833234,0.15054811912383265,0.09426613288813482,0.07002775977351534,0.07002775977351534,10000,0,evaluated
4,0.1748,2.26516484375,9.632712362668938,0.3339218756763059,0.16664026390203596,0.10407809730278753,0.09211952301403042,0.09211952301403042,10000,0,evaluated
5,0.1919,2.26069375,9.589739741525205,0.37720656906063954,0.18280221919183143,0.11299430029710748,0.11406179055500194,0.11406179055500194,10000,0,evaluated
6,0.2048,2.25657421875,9.550315768878102,0.3991356988581486,0.1949917821568045,0.11983433193261046,0.1304890591170751,0.1304890591170751,10000,0,evaluated
7,0.2181,2.252640625,9.51282249645509,0.4375431528493764,0.20785289110892444,0.12995675107750665,0.14739373808421852,0.14739373808421852,10000,0,evaluated
8,0.2302,2.2487984375,9.47634257499621,0.48866110298061605,0.2195722114910042,0.13867134215564816,0.16283179961016295,0.16283179961016295,10000,0,evaluated
9,0.2394,2.24506015625,9.440983473540383,0.48714877855149874,0.228500906035563,0.14544895570484975,0.1743741595336831,0.1743741595336831,10000,0,evaluated
10,0.2487,2.24119453125,9.40455861957175,0.5180709054301452,0.23760679440201,0.15318583267560013,0.1862183587095101,0.1862183587095101,10000,0,evaluated
11,0.2567,2.23734453125,9.36842067905976,0.5134299373632386,0.24542654296572114,0.1600734309994432,0.19639315846654892,0.19639315846654892,10000,0,evaluated
12,0.2648,2.23321484375,9.329811805448726,0.5196032080357275,0.2534438668663624,0.16635705950398114,0.20695461006206975,0.20695461006206975,10000,0,evaluated
13,0.2704,2.2285453125,9.286347515572961,0.5476858496505774,0.2588712407800501,0.17153457818505247,0.2142090740724162,0.2142090740724162,10000,0,evaluated
14,0.2762,2.223421875,9.238891168097956,0.5482195852911523,0.2646725583379316,0.1767308815408289,0.2217877511323516,0.2217877511323516,10000,0,evaluated
15,0.283,2.21736953125,9.183143096301647,0.5009215648942638,0.27138529388574734,0.1828292899374115,0.23055083992086212,0.23055083992086212,10000,0,evaluated
16,0.2881,2.2098859375,9.114676690935864,0.49716552884665804,0.27649220434369903,0.18873512474438808,0.23765176639618765,0.23765176639618765,10000,0,evaluated
17,0.2958,2.20102421875,9.034261822823881,0.5053786813721077,0.28417292316933246,0.19761084382527133,0.24748423447332227,0.24748423447332227,10000,0,evaluated
18,0.3042,2.1899796875,8.93503162002567,0.5223495871295973,0.29265069110429975,0.20844532824448364,0.25808965425661234,0.25808965425661234,10000,0,evaluated
19,0.3113,2.17641015625,8.814606334418004,0.4726762081630348,0.2996932149646575,0.21702858699304692,0.2665040652021035,0.2665040652021035,10000,0,evaluated
20,0.3213,2.15980546875,8.669451015273555,0.466906346731364,0.3096462651886536,0.22806271038222778,0.2782458429402799,0.2782458429402799,10000,0,evaluated
21,0.3305,2.1395328125,8.495467725285756,0.44730204962247144,0.3188807276975842,0.2368885677277513,0.28837635494232056,0.28837635494232056,10000,0,evaluated
22,0.3403,2.11553046875,8.293984298857533,0.437061765492606,0.328648575191815,0.2422730654756954,0.298160577305829,0.298160577305829,10000,0,evaluated
23,0.3539,2.087446875,8.064299693411659,0.45366590612704105,0.3422281923005154,0.2508245398193822,0.31216153189112494,0.31216153189112494,10000,0,evaluated
24,0.366,2.0554859375,7.8106324297987735,0.4668665779453792,0.3543550057012189,0.2553835435905734,0.3231996662774571,0.3231996662774571,10000,0,evaluated
25,0.3749,2.0202171875,7.539962341414264,0.4660937990744453,0.3633672311304704,0.25660994954914246,0.3304554867660069,0.3304554867660069,10000,0,evaluated
26,0.3848,1.982117578125,7.258096309466033,0.479749900200442,0.3733288737783815,0.26212820743523957,0.33947375995113543,0.33947375995113543,10000,0,evaluated
27,0.3971,1.942771875,6.978066516255768,0.47175915184869704,0.3857769414644022,0.27098844108801373,0.35198823786103256,0.35198823786103256,10000,0,evaluated
28,0.4022,1.9025658203125,6.703071272953482,0.4770117633117916,0.39092868228359934,0.2745299303059832,0.35715847253203403,0.35715847253203403,10000,0,evaluated
29,0.4105,1.8620060546875,6.436636072716792,0.4786868346766625,0.39938829036266255,0.2831564766501276,0.3659341140236797,0.3659341140236797,10000,0,evaluated
30,0.4205,1.82113408203125,6.17886181409513,0.49214906058665,0.4096339305133088,0.2978069365925229,0.3770170158889651,0.3770170158889651,10000,0,evaluated
31,0.4269,1.7809734375,5.935631573618818,0.4848601109345167,0.4163158110214277,0.30695841517059214,0.3840096243787121,0.3840096243787121,10000,0,evaluated
32,0.4352,1.73913505859375,5.6924176849844255,0.4836114852253668,0.4248967303232204,0.3204684258669953,0.3933270545723532,0.3933270545723532,10000,0,evaluated
33,0.4442,1.697295068359375,5.459160745677312,0.5144529560113806,0.4341559003065221,0.3337416304076188,0.4040661663401132,0.4040661663401132,10000,0,evaluated
34,0.451,1.6540421875,5.228070012475185,0.4885386739835494,0.4410742101419817,0.34420136820412833,0.41089200967326606,0.41089200967326606,10000,0,evaluated
35,0.4583,1.610573095703125,5.005679139167142,0.4840957634036327,0.4486539069591049,0.35508857205997796,0.4191211137115,0.4191211137115,10000,0,evaluated
36,0.4681,1.567047998046875,4.792479881650628,0.469321642909986,0.45874092622612056,0.36864106831421073,0.42938533053614275,0.42938533053614275,10000,0,evaluated
37,0.4802,1.52219619140625,4.582277711407599,0.4545189494673732,0.47126766364825734,0.38781043342299937,0.44147515085286665,0.44147515085286665,10000,0,evaluated
38,0.4898,1.4798062744140625,4.39209473737016,0.4598758668510204,0.481193410031698,0.4032931184680649,0.450893349574372,0.450893349574372,10000,0,evaluated
39,0.4977,1.4387820922851562,4.215558528005983,0.46473843706927315,0.48923291899391536,0.4137145380011675,0.45861344944645926,0.45861344944645926,10000,0,evaluated
40,0.5076,1.398967822265625,4.05101643917394,0.5653558246885049,0.4993879768059517,0.4288717872920878,0.4681167422195294,0.4681167422195294,10000,0,evaluated
41,0.5218,1.3596149169921874,3.8946932328036166,0.5767357170613817,0.5138278760480178,0.4500519096823889,0.48201892398836044,0.48201892398836044,10000,0,evaluated
42,0.5313,1.323489666748047,3.756507490171586,0.5762278806311995,0.5235065829279075,0.46436089249104767,0.49096274471086215,0.49096274471086215,10000,0,evaluated
43,0.5426,1.289301025390625,3.6302482174094304,0.5814834076238682,0.5349752167239599,0.4812347181087314,0.501789391589913,0.501789391589913,10000,0,evaluated
44,0.5533,1.2565818054199218,3.5133914829060657,0.5929271686143948,0.545868714253412,0.4976217614883146,0.5127570858746624,0.5127570858746624,10000,0,evaluated
45,0.5618,1.2266253540039063,3.409703556722094,0.5941667096455048,0.5543944094132003,0.5103289644252483,0.52136884898555,0.52136884898555,10000,0,evaluated
46,0.571,1.1986418334960938,3.3156107119280103,0.6032920921040005,0.5639481947050734,0.5242150977738935,0.5309267789879654,0.5309267789879654,10000,0,evaluated
47,0.5836,1.1723755554199218,3.2296557590839385,0.6105553102556701,0.5765043672245099,0.542330765114307,0.5442449620952868,0.5442449620952868,10000,0,evaluated
48,0.5911,1.1485891021728516,3.153740164098959,0.6122817579893933,0.5841693904401708,0.5533449532017299,0.5521382367576366,0.5521382367576366,10000,0,evaluated
49,0.6066,1.1230042053222655,3.0740754989999495,0.6239416135306612,0.5998635352818701,0.5755132441945168,0.5682204967840796,0.5682204967840796,10000,0,evaluated
50,0.6113,1.102227932739258,3.010866565191341,0.6296154630530408,0.6046728418384376,0.5819747586748021,0.5729890074253399,0.5729890074253399,10000,0,evaluated
51,0.6189,1.082029183959961,2.950660914168406,0.6353331969421887,0.612226812185725,0.5920301198943803,0.5809219793829326,0.5809219793829326,10000,0,evaluated
52,0.6271,1.0622782958984376,2.892954493191458,0.6400007052934059,0.620462491550834,0.6031065365496264,0.5895971778983939,0.5895971778983939,10000,0,evaluated
53,0.6346,1.045118975830078,2.843736839476667,0.6454783259504786,0.6282461285979545,0.6126361198884439,0.597610915027091,0.597610915027091,10000,0,evaluated
54,0.6413,1.0288177825927733,2.797756322577388,0.6508422995273181,0.634998782103088,0.6207521449620733,0.6047693278025458,0.6047693278025458,10000,0,evaluated
55,0.6479,1.0129620468139648,2.753745670225962,0.6566601335645219,0.6417368970699086,0.6295635657991301,0.6117015359050529,0.6117015359050529,10000,0,evaluated
56,0.6555,0.9969841033935547,2.7100961213449013,0.6625553391526637,0.6495734710362452,0.6385579693293701,0.6198966541252117,0.6198966541252117,10000,0,evaluated
57,0.6582,0.9818396331787109,2.6693623753946127,0.6661472435723679,0.6523852067666696,0.643199374034395,0.6225635144741555,0.6225635144741555,10000,0,evaluated
58,0.6633,0.9694091842651367,2.6363863805739225,0.670322953870315,0.6575590847018883,0.6486066907271091,0.628241028712321,0.628241028712321,10000,0,evaluated
59,0.6681,0.956354672241211,2.6021933153574532,0.6753975178635787,0.6625748390583099,0.6546360785698687,0.6333788967312202,0.6333788967312202,10000,0,evaluated
60,0.674,0.9422215255737305,2.5656748041780086,0.6787137900384851,0.6684692271131296,0.6618512106600478,0.6395654490206719,0.6395654490206719,10000,0,evaluated
61,0.6784,0.9304616439819335,2.5356794886395932,0.6828494174036985,0.6728852878233715,0.6667386627274685,0.6443564811107608,0.6443564811107608,10000,0,evaluated
62,0.6815,0.9183049621582031,2.5050406505213743,0.6845256012886917,0.6762379610324103,0.6702889541391064,0.6477064823623708,0.6477064823623708,10000,0,evaluated
63,0.6875,0.9066321685791016,2.4759698270455655,0.6895799480690422,0.6822809930875939,0.6769746313592214,0.6541937659549647,0.6541937659549647,10000,0,evaluated
64,0.6908,0.8956332962036133,2.448886168799602,0.6937201616890594,0.68557736409909,0.6805421153307665,0.6578585873920317,0.6578585873920317,10000,0,evaluated
65,0.6962,0.8843137664794922,2.421322228757564,0.7000288327571461,0.6911977643931876,0.6868193786502219,0.6637988467778718,0.6637988467778718,10000,0,evaluated
66,0.7025,0.8728809059143067,2.3937972338631806,0.7050584881621071,0.6977453118658499,0.6941464235939557,0.6705621273933788,0.6705621273933788,10000,0,evaluated
67,0.7059,0.8635429595947266,2.371548125952572,0.7089946742444382,0.7012792546951594,0.6981421859916744,0.6742894821631733,0.6742894821631733,10000,0,evaluated
68,0.712,0.8524623161315918,2.34541490057703,0.71513755358445,0.7075743261783637,0.704948172444501,0.6809613154592566,0.6809613154592566,10000,0,evaluated
69,0.7151,0.8436061317443848,2.3247351806219925,0.7181453681403462,0.7106871719889031,0.7079128540269441,0.6844261487272018,0.6844261487272018,10000,0,evaluated
70,0.7206,0.8328056205749512,2.299761956890873,0.7230211393527222,0.7163963127312516,0.7139123545066511,0.6904475549661167,0.6904475549661167,10000,0,evaluated
71,0.724,0.8236485221862793,2.278798937081734,0.7263980426807971,0.7197750917200468,0.7175412641845327,0.6941862113827603,0.6941862113827603,10000,0,evaluated
72,0.7268,0.8153968284606934,2.2600723554571176,0.7301111498129171,0.7226646089742983,0.7206544020043012,0.6973115855114125,0.6973115855114125,10000,0,evaluated
73,0.7331,0.8042507682800293,2.2350213224811113,0.7355017024017336,0.729329310607486,0.7275287658665531,0.7041988130640838,0.7041988130640838,10000,0,evaluated
74,0.7369,0.7956002960205079,2.2157707159947435,0.7401581144981824,0.7331619938077306,0.7314501514582389,0.7084505725834951,0.7084505725834951,10000,0,evaluated
75,0.7393,0.787325552368164,2.197511430965385,0.7428000342436207,0.7355014527561499,0.7340150290360397,0.7111200326127457,0.7111200326127457,10000,0,evaluated
76,0.745,0.7768307159423828,2.1745695044081796,0.7479221670300193,0.7416186333301273,0.7406261130732585,0.7172951059391689,0.7172951059391689,10000,0,evaluated
77,0.7483,0.7696424430847167,2.1589941524687872,0.7513920386789976,0.7448638254693198,0.7437556585878161,0.7210002309947128,0.7210002309947128,10000,0,evaluated
78,0.7522,0.7608136299133301,2.1400166939473935,0.7556320389015672,0.7490755325869026,0.7482029081129956,0.7253053949291695,0.7253053949291695,10000,0,evaluated
79,0.7558,0.7523025550842285,2.1218801419868796,0.7581150821000545,0.7524709913373593,0.7515899783524664,0.729234659644103,0.729234659644103,10000,0,evaluated
80,0.7579,0.7449457237243652,2.106327108287435,0.7606389838009897,0.7546707460182978,0.753878865224051,0.731586227270207,0.731586227270207,10000,0,evaluated
81,0.7592,0.737578547668457,2.090866446286388,0.7635748673325651,0.7561693042928938,0.755700341857206,0.73310467008431,0.73310467008431,10000,0,evaluated
82,0.762,0.7291285621643067,2.0732730916038142,0.7658516994037314,0.7589657696949047,0.7584909424586459,0.7361675370993878,0.7361675370993878,10000,0,evaluated
83,0.7653,0.7226680374145508,2.059921833985935,0.7694051664652563,0.7623500919996348,0.7617085673819652,0.7398857117006564,0.7398857117006564,10000,0,evaluated
84,0.7701,0.7155689220428467,2.045349996007827,0.773951191539936,0.7673083080847907,0.7669998836242573,0.7451353226457561,0.7451353226457561,10000,0,evaluated
85,0.7706,0.7085204471588135,2.030984086284855,0.7747363893543431,0.7678637695721366,0.7676024624409534,0.7457021127427272,0.7457021127427272,10000,0,evaluated
86,0.7758,0.7021586292266846,2.018104348019603,0.7795379696786415,0.7733323926948465,0.7729022720387151,0.7514706450637578,0.7514706450637578,10000,0,evaluated
87,0.7778,0.6940385562896728,2.0017835462462803,0.7813212944682351,0.7753058571908442,0.7750578923958946,0.7536381391498169,0.7536381391498169,10000,0,evaluated
88,0.78,0.6888868022918702,1.9914973685378106,0.7846010596301773,0.7776598306396442,0.7774709548022685,0.7561577536332186,0.7561577536332186,10000,0,evaluated
89,0.783,0.6817718315124511,1.9773782112118432,0.7874408979004253,0.7805932165668695,0.7805523982798388,0.759460748426323,0.759460748426323,10000,0,evaluated
90,0.7846,0.6748715965270996,1.9637808035050983,0.7890244157990847,0.7822666876446476,0.7823253375843013,0.7612192227485195,0.7612192227485195,10000,0,evaluated
91,0.7882,0.6694285530090333,1.9531208966183808,0.7917865128158093,0.7859662509394257,0.7856915922036438,0.7651869694423489,0.7651869694423489,10000,0,evaluated
92,0.7893,0.664330680847168,1.9431894720455758,0.7936022099228858,0.7871066470886482,0.786899966645939,0.7664684986481624,0.7664684986481624,10000,0,evaluated
93,0.7905,0.659823341369629,1.9344505668271683,0.7959838665770829,0.7884027055611249,0.7884875902284998,0.7678473510384595,0.7678473510384595,10000,0,evaluated
94,0.7932,0.6523274394989014,1.9200043266465605,0.7971416367154445,0.7910443556425637,0.7912062965651447,0.7707067476239189,0.7707067476239189,10000,0,evaluated
95,0.7949,0.6479173866271972,1.9115556493019252,0.7996708023472483,0.7928945195556907,0.79306369337355,0.7726611888994741,0.7726611888994741,10000,0,evaluated
96,0.7953,0.6420648712158203,1.9004009138744369,0.7996228575179073,0.7930748104018674,0.7932708297618515,0.7730745596458694,0.7730745596458694,10000,0,evaluated
97,0.7986,0.6371431171417237,1.8910705875544966,0.8032834099873369,0.796598250783753,0.7969130793922471,0.7767446978366369,0.7767446978366369,10000,0,evaluated
98,0.8009,0.631031489944458,1.879548314902067,0.8049478922818967,0.7988822328507339,0.7989773511873398,0.7792695327591999,0.7792695327591999,10000,0,evaluated
99,0.8019,0.627823342514038,1.8735281088230298,0.8065380529473438,0.7999858363735812,0.8002113665127393,0.7804136911333466,0.7804136911333466,10000,0,evaluated
100,0.8036,0.6229048854827881,1.8643358656803606,0.8087534444799818,0.8017248297154689,0.8021154618266374,0.7823232948246017,0.7823232948246017,10000,0,evaluated
