Config,{"general": {"device": "cuda:0", "training_rounds": 100, "train_optimization": {"cudnn_benchmark": true, "pin_memory": true, "fused_optimizer": false, "torch_compile": false, "non_blocking_transfer": true}}, "dataset": "mnist", "model": "simple_lora_mlp", "loss_function": "CrossEntropyLoss", "aggregation": "rbla", "client_selection": {"method": "random", "round": 1, "client_selection_round": 1, "number": 10, "random_seed": 42}, "hyperparameters": {"training_rounds": 100, "local_epochs": 5, "selected_clients": 10, "client_selection_round": 1, "client_selection_method": "random", "optimizer": "SGD", "lr": 0.01, "momentum": 0.0, "weight_decay": 0.0001, "nesterov": false, "batch_size": 64, "shuffle": true, "trainer_type": "standard", "rank_ratio_list": [0.899, 0.3195, 0.625, 0.475, 0.3517, 0.391, 0.8899, 0.25, 1.0, 0.3013]}, "effective_yaml": {"server_yaml": {"role": "server", "general": {"device": "cuda:0", "training_rounds": 100, "train_optimization": {"cudnn_benchmark": true, "pin_memory": true, "fused_optimizer": false, "torch_compile": false, "non_blocking_transfer": true}}, "training_logger": {"name": "train", "path": "./experiment_results/", "prefix": "mnist_dirichlet_0_4_rank_mismatch_cost_matched_rbla_", "save_weights": false}, "data_loader": {"name": "mnist", "root": ".dataset", "split": "", "batch_size": 64, "shuffle": true, "num_workers": 0, "is_download": true, "is_load_train_set": true, "is_load_test_set": true, "task_type": "cv"}, "nn_model": {"name": "simple_lora_mlp", "input_dim": 0, "hidden_dim": 0, "output_dim": 0, "softmax_dim": 1, "lora_mode": "standard", "rank_ratio": 1.0, "cap_lora_rank_to_matrix_dim": true, "share_model": false}, "loss_func": {"type": "CrossEntropyLoss", "reduction": "mean", "weight": "None"}, "optimizer": {"type": "SGD", "lr": 0.01, "weight_decay": 0.0001, "momentum": 0.0, "nesterov": false, "betas": [0.9, 0.999], "amsgrad": false, "eps": "1e-8", "alpha": "None", "centered": "None"}, "training": {"epochs": 5, "batch_size": 64, "shuffle": true, "lr": 0.01}, "trainer": {"trainer_type": "standard", "save_path": "./.training_results/"}, "data_distribution": {"use": "mnist_dirichlet_0_4", "custom_define": {"mnist_dirichlet_0_4": [[841, 83, 1710, 23, 372, 306, 3, 0, 254, 207], [507, 378, 12, 1066, 1638, 148, 367, 1318, 968, 2601], [985, 1477, 515, 101, 30, 23, 1, 1080, 28, 4], [125, 165, 19, 7, 493, 56, 829, 214, 1410, 1274], [461, 517, 466, 1439, 299, 478, 665, 2261, 69, 6], [95, 18, 782, 2271, 2, 1, 23, 874, 389, 880], [42, 94, 1446, 797, 170, 978, 316, 7, 72, 38], [1318, 2525, 993, 249, 2324, 32, 1754, 61, 335, 386], [469, 1479, 1, 18, 507, 193, 161, 432, 30, 55], [1080, 6, 14, 160, 7, 3206, 1799, 18, 2296, 498]]}}, "client_selection": {"method": "random", "round": 1, "client_selection_round": 1, "number": 10, "random_seed": 42}, "strategy": {"role": "server", "strategy_name": "rbla"}, "aggregation": {"method": "rbla", "device": "cpu", "is_wbab": false, "pad_mode": "nan"}, "canonicalization": {"enabled": false, "start_round": 0, "interval": 1, "deterministic_sign": true, "svd_fallback": true, "log_diagnostics": true, "ordering": "singular_value", "activation_chunk_size": 4096, "activation_fallback": true}, "rank_distribution": {"rank_ratio_list": [0.899, 0.3195, 0.625, 0.475, 0.3517, 0.391, 0.8899, 0.25, 1.0, 0.3013]}, "lora_inference": {"device": "cpu", "lora_mode": "standard", "scaling": 0.5, "rank_ratio": 1, "use_bias": true, "alpha": 0}}, "client_yamls": [{"index": 0, "node_id": "client.1", "yaml": {"role": "client", "training_logger": {"name": "train", "path": "./experiment_results/", "prefix": "", "save_weights": false}, "data_loader": {"name": "mnist", "root": ".dataset", "split": "", "batch_size": 64, "shuffle": true, "num_workers": 0, "is_download": true, "is_load_train_set": true, "is_load_test_set": true, "task_type": "cv"}, "nn_model": {"name": "simple_lora_mlp", "input_dim": 0, "hidden_dim": 0, "output_dim": 0, "softmax_dim": 1, "lora_mode": "standard", "rank_ratio": 0.899, "cap_lora_rank_to_matrix_dim": true, "share_model": false}, "loss_func": {"type": "CrossEntropyLoss", "reduction": "mean", "weight": "None"}, "optimizer": {"type": "SGD", "lr": 0.01, "weight_decay": 0.0001, "momentum": 0.0, "nesterov": false, "betas": [0.9, 0.999], "amsgrad": false, "eps": "1e-8", "alpha": "None", "centered": "None"}, "training": {"epochs": 5, "batch_size": 64, "shuffle": true, "lr": 0.01}, "trainer": {"trainer_type": "standard", "save_path": "./.training_results/"}, "strategy": {"role": "client", "strategy_name": "rbla"}}}, {"index": 1, "node_id": "client.2", "yaml": {"role": "client", "training_logger": {"name": "train", "path": "./experiment_results/", "prefix": "", "save_weights": false}, "data_loader": {"name": "mnist", "root": ".dataset", "split": "", "batch_size": 64, "shuffle": true, "num_workers": 0, "is_download": true, "is_load_train_set": true, "is_load_test_set": true, "task_type": "cv"}, "nn_model": {"name": "simple_lora_mlp", "input_dim": 0, "hidden_dim": 0, "output_dim": 0, "softmax_dim": 1, "lora_mode": "standard", "rank_ratio": 0.3195, "cap_lora_rank_to_matrix_dim": true, "share_model": false}, "loss_func": {"type": "CrossEntropyLoss", "reduction": "mean", "weight": "None"}, "optimizer": {"type": "SGD", "lr": 0.01, "weight_decay": 0.0001, "momentum": 0.0, "nesterov": false, "betas": [0.9, 0.999], "amsgrad": false, "eps": "1e-8", "alpha": "None", "centered": "None"}, "training": {"epochs": 5, "batch_size": 64, "shuffle": true, "lr": 0.01}, "trainer": {"trainer_type": "standard", "save_path": "./.training_results/"}, "strategy": {"role": "client", "strategy_name": "rbla"}}}, {"index": 2, "node_id": "client.3", "yaml": {"role": "client", "training_logger": {"name": "train", "path": "./experiment_results/", "prefix": "", "save_weights": false}, "data_loader": {"name": "mnist", "root": ".dataset", "split": "", "batch_size": 64, "shuffle": true, "num_workers": 0, "is_download": true, "is_load_train_set": true, "is_load_test_set": true, "task_type": "cv"}, "nn_model": {"name": "simple_lora_mlp", "input_dim": 0, "hidden_dim": 0, "output_dim": 0, "softmax_dim": 1, "lora_mode": "standard", "rank_ratio": 0.625, "cap_lora_rank_to_matrix_dim": true, "share_model": false}, "loss_func": {"type": "CrossEntropyLoss", "reduction": "mean", "weight": "None"}, "optimizer": {"type": "SGD", "lr": 0.01, "weight_decay": 0.0001, "momentum": 0.0, "nesterov": false, "betas": [0.9, 0.999], "amsgrad": false, "eps": "1e-8", "alpha": "None", "centered": "None"}, "training": {"epochs": 5, "batch_size": 64, "shuffle": true, "lr": 0.01}, "trainer": {"trainer_type": "standard", "save_path": "./.training_results/"}, "strategy": {"role": "client", "strategy_name": "rbla"}}}, {"index": 3, "node_id": "client.4", "yaml": {"role": "client", "training_logger": {"name": "train", "path": "./experiment_results/", "prefix": "", "save_weights": false}, "data_loader": {"name": "mnist", "root": ".dataset", "split": "", "batch_size": 64, "shuffle": true, "num_workers": 0, "is_download": true, "is_load_train_set": true, "is_load_test_set": true, "task_type": "cv"}, "nn_model": {"name": "simple_lora_mlp", "input_dim": 0, "hidden_dim": 0, "output_dim": 0, "softmax_dim": 1, "lora_mode": "standard", "rank_ratio": 0.475, "cap_lora_rank_to_matrix_dim": true, "share_model": false}, "loss_func": {"type": "CrossEntropyLoss", "reduction": "mean", "weight": "None"}, "optimizer": {"type": "SGD", "lr": 0.01, "weight_decay": 0.0001, "momentum": 0.0, "nesterov": false, "betas": [0.9, 0.999], "amsgrad": false, "eps": "1e-8", "alpha": "None", "centered": "None"}, "training": {"epochs": 5, "batch_size": 64, "shuffle": true, "lr": 0.01}, "trainer": {"trainer_type": "standard", "save_path": "./.training_results/"}, "strategy": {"role": "client", "strategy_name": "rbla"}}}, {"index": 4, "node_id": "client.5", "yaml": {"role": "client", "training_logger": {"name": "train", "path": "./experiment_results/", "prefix": "", "save_weights": false}, "data_loader": {"name": "mnist", "root": ".dataset", "split": "", "batch_size": 64, "shuffle": true, "num_workers": 0, "is_download": true, "is_load_train_set": true, "is_load_test_set": true, "task_type": "cv"}, "nn_model": {"name": "simple_lora_mlp", "input_dim": 0, "hidden_dim": 0, "output_dim": 0, "softmax_dim": 1, "lora_mode": "standard", "rank_ratio": 0.3517, "cap_lora_rank_to_matrix_dim": true, "share_model": false}, "loss_func": {"type": "CrossEntropyLoss", "reduction": "mean", "weight": "None"}, "optimizer": {"type": "SGD", "lr": 0.01, "weight_decay": 0.0001, "momentum": 0.0, "nesterov": false, "betas": [0.9, 0.999], "amsgrad": false, "eps": "1e-8", "alpha": "None", "centered": "None"}, "training": {"epochs": 5, "batch_size": 64, "shuffle": true, "lr": 0.01}, "trainer": {"trainer_type": "standard", "save_path": "./.training_results/"}, "strategy": {"role": "client", "strategy_name": "rbla"}}}, {"index": 5, "node_id": "client.6", "yaml": {"role": "client", "training_logger": {"name": "train", "path": "./experiment_results/", "prefix": "", "save_weights": false}, "data_loader": {"name": "mnist", "root": ".dataset", "split": "", "batch_size": 64, "shuffle": true, "num_workers": 0, "is_download": true, "is_load_train_set": true, "is_load_test_set": true, "task_type": "cv"}, "nn_model": {"name": "simple_lora_mlp", "input_dim": 0, "hidden_dim": 0, "output_dim": 0, "softmax_dim": 1, "lora_mode": "standard", "rank_ratio": 0.391, "cap_lora_rank_to_matrix_dim": true, "share_model": false}, "loss_func": {"type": "CrossEntropyLoss", "reduction": "mean", "weight": "None"}, "optimizer": {"type": "SGD", "lr": 0.01, "weight_decay": 0.0001, "momentum": 0.0, "nesterov": false, "betas": [0.9, 0.999], "amsgrad": false, "eps": "1e-8", "alpha": "None", "centered": "None"}, "training": {"epochs": 5, "batch_size": 64, "shuffle": true, "lr": 0.01}, "trainer": {"trainer_type": "standard", "save_path": "./.training_results/"}, "strategy": {"role": "client", "strategy_name": "rbla"}}}, {"index": 6, "node_id": "client.7", "yaml": {"role": "client", "training_logger": {"name": "train", "path": "./experiment_results/", "prefix": "", "save_weights": false}, "data_loader": {"name": "mnist", "root": ".dataset", "split": "", "batch_size": 64, "shuffle": true, "num_workers": 0, "is_download": true, "is_load_train_set": true, "is_load_test_set": true, "task_type": "cv"}, "nn_model": {"name": "simple_lora_mlp", "input_dim": 0, "hidden_dim": 0, "output_dim": 0, "softmax_dim": 1, "lora_mode": "standard", "rank_ratio": 0.8899, "cap_lora_rank_to_matrix_dim": true, "share_model": false}, "loss_func": {"type": "CrossEntropyLoss", "reduction": "mean", "weight": "None"}, "optimizer": {"type": "SGD", "lr": 0.01, "weight_decay": 0.0001, "momentum": 0.0, "nesterov": false, "betas": [0.9, 0.999], "amsgrad": false, "eps": "1e-8", "alpha": "None", "centered": "None"}, "training": {"epochs": 5, "batch_size": 64, "shuffle": true, "lr": 0.01}, "trainer": {"trainer_type": "standard", "save_path": "./.training_results/"}, "strategy": {"role": "client", "strategy_name": "rbla"}}}, {"index": 7, "node_id": "client.8", "yaml": {"role": "client", "training_logger": {"name": "train", "path": "./experiment_results/", "prefix": "", "save_weights": false}, "data_loader": {"name": "mnist", "root": ".dataset", "split": "", "batch_size": 64, "shuffle": true, "num_workers": 0, "is_download": true, "is_load_train_set": true, "is_load_test_set": true, "task_type": "cv"}, "nn_model": {"name": "simple_lora_mlp", "input_dim": 0, "hidden_dim": 0, "output_dim": 0, "softmax_dim": 1, "lora_mode": "standard", "rank_ratio": 0.25, "cap_lora_rank_to_matrix_dim": true, "share_model": false}, "loss_func": {"type": "CrossEntropyLoss", "reduction": "mean", "weight": "None"}, "optimizer": {"type": "SGD", "lr": 0.01, "weight_decay": 0.0001, "momentum": 0.0, "nesterov": false, "betas": [0.9, 0.999], "amsgrad": false, "eps": "1e-8", "alpha": "None", "centered": "None"}, "training": {"epochs": 5, "batch_size": 64, "shuffle": true, "lr": 0.01}, "trainer": {"trainer_type": "standard", "save_path": "./.training_results/"}, "strategy": {"role": "client", "strategy_name": "rbla"}}}, {"index": 8, "node_id": "client.9", "yaml": {"role": "client", "training_logger": {"name": "train", "path": "./experiment_results/", "prefix": "", "save_weights": false}, "data_loader": {"name": "mnist", "root": ".dataset", "split": "", "batch_size": 64, "shuffle": true, "num_workers": 0, "is_download": true, "is_load_train_set": true, "is_load_test_set": true, "task_type": "cv"}, "nn_model": {"name": "simple_lora_mlp", "input_dim": 0, "hidden_dim": 0, "output_dim": 0, "softmax_dim": 1, "lora_mode": "standard", "rank_ratio": 1.0, "cap_lora_rank_to_matrix_dim": true, "share_model": false}, "loss_func": {"type": "CrossEntropyLoss", "reduction": "mean", "weight": "None"}, "optimizer": {"type": "SGD", "lr": 0.01, "weight_decay": 0.0001, "momentum": 0.0, "nesterov": false, "betas": [0.9, 0.999], "amsgrad": false, "eps": "1e-8", "alpha": "None", "centered": "None"}, "training": {"epochs": 5, "batch_size": 64, "shuffle": true, "lr": 0.01}, "trainer": {"trainer_type": "standard", "save_path": "./.training_results/"}, "strategy": {"role": "client", "strategy_name": "rbla"}}}, {"index": 9, "node_id": "client.10", "yaml": {"role": "client", "training_logger": {"name": "train", "path": "./experiment_results/", "prefix": "", "save_weights": false}, "data_loader": {"name": "mnist", "root": ".dataset", "split": "", "batch_size": 64, "shuffle": true, "num_workers": 0, "is_download": true, "is_load_train_set": true, "is_load_test_set": true, "task_type": "cv"}, "nn_model": {"name": "simple_lora_mlp", "input_dim": 0, "hidden_dim": 0, "output_dim": 0, "softmax_dim": 1, "lora_mode": "standard", "rank_ratio": 0.3013, "cap_lora_rank_to_matrix_dim": true, "share_model": false}, "loss_func": {"type": "CrossEntropyLoss", "reduction": "mean", "weight": "None"}, "optimizer": {"type": "SGD", "lr": 0.01, "weight_decay": 0.0001, "momentum": 0.0, "nesterov": false, "betas": [0.9, 0.999], "amsgrad": false, "eps": "1e-8", "alpha": "None", "centered": "None"}, "training": {"epochs": 5, "batch_size": 64, "shuffle": true, "lr": 0.01}, "trainer": {"trainer_type": "standard", "save_path": "./.training_results/"}, "strategy": {"role": "client", "strategy_name": "rbla"}}}]}, "effective_client_rank_ratios": [0.899, 0.3195, 0.625, 0.475, 0.3517, 0.391, 0.8899, 0.25, 1.0, 0.3013], "effective_client_share_model": [false, false, false, false, false, false, false, false, false, false], "rank_distribution": {"rank_ratio_list": [0.899, 0.3195, 0.625, 0.475, 0.3517, 0.391, 0.8899, 0.25, 1.0, 0.3013]}, "rank_ratio_list": [0.899, 0.3195, 0.625, 0.475, 0.3517, 0.391, 0.8899, 0.25, 1.0, 0.3013], "rank_ratio_list_str": "[0.899, 0.3195, 0.625, 0.475, 0.3517, 0.391, 0.8899, 0.25, 1.0, 0.3013]", "epoch": 5, "batch_size": 64}

round,accuracy,average_loss,perplexity,precision,recall,f1_score,matthews_correlation,mcc,total_test_samples,invalid_label_samples,evaluation_status
0,0.1175,2.286784375,9.843234584645188,0.15204382413338488,0.12067139380683403,0.07760822922673137,0.025687445078556605,0.025687445078556605,10000,0,evaluated
1,0.1547,2.281159375,9.788021821583124,0.174921109251905,0.1555370476453904,0.11664792466290526,0.06835079408339342,0.06835079408339342,10000,0,evaluated
2,0.1751,2.2762140625,9.739736486360433,0.1999690057150162,0.17497903345637547,0.1350055084581546,0.09432745277043146,0.09432745277043146,10000,0,evaluated
3,0.1937,2.2715359375,9.694279191965007,0.21471995940522753,0.19270038305556136,0.14891603254080216,0.11820723474117359,0.11820723474117359,10000,0,evaluated
4,0.2099,2.26704609375,9.650850959068919,0.2369516995604827,0.20837427075504786,0.16181746843496464,0.1383797141364495,0.1383797141364495,10000,0,evaluated
5,0.2252,2.26254921875,9.607549721757485,0.2633711124411466,0.22317098196565377,0.1761532853308994,0.15690772718681362,0.15690772718681362,10000,0,evaluated
6,0.2419,2.25836875,9.567469495818838,0.28501499364847677,0.23935653798372933,0.1907613119651623,0.17656378793757976,0.17656378793757976,10000,0,evaluated
7,0.256,2.2542421875,9.528070082956772,0.2970204673103048,0.2529689498645057,0.20397776523173783,0.19298265946784418,0.19298265946784418,10000,0,evaluated
8,0.2662,2.25027578125,9.490352736836604,0.3117121924285748,0.2628185030142304,0.213512880450846,0.20482170591720453,0.20482170591720453,10000,0,evaluated
9,0.2792,2.246415625,9.45378910846637,0.3323246596832135,0.275780387451417,0.22750271012496767,0.21975998215786646,0.21975998215786646,10000,0,evaluated
10,0.2897,2.24232109375,9.415159412748483,0.35335052325840355,0.28619739413632656,0.23969166618088575,0.23258332214143265,0.23258332214143265,10000,0,evaluated
11,0.3008,2.2380015625,9.374578046779044,0.36190256707300034,0.2973015970556212,0.250891076912653,0.24500441813358373,0.24500441813358373,10000,0,evaluated
12,0.3085,2.233315625,9.330752122927134,0.37324781942946345,0.3050748454469031,0.26010728031597663,0.25493760089330236,0.25493760089330236,10000,0,evaluated
13,0.3198,2.2280390625,9.281647491937065,0.37986843025460126,0.3164717662833135,0.2719217832689028,0.2676641063911063,0.2676641063911063,10000,0,evaluated
14,0.3288,2.22179296875,9.223854130818031,0.399040227317207,0.3254770753537028,0.2818000988565943,0.27886592910263547,0.27886592910263547,10000,0,evaluated
15,0.3377,2.21414921875,9.153618071218556,0.4140608142872618,0.33450170736397455,0.28868556560211733,0.2890865447929287,0.2890865447929287,10000,0,evaluated
16,0.3437,2.2050171875,9.070407464144965,0.4419183081557817,0.3406895597821299,0.29213240330312323,0.2963360518525472,0.2963360518525472,10000,0,evaluated
17,0.3374,2.193790625,8.969147432415152,0.3983627422225259,0.33443399070291113,0.28230431196402195,0.29015907100100913,0.29015907100100913,10000,0,evaluated
18,0.3341,2.1800828125,8.847038873792355,0.40704062793511114,0.33121169697321273,0.27741489379930107,0.2874369727724315,0.2874369727724315,10000,0,evaluated
19,0.3295,2.163240625,8.699283143788435,0.41523595342134934,0.3262053650213538,0.2717095857302432,0.28425063978585285,0.28425063978585285,10000,0,evaluated
20,0.3266,2.142596875,8.521538289885527,0.42342358820623094,0.322870012223093,0.26953243956096673,0.28302364508883127,0.28302364508883127,10000,0,evaluated
21,0.331,2.11752265625,8.31052394026612,0.4265858453652272,0.3270121399392228,0.2717282755618834,0.289185472183066,0.289185472183066,10000,0,evaluated
22,0.342,2.08691171875,8.059985187599205,0.4273713925834734,0.337606795478138,0.27872947271914794,0.30119416686567096,0.30119416686567096,10000,0,evaluated
23,0.3607,2.050884375,7.77477388245542,0.42562754813996156,0.3556729376726446,0.29284897464658066,0.32110762096477624,0.32110762096477624,10000,0,evaluated
24,0.3817,2.009984375,7.463200733896688,0.4239845859784802,0.37615124280869655,0.3097603675958396,0.3420966510680839,0.3420966510680839,10000,0,evaluated
25,0.4032,1.965009765625,7.134982267379425,0.5272534676120598,0.39770816775617435,0.3323484297653186,0.36303933820450784,0.36303933820450784,10000,0,evaluated
26,0.4208,1.9163162109375,6.795877721540701,0.5259006625320111,0.4149818977502756,0.3476002578259363,0.3794186924537374,0.3794186924537374,10000,0,evaluated
27,0.4391,1.8662005859375,6.463691446506216,0.5338226947372265,0.43340727937362783,0.36678814331028703,0.3967396463284524,0.3967396463284524,10000,0,evaluated
28,0.4658,1.81391142578125,6.134394797491558,0.5398614682117192,0.4599606154206593,0.394420243460193,0.42293966897493085,0.42293966897493085,10000,0,evaluated
29,0.487,1.75980048828125,5.811277860702031,0.5408948684034337,0.4810829248619875,0.4138937386831226,0.4433967185324304,0.4433967185324304,10000,0,evaluated
30,0.5044,1.70500078125,5.501389965170729,0.5433174607303393,0.4982562458923631,0.4325431835859018,0.46124492867195055,0.46124492867195055,10000,0,evaluated
31,0.5265,1.6486353515625,5.199878976478973,0.45742812125035864,0.520108390273452,0.4544060188945435,0.484466092474213,0.484466092474213,10000,0,evaluated
32,0.5361,1.591849072265625,4.912824702763089,0.5350582815802046,0.5295582036762916,0.46444625327985023,0.49450288218596966,0.49450288218596966,10000,0,evaluated
33,0.5483,1.538368798828125,4.656987588309999,0.5687417506487918,0.541831137964137,0.4774267110736603,0.5080702539182695,0.5080702539182695,10000,0,evaluated
34,0.5612,1.4843563232421875,4.412124516563345,0.5602419612854332,0.5544612232291927,0.4925617749879973,0.5220240600072601,0.5220240600072601,10000,0,evaluated
35,0.5677,1.434823291015625,4.1989029593490175,0.5649325851578069,0.5607289911004758,0.5005427812987336,0.5294685796692203,0.5294685796692203,10000,0,evaluated
36,0.5735,1.388902685546875,4.010446916258529,0.5765778959752259,0.5663711632252084,0.5079567604617694,0.5362295659777804,0.5362295659777804,10000,0,evaluated
37,0.5799,1.3463566284179687,3.843397067109416,0.5831370101844264,0.5727088678842903,0.5165736570267396,0.543734075748413,0.543734075748413,10000,0,evaluated
38,0.5869,1.3061079956054686,3.691777301455045,0.5849097826877105,0.5794706474151757,0.5260769821662478,0.5511529952912184,0.5511529952912184,10000,0,evaluated
39,0.593,1.2703581787109375,3.562128212377846,0.5914175311109033,0.5854614831720367,0.5338330329797939,0.5582814238501483,0.5582814238501483,10000,0,evaluated
40,0.5988,1.2388966552734375,3.4518028344752865,0.6261303617514548,0.5911516475449275,0.5429109553210145,0.5652280601756816,0.5652280601756816,10000,0,evaluated
41,0.6065,1.2102009094238282,3.3541584669039444,0.6421393750684834,0.5988084436028542,0.5539166274144628,0.5736882923560119,0.5736882923560119,10000,0,evaluated
42,0.6168,1.1817931701660156,3.260215084901934,0.6485008035646989,0.6088455130455399,0.5699016707708744,0.5842744176695297,0.5842744176695297,10000,0,evaluated
43,0.6199,1.1566456115722656,3.1792509272396727,0.6515345146084143,0.6119327024174293,0.575117142778337,0.5874844871895065,0.5874844871895065,10000,0,evaluated
44,0.6269,1.1340473754882812,3.108211173964605,0.649662149871697,0.6190860949073096,0.586594614555385,0.5948975647570287,0.5948975647570287,10000,0,evaluated
45,0.6342,1.1127707397460938,3.0427774699905625,0.6609244639243251,0.626380882666084,0.5967487783145817,0.6027826085412725,0.6027826085412725,10000,0,evaluated
46,0.6409,1.0912869750976562,2.9781043534374336,0.6632768044415552,0.6330814157281855,0.6072444373451127,0.6096287058315949,0.6096287058315949,10000,0,evaluated
47,0.6481,1.0709397674560548,2.918120566533963,0.6691926054481101,0.6403491736892396,0.6172363420182008,0.6169105602451346,0.6169105602451346,10000,0,evaluated
48,0.6543,1.0531436004638672,2.8666485662250203,0.675669251889997,0.6468517513693257,0.6286135507902335,0.6232454681269572,0.6232454681269572,10000,0,evaluated
49,0.6585,1.0371533874511718,2.821174781686014,0.682660953967041,0.6512907299322088,0.6345506654816723,0.6280287726920174,0.6280287726920174,10000,0,evaluated
50,0.6648,1.0208594390869141,2.7755791804236587,0.6916981690512997,0.6580668094934127,0.6454351026233871,0.6347552703696939,0.6347552703696939,10000,0,evaluated
51,0.6722,1.0040394744873047,2.729284466030133,0.699059057211349,0.6657743689451929,0.6548043034308588,0.6422808058703544,0.6422808058703544,10000,0,evaluated
52,0.6792,0.9888384002685547,2.6881101500661955,0.7059847628462032,0.6730614571977742,0.6647835585258355,0.6493899816095879,0.6493899816095879,10000,0,evaluated
53,0.6835,0.9749126098632812,2.6509355352408095,0.7109351009998456,0.6778939113340849,0.6714492129258478,0.653855415507078,0.653855415507078,10000,0,evaluated
54,0.6882,0.96028359375,2.6124372392531927,0.7159383342316308,0.6828036168795724,0.6779952381557696,0.6588022983814789,0.6588022983814789,10000,0,evaluated
55,0.6927,0.9471216125488281,2.578277686260316,0.7189143347115329,0.6876134053911572,0.6834915915095762,0.6634521525202193,0.6634521525202193,10000,0,evaluated
56,0.6996,0.9331485122680664,2.5425016865106986,0.7243483311882952,0.6948731304330178,0.6910396294216756,0.67055668835764,0.67055668835764,10000,0,evaluated
57,0.7058,0.9225079681396484,2.5155915084868825,0.7313724650695397,0.7012738845798075,0.6979727647274112,0.6773496681880669,0.6773496681880669,10000,0,evaluated
58,0.7097,0.9100807357788085,2.4845231151963163,0.732614194606791,0.7053579262008094,0.7025460337782553,0.6812725171121733,0.6812725171121733,10000,0,evaluated
59,0.7123,0.8999106307983399,2.459383308212458,0.735816918941231,0.7084113691375695,0.7062992967230085,0.6840108948602118,0.6840108948602118,10000,0,evaluated
60,0.7155,0.8897129241943359,2.434430684816316,0.7397418908978348,0.711627402370725,0.7093224929093762,0.6875824348291268,0.6875824348291268,10000,0,evaluated
61,0.7221,0.8787200500488281,2.407815849467993,0.7455691017456207,0.7187084183655326,0.7171043529627378,0.6946983845597706,0.6946983845597706,10000,0,evaluated
62,0.7253,0.8699446105957032,2.3867786476154276,0.7468513620188818,0.722012116350851,0.7203804319587073,0.6979535944817854,0.6979535944817854,10000,0,evaluated
63,0.7287,0.8586735061645507,2.3600280537865346,0.7480961572942583,0.7251537647070749,0.72283359867658,0.701520269020764,0.701520269020764,10000,0,evaluated
64,0.7284,0.8540583114624023,2.3491611605186455,0.7514519381551663,0.7251317299332996,0.7228584533929006,0.7015268184176602,0.7015268184176602,10000,0,evaluated
65,0.7343,0.841652653503418,2.320198293828213,0.7536918504277179,0.7310172881324446,0.7288202896210076,0.707643635143157,0.707643635143157,10000,0,evaluated
66,0.7388,0.831248876953125,2.2961846023671453,0.7560221348732068,0.7355173222820601,0.7334649978684831,0.712358600988095,0.712358600988095,10000,0,evaluated
67,0.7404,0.8280404983520507,2.2888293783059037,0.7576797284128078,0.7370858718227853,0.7348507076887745,0.7140990797452912,0.7140990797452912,10000,0,evaluated
68,0.7463,0.8170394927978516,2.2637879466138706,0.7619667335661708,0.7431887930825538,0.7413978801746117,0.7204200209852392,0.7204200209852392,10000,0,evaluated
69,0.7441,0.8144605247497558,2.257957231677359,0.762162824389619,0.740918160921123,0.7387516831360108,0.7182558192630722,0.7182558192630722,10000,0,evaluated
70,0.7481,0.8057243156433106,2.2383171599476697,0.7647755698986529,0.7450780896868052,0.7430118828777332,0.7225047612236938,0.7225047612236938,10000,0,evaluated
71,0.7526,0.7979639991760253,2.221014334966016,0.767662051590103,0.7495102420064189,0.7475982498311072,0.7273110543844641,0.7273110543844641,10000,0,evaluated
72,0.7551,0.7914228126525878,2.206533677901295,0.7698245209445639,0.7518303077639088,0.7500646731956285,0.7300536289403607,0.7300536289403607,10000,0,evaluated
73,0.755,0.7872026420593262,2.197241350754892,0.7704918124752037,0.751728096573089,0.7497219062336398,0.7300407152540412,0.7300407152540412,10000,0,evaluated
74,0.7587,0.7777284858703614,2.176522644119401,0.7724395915736297,0.7555304758809932,0.7538947196265324,0.7338997072206427,0.7338997072206427,10000,0,evaluated
75,0.759,0.774910147857666,2.1703971035924567,0.7727860777189892,0.7555775103865041,0.7539292048870474,0.7342918490994758,0.7342918490994758,10000,0,evaluated
76,0.762,0.7671374397277833,2.1535926331058843,0.7759660622541531,0.7587409793644205,0.7572027641738821,0.7375846831171055,0.7375846831171055,10000,0,evaluated
77,0.7627,0.7615899978637696,2.141678779433446,0.7761639902806254,0.7594795476774816,0.7581159241966288,0.7382739946962471,0.7382739946962471,10000,0,evaluated
78,0.7655,0.7539080299377442,2.125289503286614,0.7774752635793206,0.7620731792025739,0.7608150838060987,0.7412580028315495,0.7412580028315495,10000,0,evaluated
79,0.7653,0.7523722206115723,2.1220279690350963,0.7786935970820086,0.7618014379929992,0.7606032083215349,0.7411831017702025,0.7411831017702025,10000,0,evaluated
80,0.7688,0.7449608184814454,2.106358903023432,0.7814546528309976,0.7652898300279773,0.7645255143068195,0.7449487713380551,0.7449487713380551,10000,0,evaluated
81,0.7674,0.7458307281494141,2.1081920422145357,0.7821950988007867,0.7638174789376118,0.7628783152039759,0.7436752680768054,0.7436752680768054,10000,0,evaluated
82,0.7712,0.7338369293212891,2.083057839552445,0.783193515258443,0.7676081857668563,0.7671445073533013,0.7475168538322037,0.7475168538322037,10000,0,evaluated
83,0.7726,0.7316058265686035,2.078415504161976,0.7861427597038512,0.7689524845412959,0.7685319258211855,0.7492435415745432,0.7492435415745432,10000,0,evaluated
84,0.7763,0.724718472290039,2.064149902763625,0.7885548001847729,0.77283294339949,0.7725506945598863,0.7531646563291593,0.7531646563291593,10000,0,evaluated
85,0.7742,0.7242826396942139,2.0632504749675444,0.788468723161336,0.7705176343011778,0.7702015298667072,0.7511396081732391,0.7511396081732391,10000,0,evaluated
86,0.7771,0.7193471664428711,2.05309244539899,0.7899600087245177,0.7736548718899579,0.7735129499106229,0.7540976288158882,0.7540976288158882,10000,0,evaluated
87,0.7766,0.7146731456756592,2.0435186401838688,0.7903312682746799,0.772808543839332,0.772567210462969,0.7537524727691618,0.7537524727691618,10000,0,evaluated
88,0.7787,0.7123267189025879,2.0387292944571893,0.7925291788647113,0.7749808892995474,0.774888335624485,0.7560083620395404,0.7560083620395404,10000,0,evaluated
89,0.7817,0.7074550491333008,2.0288214320977938,0.7956099780822282,0.7778969636794549,0.7783047826688987,0.7593129992705479,0.7593129992705479,10000,0,evaluated
90,0.781,0.7053678939819336,2.0245913829146422,0.7954177020140673,0.7772717727360565,0.777561579228397,0.7585985939703085,0.7585985939703085,10000,0,evaluated
91,0.7834,0.7011255084991455,2.016020479216704,0.7976238941157358,0.7797231302318756,0.7801563188385903,0.7612418025153532,0.7612418025153532,10000,0,evaluated
92,0.7798,0.7007535442352295,2.0152707310915114,0.7950674020285741,0.7758274828989015,0.7764137809499345,0.7574380261783514,0.7574380261783514,10000,0,evaluated
93,0.7847,0.6942558933258056,2.0022186552301364,0.799171899244804,0.7808086001816354,0.7815151565395351,0.7626936242826914,0.7626936242826914,10000,0,evaluated
94,0.783,0.6938583091735839,2.0014227630510772,0.7978309181206711,0.7789815281802548,0.7798647457537976,0.7608776745486132,0.7608776745486132,10000,0,evaluated
95,0.7857,0.6893694953918457,1.9924588826156597,0.8007779118833958,0.7817654972295333,0.782536256899364,0.763869743843263,0.763869743843263,10000,0,evaluated
96,0.7873,0.6853156337738037,1.9843980797546898,0.8019783477787265,0.7834443138152645,0.7844435994346205,0.7655836902069049,0.7655836902069049,10000,0,evaluated
97,0.7883,0.6822422695159912,1.978308663912765,0.8033548962404365,0.7843393494132785,0.785538340968538,0.7667169379503261,0.7667169379503261,10000,0,evaluated
98,0.7908,0.6785627834320068,1.9710428800866981,0.8051981474071681,0.7868413047753976,0.7880049263014538,0.7694361686955208,0.7694361686955208,10000,0,evaluated
99,0.7904,0.677784013748169,1.9695084891922465,0.8046207429389124,0.7863001533537318,0.7875702983218007,0.7689411931073387,0.7689411931073387,10000,0,evaluated
100,0.791,0.6745356620788574,1.963121212680247,0.8064031226214647,0.7869899999270158,0.7880602096565671,0.7697172719212769,0.7697172719212769,10000,0,evaluated
