Config,{"general": {"device": "cuda:0", "training_rounds": 100, "train_optimization": {"cudnn_benchmark": true, "pin_memory": true, "fused_optimizer": false, "torch_compile": false, "non_blocking_transfer": true}}, "dataset": "qmnist", "model": "simple_lora_mlp", "loss_function": "CrossEntropyLoss", "aggregation": "zeropadding", "client_selection": {"method": "random", "round": 1, "client_selection_round": 1, "number": 10, "random_seed": 42}, "hyperparameters": {"training_rounds": 100, "local_epochs": 5, "selected_clients": 10, "client_selection_round": 1, "client_selection_method": "random", "optimizer": "SGD", "lr": 0.01, "momentum": 0.0, "weight_decay": 0.0001, "nesterov": false, "batch_size": 64, "shuffle": true, "trainer_type": "standard", "rank_ratio_list": [1.0, 0.7347, 0.6022, 0.5138, 0.4476, 0.3946, 0.3504, 0.3125, 0.2794, 0.25]}, "effective_yaml": {"server_yaml": {"role": "server", "general": {"device": "cuda:0", "training_rounds": 100, "train_optimization": {"cudnn_benchmark": true, "pin_memory": true, "fused_optimizer": false, "torch_compile": false, "non_blocking_transfer": true}}, "training_logger": {"name": "train", "path": "./experiment_results/", "prefix": "qmnist_double_imbalance_rank_mismatch_zeropadding_", "save_weights": false}, "data_loader": {"name": "qmnist", "root": "../.dataset", "split": "", "batch_size": 64, "shuffle": true, "num_workers": 0, "is_download": true, "is_load_train_set": true, "is_load_test_set": true, "task_type": "cv"}, "nn_model": {"name": "simple_lora_mlp", "input_dim": 0, "hidden_dim": 0, "output_dim": 0, "softmax_dim": 1, "lora_mode": "standard", "rank_ratio": 1.0, "cap_lora_rank_to_matrix_dim": true, "share_model": false}, "loss_func": {"type": "CrossEntropyLoss", "reduction": "mean", "weight": "None"}, "optimizer": {"type": "SGD", "lr": 0.01, "weight_decay": 0.0001, "momentum": 0.0, "nesterov": false, "betas": [0.9, 0.999], "amsgrad": false, "eps": "1e-8", "alpha": "None", "centered": "None"}, "training": {"epochs": 5, "batch_size": 64, "shuffle": true, "lr": 0.01}, "trainer": {"trainer_type": "standard", "save_path": "./.training_results/"}, "data_distribution": {"use": "qmnist_double_imbalance", "custom_define": {"qmnist_double_imbalance": [[600, 0, 0, 0, 0, 0, 0, 0, 0, 0], [600, 666, 0, 0, 0, 0, 0, 0, 0, 0], [600, 666, 750, 0, 0, 0, 0, 0, 0, 0], [600, 666, 750, 857, 0, 0, 0, 0, 0, 0], [600, 666, 750, 857, 1000, 0, 0, 0, 0, 0], [600, 666, 750, 857, 1000, 1200, 0, 0, 0, 0], [600, 666, 750, 857, 1000, 1200, 1500, 0, 0, 0], [600, 666, 750, 857, 1000, 1200, 1500, 2000, 0, 0], [600, 666, 750, 857, 1000, 1200, 1500, 2000, 3000, 0], [600, 672, 750, 858, 1000, 1200, 1500, 2000, 3000, 6000]]}}, "client_selection": {"method": "random", "round": 1, "client_selection_round": 1, "number": 10, "random_seed": 42}, "strategy": {"role": "server", "strategy_name": "rbla"}, "aggregation": {"method": "zeropadding", "device": "cpu"}, "rank_distribution": {"rank_ratio_list": [1.0, 0.7347, 0.6022, 0.5138, 0.4476, 0.3946, 0.3504, 0.3125, 0.2794, 0.25]}, "lora_inference": {"device": "cpu", "lora_mode": "standard", "scaling": 0.5, "rank_ratio": 1, "use_bias": true, "alpha": 0}}, "client_yamls": [{"index": 0, "node_id": "client.1", "yaml": {"role": "client", "training_logger": {"name": "train", "path": "./experiment_results/", "prefix": "", "save_weights": false}, "data_loader": {"name": "qmnist", "root": "../.dataset", "split": "", "batch_size": 64, "shuffle": true, "num_workers": 0, "is_download": true, "is_load_train_set": true, "is_load_test_set": true, "task_type": "cv"}, "nn_model": {"name": "simple_lora_mlp", "input_dim": 0, "hidden_dim": 0, "output_dim": 0, "softmax_dim": 1, "lora_mode": "standard", "rank_ratio": 1.0, "cap_lora_rank_to_matrix_dim": true, "share_model": false}, "loss_func": {"type": "CrossEntropyLoss", "reduction": "mean", "weight": "None"}, "optimizer": {"type": "SGD", "lr": 0.01, "weight_decay": 0.0001, "momentum": 0.0, "nesterov": false, "betas": [0.9, 0.999], "amsgrad": false, "eps": "1e-8", "alpha": "None", "centered": "None"}, "training": {"epochs": 5, "batch_size": 64, "shuffle": true, "lr": 0.01}, "trainer": {"trainer_type": "standard", "save_path": "./.training_results/"}, "strategy": {"role": "client", "strategy_name": "rbla"}}}, {"index": 1, "node_id": "client.2", "yaml": {"role": "client", "training_logger": {"name": "train", "path": "./experiment_results/", "prefix": "", "save_weights": false}, "data_loader": {"name": "qmnist", "root": "../.dataset", "split": "", "batch_size": 64, "shuffle": true, "num_workers": 0, "is_download": true, "is_load_train_set": true, "is_load_test_set": true, "task_type": "cv"}, "nn_model": {"name": "simple_lora_mlp", "input_dim": 0, "hidden_dim": 0, "output_dim": 0, "softmax_dim": 1, "lora_mode": "standard", "rank_ratio": 0.7347, "cap_lora_rank_to_matrix_dim": true, "share_model": false}, "loss_func": {"type": "CrossEntropyLoss", "reduction": "mean", "weight": "None"}, "optimizer": {"type": "SGD", "lr": 0.01, "weight_decay": 0.0001, "momentum": 0.0, "nesterov": false, "betas": [0.9, 0.999], "amsgrad": false, "eps": "1e-8", "alpha": "None", "centered": "None"}, "training": {"epochs": 5, "batch_size": 64, "shuffle": true, "lr": 0.01}, "trainer": {"trainer_type": "standard", "save_path": "./.training_results/"}, "strategy": {"role": "client", "strategy_name": "rbla"}}}, {"index": 2, "node_id": "client.3", "yaml": {"role": "client", "training_logger": {"name": "train", "path": "./experiment_results/", "prefix": "", "save_weights": false}, "data_loader": {"name": "qmnist", "root": "../.dataset", "split": "", "batch_size": 64, "shuffle": true, "num_workers": 0, "is_download": true, "is_load_train_set": true, "is_load_test_set": true, "task_type": "cv"}, "nn_model": {"name": "simple_lora_mlp", "input_dim": 0, "hidden_dim": 0, "output_dim": 0, "softmax_dim": 1, "lora_mode": "standard", "rank_ratio": 0.6022, "cap_lora_rank_to_matrix_dim": true, "share_model": false}, "loss_func": {"type": "CrossEntropyLoss", "reduction": "mean", "weight": "None"}, "optimizer": {"type": "SGD", "lr": 0.01, "weight_decay": 0.0001, "momentum": 0.0, "nesterov": false, "betas": [0.9, 0.999], "amsgrad": false, "eps": "1e-8", "alpha": "None", "centered": "None"}, "training": {"epochs": 5, "batch_size": 64, "shuffle": true, "lr": 0.01}, "trainer": {"trainer_type": "standard", "save_path": "./.training_results/"}, "strategy": {"role": "client", "strategy_name": "rbla"}}}, {"index": 3, "node_id": "client.4", "yaml": {"role": "client", "training_logger": {"name": "train", "path": "./experiment_results/", "prefix": "", "save_weights": false}, "data_loader": {"name": "qmnist", "root": "../.dataset", "split": "", "batch_size": 64, "shuffle": true, "num_workers": 0, "is_download": true, "is_load_train_set": true, "is_load_test_set": true, "task_type": "cv"}, "nn_model": {"name": "simple_lora_mlp", "input_dim": 0, "hidden_dim": 0, "output_dim": 0, "softmax_dim": 1, "lora_mode": "standard", "rank_ratio": 0.5138, "cap_lora_rank_to_matrix_dim": true, "share_model": false}, "loss_func": {"type": "CrossEntropyLoss", "reduction": "mean", "weight": "None"}, "optimizer": {"type": "SGD", "lr": 0.01, "weight_decay": 0.0001, "momentum": 0.0, "nesterov": false, "betas": [0.9, 0.999], "amsgrad": false, "eps": "1e-8", "alpha": "None", "centered": "None"}, "training": {"epochs": 5, "batch_size": 64, "shuffle": true, "lr": 0.01}, "trainer": {"trainer_type": "standard", "save_path": "./.training_results/"}, "strategy": {"role": "client", "strategy_name": "rbla"}}}, {"index": 4, "node_id": "client.5", "yaml": {"role": "client", "training_logger": {"name": "train", "path": "./experiment_results/", "prefix": "", "save_weights": false}, "data_loader": {"name": "qmnist", "root": "../.dataset", "split": "", "batch_size": 64, "shuffle": true, "num_workers": 0, "is_download": true, "is_load_train_set": true, "is_load_test_set": true, "task_type": "cv"}, "nn_model": {"name": "simple_lora_mlp", "input_dim": 0, "hidden_dim": 0, "output_dim": 0, "softmax_dim": 1, "lora_mode": "standard", "rank_ratio": 0.4476, "cap_lora_rank_to_matrix_dim": true, "share_model": false}, "loss_func": {"type": "CrossEntropyLoss", "reduction": "mean", "weight": "None"}, "optimizer": {"type": "SGD", "lr": 0.01, "weight_decay": 0.0001, "momentum": 0.0, "nesterov": false, "betas": [0.9, 0.999], "amsgrad": false, "eps": "1e-8", "alpha": "None", "centered": "None"}, "training": {"epochs": 5, "batch_size": 64, "shuffle": true, "lr": 0.01}, "trainer": {"trainer_type": "standard", "save_path": "./.training_results/"}, "strategy": {"role": "client", "strategy_name": "rbla"}}}, {"index": 5, "node_id": "client.6", "yaml": {"role": "client", "training_logger": {"name": "train", "path": "./experiment_results/", "prefix": "", "save_weights": false}, "data_loader": {"name": "qmnist", "root": "../.dataset", "split": "", "batch_size": 64, "shuffle": true, "num_workers": 0, "is_download": true, "is_load_train_set": true, "is_load_test_set": true, "task_type": "cv"}, "nn_model": {"name": "simple_lora_mlp", "input_dim": 0, "hidden_dim": 0, "output_dim": 0, "softmax_dim": 1, "lora_mode": "standard", "rank_ratio": 0.3946, "cap_lora_rank_to_matrix_dim": true, "share_model": false}, "loss_func": {"type": "CrossEntropyLoss", "reduction": "mean", "weight": "None"}, "optimizer": {"type": "SGD", "lr": 0.01, "weight_decay": 0.0001, "momentum": 0.0, "nesterov": false, "betas": [0.9, 0.999], "amsgrad": false, "eps": "1e-8", "alpha": "None", "centered": "None"}, "training": {"epochs": 5, "batch_size": 64, "shuffle": true, "lr": 0.01}, "trainer": {"trainer_type": "standard", "save_path": "./.training_results/"}, "strategy": {"role": "client", "strategy_name": "rbla"}}}, {"index": 6, "node_id": "client.7", "yaml": {"role": "client", "training_logger": {"name": "train", "path": "./experiment_results/", "prefix": "", "save_weights": false}, "data_loader": {"name": "qmnist", "root": "../.dataset", "split": "", "batch_size": 64, "shuffle": true, "num_workers": 0, "is_download": true, "is_load_train_set": true, "is_load_test_set": true, "task_type": "cv"}, "nn_model": {"name": "simple_lora_mlp", "input_dim": 0, "hidden_dim": 0, "output_dim": 0, "softmax_dim": 1, "lora_mode": "standard", "rank_ratio": 0.3504, "cap_lora_rank_to_matrix_dim": true, "share_model": false}, "loss_func": {"type": "CrossEntropyLoss", "reduction": "mean", "weight": "None"}, "optimizer": {"type": "SGD", "lr": 0.01, "weight_decay": 0.0001, "momentum": 0.0, "nesterov": false, "betas": [0.9, 0.999], "amsgrad": false, "eps": "1e-8", "alpha": "None", "centered": "None"}, "training": {"epochs": 5, "batch_size": 64, "shuffle": true, "lr": 0.01}, "trainer": {"trainer_type": "standard", "save_path": "./.training_results/"}, "strategy": {"role": "client", "strategy_name": "rbla"}}}, {"index": 7, "node_id": "client.8", "yaml": {"role": "client", "training_logger": {"name": "train", "path": "./experiment_results/", "prefix": "", "save_weights": false}, "data_loader": {"name": "qmnist", "root": "../.dataset", "split": "", "batch_size": 64, "shuffle": true, "num_workers": 0, "is_download": true, "is_load_train_set": true, "is_load_test_set": true, "task_type": "cv"}, "nn_model": {"name": "simple_lora_mlp", "input_dim": 0, "hidden_dim": 0, "output_dim": 0, "softmax_dim": 1, "lora_mode": "standard", "rank_ratio": 0.3125, "cap_lora_rank_to_matrix_dim": true, "share_model": false}, "loss_func": {"type": "CrossEntropyLoss", "reduction": "mean", "weight": "None"}, "optimizer": {"type": "SGD", "lr": 0.01, "weight_decay": 0.0001, "momentum": 0.0, "nesterov": false, "betas": [0.9, 0.999], "amsgrad": false, "eps": "1e-8", "alpha": "None", "centered": "None"}, "training": {"epochs": 5, "batch_size": 64, "shuffle": true, "lr": 0.01}, "trainer": {"trainer_type": "standard", "save_path": "./.training_results/"}, "strategy": {"role": "client", "strategy_name": "rbla"}}}, {"index": 8, "node_id": "client.9", "yaml": {"role": "client", "training_logger": {"name": "train", "path": "./experiment_results/", "prefix": "", "save_weights": false}, "data_loader": {"name": "qmnist", "root": "../.dataset", "split": "", "batch_size": 64, "shuffle": true, "num_workers": 0, "is_download": true, "is_load_train_set": true, "is_load_test_set": true, "task_type": "cv"}, "nn_model": {"name": "simple_lora_mlp", "input_dim": 0, "hidden_dim": 0, "output_dim": 0, "softmax_dim": 1, "lora_mode": "standard", "rank_ratio": 0.2794, "cap_lora_rank_to_matrix_dim": true, "share_model": false}, "loss_func": {"type": "CrossEntropyLoss", "reduction": "mean", "weight": "None"}, "optimizer": {"type": "SGD", "lr": 0.01, "weight_decay": 0.0001, "momentum": 0.0, "nesterov": false, "betas": [0.9, 0.999], "amsgrad": false, "eps": "1e-8", "alpha": "None", "centered": "None"}, "training": {"epochs": 5, "batch_size": 64, "shuffle": true, "lr": 0.01}, "trainer": {"trainer_type": "standard", "save_path": "./.training_results/"}, "strategy": {"role": "client", "strategy_name": "rbla"}}}, {"index": 9, "node_id": "client.10", "yaml": {"role": "client", "training_logger": {"name": "train", "path": "./experiment_results/", "prefix": "", "save_weights": false}, "data_loader": {"name": "qmnist", "root": "../.dataset", "split": "", "batch_size": 64, "shuffle": true, "num_workers": 0, "is_download": true, "is_load_train_set": true, "is_load_test_set": true, "task_type": "cv"}, "nn_model": {"name": "simple_lora_mlp", "input_dim": 0, "hidden_dim": 0, "output_dim": 0, "softmax_dim": 1, "lora_mode": "standard", "rank_ratio": 0.25, "cap_lora_rank_to_matrix_dim": true, "share_model": false}, "loss_func": {"type": "CrossEntropyLoss", "reduction": "mean", "weight": "None"}, "optimizer": {"type": "SGD", "lr": 0.01, "weight_decay": 0.0001, "momentum": 0.0, "nesterov": false, "betas": [0.9, 0.999], "amsgrad": false, "eps": "1e-8", "alpha": "None", "centered": "None"}, "training": {"epochs": 5, "batch_size": 64, "shuffle": true, "lr": 0.01}, "trainer": {"trainer_type": "standard", "save_path": "./.training_results/"}, "strategy": {"role": "client", "strategy_name": "rbla"}}}]}, "effective_client_rank_ratios": [1.0, 0.7347, 0.6022, 0.5138, 0.4476, 0.3946, 0.3504, 0.3125, 0.2794, 0.25], "effective_client_share_model": [false, false, false, false, false, false, false, false, false, false], "rank_distribution": {"rank_ratio_list": [1.0, 0.7347, 0.6022, 0.5138, 0.4476, 0.3946, 0.3504, 0.3125, 0.2794, 0.25]}, "rank_ratio_list": [1.0, 0.7347, 0.6022, 0.5138, 0.4476, 0.3946, 0.3504, 0.3125, 0.2794, 0.25], "rank_ratio_list_str": "[1.0, 0.7347, 0.6022, 0.5138, 0.4476, 0.3946, 0.3504, 0.3125, 0.2794, 0.25]", "epoch": 5, "batch_size": 64}

round,accuracy,average_loss,perplexity,precision,recall,f1_score,matthews_correlation,mcc,total_test_samples,invalid_label_samples,evaluation_status
0,0.12163333333333333,2.2933971354166665,9.908541227288703,0.17287773133281914,0.12344924494555187,0.05989760482149363,0.04694454324245675,0.04694454324245675,60000,0,evaluated
1,0.14558333333333334,2.2935897135416665,9.91044957932727,0.11287025513213025,0.14581304605282874,0.0736824342827524,0.07382587132898752,0.07382587132898752,60000,0,evaluated
2,0.16098333333333334,2.2916912760416666,9.891653057859951,0.12369316087103721,0.16063117236525593,0.08516275012569165,0.09009109127426246,0.09009109127426246,60000,0,evaluated
3,0.17305,2.2882290364583335,9.85746500286837,0.13611997144092158,0.17250177245432075,0.09641492775337021,0.1046640006266552,0.1046640006266552,60000,0,evaluated
4,0.18323333333333333,2.283929817708333,9.815176573241073,0.1466151782890365,0.1826774561938138,0.10715090300725208,0.1175613561939403,0.1175613561939403,60000,0,evaluated
5,0.19271666666666668,2.279355729166667,9.770383608134775,0.1575043754495083,0.19218604032009615,0.11672875471937105,0.12984852332746918,0.12984852332746918,60000,0,evaluated
6,0.2011,2.274603125,9.724059010721556,0.16671168046371468,0.20060459519090515,0.12513502899763324,0.14056962857904748,0.14056962857904748,60000,0,evaluated
7,0.2098,2.269607421875,9.675601638835467,0.2712544719777744,0.20936281085391614,0.13322618972827865,0.151929871571591,0.151929871571591,60000,0,evaluated
8,0.21796666666666667,2.2642033854166668,9.623455361918603,0.27544011192979123,0.21757229149312868,0.14021280445007708,0.16262541379508122,0.16262541379508122,60000,0,evaluated
9,0.22645,2.2579528645833333,9.563491352064451,0.2800747541623011,0.22607885444536263,0.147101896026199,0.17349171846614844,0.17349171846614844,60000,0,evaluated
10,0.23453333333333334,2.2502119791666666,9.489747251876231,0.2853709487266233,0.23418846713929664,0.15302752619135565,0.18441653945711609,0.18441653945711609,60000,0,evaluated
11,0.24173333333333333,2.2399110677083334,9.392495954109611,0.3890214051518087,0.24143522665310857,0.1579007397224997,0.1947321696617479,0.1947321696617479,60000,0,evaluated
12,0.24681666666666666,2.2256680989583333,9.259667111763923,0.3945395685113238,0.246490027664706,0.16057238811433644,0.20304450979685712,0.20304450979685712,60000,0,evaluated
13,0.24988333333333335,2.205691796875,9.076528510480827,0.394898355335684,0.24953104156209588,0.16207778080000196,0.21016461342410256,0.21016461342410256,60000,0,evaluated
14,0.25276666666666664,2.1781412760416665,8.829878689223115,0.38961561118183036,0.2523861312802521,0.16301641158214647,0.2159764596128144,0.2159764596128144,60000,0,evaluated
15,0.2556833333333333,2.141800911458333,8.514758154815988,0.3694914813226502,0.25536629313287146,0.1653754725331007,0.220388838031952,0.220388838031952,60000,0,evaluated
16,0.26293333333333335,2.0963080729166665,8.136076594050971,0.3623428377105213,0.26267305727455587,0.17130367510695177,0.22617736993366,0.22617736993366,60000,0,evaluated
17,0.281,2.0426930989583334,7.71134868471038,0.3496409973903033,0.2808701761287609,0.19255372291137726,0.24131174504354333,0.24131174504354333,60000,0,evaluated
18,0.31675,1.9823302083333334,7.259639764083142,0.42981052791114455,0.31670575462527994,0.22495593902528138,0.2714328026514302,0.2714328026514302,60000,0,evaluated
19,0.36023333333333335,1.9199690104166667,6.820747093905087,0.51807129994298,0.3606745201944582,0.26997553516856165,0.3106691599214015,0.3106691599214015,60000,0,evaluated
20,0.39575,1.8581805338541666,6.4120596261504215,0.6128542092844608,0.39713410927970966,0.31706539487905094,0.34688199675994347,0.34688199675994347,60000,0,evaluated
21,0.4236,1.8039170572916667,6.073390751675255,0.6022232516716562,0.4253010159299396,0.35961356288031865,0.37854265528652264,0.37854265528652264,60000,0,evaluated
22,0.4523,1.7518972005208333,5.765530674223967,0.5368451027001817,0.45232223466237464,0.4019517736387964,0.4097979158684858,0.4097979158684858,60000,0,evaluated
23,0.48646666666666666,1.7010972981770833,5.479957240916852,0.5509301663731734,0.4835584504337488,0.43926802855221087,0.4453517501854303,0.4453517501854303,60000,0,evaluated
24,0.5204,1.64954345703125,5.204603159718017,0.5615266966793595,0.5139290805520259,0.4653247365378535,0.48026719692319875,0.48026719692319875,60000,0,evaluated
25,0.5361333333333334,1.59596376953125,4.933081135097732,0.565523895465765,0.5282788344392717,0.47930401483156115,0.4967076114605806,0.4967076114605806,60000,0,evaluated
26,0.5416333333333333,1.54102177734375,4.669358879458065,0.5647275680874051,0.5329194582795507,0.4855942728916999,0.5025800749648472,0.5025800749648472,60000,0,evaluated
27,0.5430166666666667,1.49289267578125,4.449949179523996,0.5651803571954199,0.5338134948371348,0.48924279682834193,0.5043186691672119,0.5043186691672119,60000,0,evaluated
28,0.5434666666666667,1.450053564453125,4.2633428726822995,0.5674506421911626,0.5341200530459014,0.4922384024332799,0.5049471921197678,0.5049471921197678,60000,0,evaluated
29,0.5413333333333333,1.4203200520833332,4.1384447461794265,0.5708608273311941,0.5318806513871177,0.492449425799056,0.5028170209867424,0.5028170209867424,60000,0,evaluated
30,0.54095,1.3947189778645834,4.033840814774439,0.5758607348320266,0.5317180527600802,0.4946268904215483,0.5025188959269686,0.5025188959269686,60000,0,evaluated
31,0.5419333333333334,1.3754117431640625,3.95670553402749,0.5820035425641421,0.533028292011336,0.49735344083021504,0.5036893629288848,0.5036893629288848,60000,0,evaluated
32,0.5408833333333334,1.3612090576171876,3.90090687290011,0.588003709038329,0.532337730132826,0.4963375474572553,0.5027888320243894,0.5027888320243894,60000,0,evaluated
33,0.5445166666666666,1.3443225830078125,3.8355873682793002,0.593371422023335,0.5362878383548729,0.5000423183743246,0.5068855795140003,0.5068855795140003,60000,0,evaluated
34,0.5481166666666667,1.3305006795247396,3.7829369525701444,0.5981336994100255,0.5403202687492086,0.5036663671564808,0.510924587326633,0.510924587326633,60000,0,evaluated
35,0.5524166666666667,1.3122475626627603,3.7145129378230353,0.7020036622238301,0.5448320000468055,0.5068687242862152,0.5157544977333591,0.5157544977333591,60000,0,evaluated
36,0.5569333333333333,1.2994359252929688,3.667227493815614,0.7065631961498526,0.5496367029044319,0.5099618340219929,0.5208054422148477,0.5208054422148477,60000,0,evaluated
37,0.5629,1.2861146362304687,3.618699243375103,0.7105256027251026,0.5558598286523229,0.5152455748234364,0.5273599601697221,0.5273599601697221,60000,0,evaluated
38,0.5700333333333333,1.267418223063151,3.551671092687807,0.7134724401857571,0.5631828047223476,0.5213951989654305,0.535034165062188,0.535034165062188,60000,0,evaluated
39,0.5761,1.2509451700846355,3.493643484744468,0.7147295371921132,0.5692450449312104,0.5268343989691899,0.5413971032492615,0.5413971032492615,60000,0,evaluated
40,0.5838666666666666,1.2317669413248697,3.4272799919651242,0.7178870213656932,0.5772133361260258,0.5337135456453701,0.5497860356413303,0.5497860356413303,60000,0,evaluated
41,0.5917333333333333,1.2127637736002603,3.362765744411194,0.7209811921561521,0.5852304835023213,0.5409488588495897,0.5582703319900444,0.5582703319900444,60000,0,evaluated
42,0.5997,1.1924184692382813,3.29504053297946,0.7227845001522228,0.5931646664023885,0.5482562200729091,0.5667076953018088,0.5667076953018088,60000,0,evaluated
43,0.60665,1.1745361470540365,3.2366412699988527,0.7249260320991519,0.6001403824599236,0.5547289758150521,0.5741299162976834,0.5741299162976834,60000,0,evaluated
44,0.61415,1.154563129679362,3.1726370837455633,0.72762325775602,0.6077758501266637,0.561847361451999,0.5822366169579699,0.5822366169579699,60000,0,evaluated
45,0.6205166666666667,1.1351166239420574,3.111536401386707,0.7298202414482036,0.6141680290959022,0.5681978396106919,0.5890640446985796,0.5890640446985796,60000,0,evaluated
46,0.6267,1.1189686767578124,3.0616949772908515,0.7308485827516343,0.6202611896171456,0.574630572578887,0.5955013334565892,0.5955013334565892,60000,0,evaluated
47,0.6319666666666667,1.1041413391113282,3.0166330915574475,0.7324324388682399,0.6254660992834384,0.5792839864100278,0.6011241123239722,0.6011241123239722,60000,0,evaluated
48,0.6360666666666667,1.0898599100748698,2.973857435914903,0.7342040664435079,0.6295962627383705,0.5837728772916115,0.6055900281711215,0.6055900281711215,60000,0,evaluated
49,0.6401166666666667,1.0812536488850912,2.9483734602504437,0.7361315255547365,0.6335726459750342,0.5872168652704027,0.6099633281267103,0.6099633281267103,60000,0,evaluated
50,0.6443666666666666,1.0696145904541015,2.914256101385965,0.738341368164084,0.6378233066861382,0.5910687169849489,0.6145964044696701,0.6145964044696701,60000,0,evaluated
51,0.6472666666666667,1.0619670547485351,2.89205422681562,0.7389706853400806,0.6406686745011927,0.5939396951726161,0.6176454596323318,0.6176454596323318,60000,0,evaluated
52,0.6467166666666667,1.0643440200805665,2.898936715929642,0.7373523238923909,0.6399569474680865,0.592617361227392,0.6171267018979737,0.6171267018979737,60000,0,evaluated
53,0.6507166666666667,1.0515672770182292,2.862133360526924,0.738007071316275,0.6440225771124344,0.5966508729973913,0.6214998873595493,0.6214998873595493,60000,0,evaluated
54,0.6529333333333334,1.047464134724935,2.850413680286615,0.7387361182654113,0.6461321186255747,0.5979918413591292,0.6238774530399157,0.6238774530399157,60000,0,evaluated
55,0.6542833333333333,1.0429513387044271,2.83757932596628,0.7387626736763242,0.6473890590788589,0.5995828322698159,0.625422544059983,0.625422544059983,60000,0,evaluated
56,0.65575,1.0422010162353517,2.8354510249960927,0.7405531644196115,0.6488727654291385,0.600771817634048,0.6271100455785312,0.6271100455785312,60000,0,evaluated
57,0.65685,1.040808646138509,2.831505775039245,0.7406616656338991,0.6499260347195783,0.6011299042109883,0.6282965649331644,0.6282965649331644,60000,0,evaluated
58,0.658,1.037849782816569,2.8231401189754184,0.7414872477329766,0.6510039176163303,0.6024864397321152,0.6295302857841073,0.6295302857841073,60000,0,evaluated
59,0.6583833333333333,1.037905164082845,2.823296472379567,0.7413967315951504,0.6513126075220794,0.6026863752254633,0.6300928310880337,0.6300928310880337,60000,0,evaluated
60,0.6596833333333333,1.0363625523885092,2.8189445797279444,0.7430193988756346,0.6525433773284183,0.6032348462932432,0.6314999518473107,0.6314999518473107,60000,0,evaluated
61,0.66025,1.037181234741211,2.8212533448522916,0.7424454538286513,0.6530427207569336,0.6035556305899988,0.6321497142217963,0.6321497142217963,60000,0,evaluated
62,0.6611333333333334,1.0382758987426757,2.8243433602836805,0.7442635097489197,0.6539561446517512,0.6043580039216053,0.6333014748416401,0.6333014748416401,60000,0,evaluated
63,0.6628166666666667,1.0336401260375976,2.811280647701087,0.7446088209966095,0.6555703768198685,0.6058311309675565,0.6350328188152748,0.6350328188152748,60000,0,evaluated
64,0.6614333333333333,1.038427257792155,2.824770882563963,0.7449894422962406,0.6540779522068607,0.604511560903017,0.6336468174655322,0.6336468174655322,60000,0,evaluated
65,0.6622166666666667,1.0390421295166015,2.826508288393813,0.7457100998004393,0.6548680335404882,0.6045653083867284,0.6345498184065334,0.6345498184065334,60000,0,evaluated
66,0.6641166666666667,1.0330734934488932,2.8096881356973147,0.745330484259246,0.6567194476664714,0.6066161252573756,0.6366162183356169,0.6366162183356169,60000,0,evaluated
67,0.6645833333333333,1.0359146184285482,2.8176821614805467,0.7458029268630788,0.6571910267196218,0.6059747015740733,0.6372562705149899,0.6372562705149899,60000,0,evaluated
68,0.6665166666666666,1.0313844637552898,2.804946494519984,0.7473575459766411,0.659150645521853,0.6076679649207166,0.6392869604634763,0.6392869604634763,60000,0,evaluated
69,0.6664166666666667,1.0334801610310873,2.810830977140711,0.7467746141719692,0.6589730935610466,0.6072877774603866,0.6392515627141407,0.6392515627141407,60000,0,evaluated
70,0.6661666666666667,1.0338965606689454,2.8120016498586056,0.7470017909247588,0.6587027260679588,0.6075601231243483,0.6389432112176948,0.6389432112176948,60000,0,evaluated
71,0.66415,1.042552732849121,2.8364484756288104,0.7458785703724882,0.6565811365989954,0.6048786185319975,0.6368585282812402,0.6368585282812402,60000,0,evaluated
72,0.6664666666666667,1.037461088816325,2.8220429945859715,0.7477373427146436,0.6588954333600463,0.6073135756267722,0.6394207136617934,0.6394207136617934,60000,0,evaluated
73,0.6667333333333333,1.0352358874003091,2.815770362042027,0.7480299380557675,0.6591875422441904,0.6076074979364371,0.6397252614364415,0.6397252614364415,60000,0,evaluated
74,0.6668333333333333,1.0381133613586426,2.823884336207586,0.7495524364207754,0.6592993670944348,0.607798038295896,0.6398860307269015,0.6398860307269015,60000,0,evaluated
75,0.6679333333333334,1.0342796432495118,2.8130790850673444,0.7494177796366135,0.6603566822537322,0.6089862613074637,0.6410824680686669,0.6410824680686669,60000,0,evaluated
76,0.6667666666666666,1.0395120887756348,2.8278369443173004,0.7509094761094495,0.6591792586995177,0.60768501733584,0.6399439952308256,0.6399439952308256,60000,0,evaluated
77,0.6657,1.0466985336303711,2.8482322356177945,0.7504566359851415,0.6580849903042698,0.6063191606319558,0.6388823274291939,0.6388823274291939,60000,0,evaluated
78,0.6675333333333333,1.0403884727478028,2.830316301566993,0.7512220693163516,0.6600029634847723,0.6084043325188758,0.6408998319162568,0.6408998319162568,60000,0,evaluated
79,0.6664166666666667,1.0449245932261149,2.8431841202260677,0.7506095737351562,0.6588586079919104,0.6067560644170483,0.6397634716458396,0.6397634716458396,60000,0,evaluated
80,0.6644833333333333,1.0508038365681966,2.8599491260186864,0.7516167377998573,0.6568767390423261,0.6049844850667176,0.6378185920731971,0.6378185920731971,60000,0,evaluated
81,0.6661333333333334,1.0461121585845947,2.846562592876512,0.7531357408499113,0.6585713875557115,0.606558607187591,0.6396562517117945,0.6396562517117945,60000,0,evaluated
82,0.6630666666666667,1.058958582051595,2.883366635379542,0.7521840310821659,0.6555310329146213,0.6028607338423645,0.6364852664825794,0.6364852664825794,60000,0,evaluated
83,0.66505,1.052497587331136,2.8647972716490018,0.7533390693585176,0.6575076907983504,0.6051276745550944,0.6386726771870618,0.6386726771870618,60000,0,evaluated
84,0.6645166666666666,1.0550227324167887,2.872040441579622,0.7537442275449386,0.656982441980073,0.6048351383165911,0.638181059738259,0.638181059738259,60000,0,evaluated
85,0.6644833333333333,1.0579291998545328,2.8804000762210253,0.7532357454156607,0.657027226336832,0.6043258705688835,0.638250784129877,0.638250784129877,60000,0,evaluated
86,0.6644,1.054260815302531,2.8698530182378024,0.7552451575362692,0.6569667968659662,0.6052195092949203,0.6382915285363538,0.6382915285363538,60000,0,evaluated
87,0.6657333333333333,1.0533391192118327,2.8672091045596364,0.7565297575934028,0.6583716995745859,0.6056810528122829,0.639823110589296,0.639823110589296,60000,0,evaluated
88,0.66255,1.0649099970499674,2.9005779117423147,0.7557332729896167,0.6551068164070963,0.6026659477483551,0.6365265887793494,0.6365265887793494,60000,0,evaluated
89,0.6632833333333333,1.065136682764689,2.901235505850123,0.7569231524594311,0.6559101623330942,0.6027814909633884,0.6374291119218175,0.6374291119218175,60000,0,evaluated
90,0.6612166666666667,1.0693086176554363,2.913364554692071,0.7562091928735921,0.6538284203839564,0.6007690919288414,0.635305904153241,0.635305904153241,60000,0,evaluated
91,0.6615333333333333,1.0671329577128092,2.9070329543343436,0.7572009781831808,0.6541418459622989,0.6017539310391696,0.6357146317041575,0.6357146317041575,60000,0,evaluated
92,0.6602333333333333,1.075368620554606,2.931073155231499,0.757615585408211,0.6528818595249277,0.5992938652218134,0.6345097881231009,0.6345097881231009,60000,0,evaluated
93,0.6597,1.077123717880249,2.9362219909196914,0.7574312806181325,0.6523661610571201,0.5983126192145237,0.6340370166601599,0.6340370166601599,60000,0,evaluated
94,0.6599,1.0758408518473308,2.9324576265662805,0.7584548197225047,0.6527371653969346,0.599461364019431,0.6342842202703327,0.6342842202703327,60000,0,evaluated
95,0.6597333333333333,1.0810866704940796,2.947881186694617,0.7596388400028814,0.6524555848266702,0.5980937667989856,0.6342088363297002,0.6342088363297002,60000,0,evaluated
96,0.6585666666666666,1.083202516746521,2.9541250532575796,0.7595990631512943,0.6513425711242716,0.5974601327476011,0.6330928529236547,0.6330928529236547,60000,0,evaluated
97,0.6602833333333333,1.07780459429423,2.9382218759795435,0.7614927650940235,0.6530462368650165,0.5991292898491537,0.6350328959377436,0.6350328959377436,60000,0,evaluated
98,0.6602833333333333,1.0805775857289632,2.9463808472254835,0.7620034648084435,0.6531057893530405,0.5987648716729401,0.6351339051327598,0.6351339051327598,60000,0,evaluated
99,0.6565833333333333,1.0960019800186158,2.9921792857312424,0.7616986041369433,0.6493271738314592,0.5943276507975898,0.6312773516510213,0.6312773516510213,60000,0,evaluated
100,0.6555833333333333,1.1020630424499511,3.0103701434610284,0.7623345146858266,0.6483627776042458,0.5931258577315781,0.6303640551709327,0.6303640551709327,60000,0,evaluated
