Config,{"general": {"device": "cuda:0", "training_rounds": 100, "train_optimization": {"cudnn_benchmark": true, "pin_memory": true, "fused_optimizer": false, "torch_compile": false, "non_blocking_transfer": true}}, "dataset": "kmnist", "model": "simple_lora_mlp", "loss_function": "CrossEntropyLoss", "aggregation": "rbla", "client_selection": {"method": "random", "round": 1, "client_selection_round": 1, "number": 10, "random_seed": 42}, "hyperparameters": {"training_rounds": 100, "local_epochs": 5, "selected_clients": 10, "client_selection_round": 1, "client_selection_method": "random", "optimizer": "SGD", "lr": 0.01, "momentum": 0.0, "weight_decay": 0.0001, "nesterov": false, "batch_size": 64, "shuffle": true, "trainer_type": "standard", "rank_ratio_list": [0.9, 0.1, 0.4, 0.7, 0.8, 1.0, 0.3, 0.6, 0.5, 0.2]}, "effective_yaml": {"server_yaml": {"role": "server", "general": {"device": "cuda:0", "training_rounds": 100, "train_optimization": {"cudnn_benchmark": true, "pin_memory": true, "fused_optimizer": false, "torch_compile": false, "non_blocking_transfer": true}}, "training_logger": {"name": "train", "path": "./experiment_results/", "prefix": "rbla_", "save_weights": false}, "data_loader": {"name": "kmnist", "root": "../.dataset", "split": "", "batch_size": 64, "shuffle": true, "num_workers": 0, "is_download": true, "is_load_train_set": true, "is_load_test_set": true, "task_type": "cv"}, "nn_model": {"name": "simple_lora_mlp", "input_dim": 0, "hidden_dim": 0, "output_dim": 0, "softmax_dim": 1, "lora_mode": "standard", "rank_ratio": 1.0, "cap_lora_rank_to_matrix_dim": true, "share_model": false}, "loss_func": {"type": "CrossEntropyLoss", "reduction": "mean", "weight": "None"}, "optimizer": {"type": "SGD", "lr": 0.01, "weight_decay": 0.0001, "momentum": 0.0, "nesterov": false, "betas": [0.9, 0.999], "amsgrad": false, "eps": "1e-8", "alpha": "None", "centered": "None"}, "training": {"epochs": 5, "batch_size": 64, "shuffle": true, "lr": 0.01}, "trainer": {"trainer_type": "standard", "save_path": "./.training_results/"}, "data_distribution": {"use": "kmnist_dirichlet_0_8_seed_1", "custom_define": {"kmnist_dirichlet_0_8_seed_1": [[436, 305, 1075, 117, 371, 430, 396, 414, 215, 91], [2587, 549, 1027, 1866, 371, 358, 193, 1743, 359, 1159], [294, 467, 196, 692, 566, 674, 1370, 343, 1188, 308], [305, 1077, 661, 341, 253, 46, 48, 781, 1174, 386], [15, 341, 127, 475, 468, 67, 975, 371, 1879, 98], [493, 56, 43, 23, 283, 332, 69, 921, 81, 148], [1082, 627, 216, 247, 787, 2060, 238, 34, 296, 1461], [346, 82, 535, 120, 981, 910, 2263, 149, 259, 276], [296, 1153, 1183, 246, 1446, 1118, 53, 356, 113, 21], [146, 1343, 937, 1873, 474, 5, 395, 888, 436, 2052]]}}, "client_selection": {"method": "random", "round": 1, "client_selection_round": 1, "number": 10, "random_seed": 42}, "strategy": {"role": "server", "strategy_name": "rbla"}, "aggregation": {"method": "rbla", "device": "cpu", "is_wbab": false, "pad_mode": "nan"}, "canonicalization": {"enabled": false, "start_round": 0, "interval": 1, "deterministic_sign": true, "svd_fallback": true, "log_diagnostics": true, "ordering": "singular_value", "activation_chunk_size": 4096, "activation_fallback": true}, "rank_distribution": {"rank_ratio_list": [0.9, 0.1, 0.4, 0.7, 0.8, 1.0, 0.3, 0.6, 0.5, 0.2]}, "lora_inference": {"device": "cpu", "lora_mode": "standard", "scaling": 0.5, "rank_ratio": 1, "use_bias": true, "alpha": 0}}, "client_yamls": [{"index": 0, "node_id": "client.1", "yaml": {"role": "client", "training_logger": {"name": "train", "path": "./experiment_results/", "prefix": "", "save_weights": false}, "data_loader": {"name": "kmnist", "root": "../.dataset", "split": "", "batch_size": 64, "shuffle": true, "num_workers": 0, "is_download": true, "is_load_train_set": true, "is_load_test_set": true, "task_type": "cv"}, "nn_model": {"name": "simple_lora_mlp", "input_dim": 0, "hidden_dim": 0, "output_dim": 0, "softmax_dim": 1, "lora_mode": "standard", "rank_ratio": 0.9, "cap_lora_rank_to_matrix_dim": true, "share_model": false}, "loss_func": {"type": "CrossEntropyLoss", "reduction": "mean", "weight": "None"}, "optimizer": {"type": "SGD", "lr": 0.01, "weight_decay": 0.0001, "momentum": 0.0, "nesterov": false, "betas": [0.9, 0.999], "amsgrad": false, "eps": "1e-8", "alpha": "None", "centered": "None"}, "training": {"epochs": 5, "batch_size": 64, "shuffle": true, "lr": 0.01}, "trainer": {"trainer_type": "standard", "save_path": "./.training_results/"}, "strategy": {"role": "client", "strategy_name": "rbla"}}}, {"index": 1, "node_id": "client.2", "yaml": {"role": "client", "training_logger": {"name": "train", "path": "./experiment_results/", "prefix": "", "save_weights": false}, "data_loader": {"name": "kmnist", "root": "../.dataset", "split": "", "batch_size": 64, "shuffle": true, "num_workers": 0, "is_download": true, "is_load_train_set": true, "is_load_test_set": true, "task_type": "cv"}, "nn_model": {"name": "simple_lora_mlp", "input_dim": 0, "hidden_dim": 0, "output_dim": 0, "softmax_dim": 1, "lora_mode": "standard", "rank_ratio": 0.1, "cap_lora_rank_to_matrix_dim": true, "share_model": false}, "loss_func": {"type": "CrossEntropyLoss", "reduction": "mean", "weight": "None"}, "optimizer": {"type": "SGD", "lr": 0.01, "weight_decay": 0.0001, "momentum": 0.0, "nesterov": false, "betas": [0.9, 0.999], "amsgrad": false, "eps": "1e-8", "alpha": "None", "centered": "None"}, "training": {"epochs": 5, "batch_size": 64, "shuffle": true, "lr": 0.01}, "trainer": {"trainer_type": "standard", "save_path": "./.training_results/"}, "strategy": {"role": "client", "strategy_name": "rbla"}}}, {"index": 2, "node_id": "client.3", "yaml": {"role": "client", "training_logger": {"name": "train", "path": "./experiment_results/", "prefix": "", "save_weights": false}, "data_loader": {"name": "kmnist", "root": "../.dataset", "split": "", "batch_size": 64, "shuffle": true, "num_workers": 0, "is_download": true, "is_load_train_set": true, "is_load_test_set": true, "task_type": "cv"}, "nn_model": {"name": "simple_lora_mlp", "input_dim": 0, "hidden_dim": 0, "output_dim": 0, "softmax_dim": 1, "lora_mode": "standard", "rank_ratio": 0.4, "cap_lora_rank_to_matrix_dim": true, "share_model": false}, "loss_func": {"type": "CrossEntropyLoss", "reduction": "mean", "weight": "None"}, "optimizer": {"type": "SGD", "lr": 0.01, "weight_decay": 0.0001, "momentum": 0.0, "nesterov": false, "betas": [0.9, 0.999], "amsgrad": false, "eps": "1e-8", "alpha": "None", "centered": "None"}, "training": {"epochs": 5, "batch_size": 64, "shuffle": true, "lr": 0.01}, "trainer": {"trainer_type": "standard", "save_path": "./.training_results/"}, "strategy": {"role": "client", "strategy_name": "rbla"}}}, {"index": 3, "node_id": "client.4", "yaml": {"role": "client", "training_logger": {"name": "train", "path": "./experiment_results/", "prefix": "", "save_weights": false}, "data_loader": {"name": "kmnist", "root": "../.dataset", "split": "", "batch_size": 64, "shuffle": true, "num_workers": 0, "is_download": true, "is_load_train_set": true, "is_load_test_set": true, "task_type": "cv"}, "nn_model": {"name": "simple_lora_mlp", "input_dim": 0, "hidden_dim": 0, "output_dim": 0, "softmax_dim": 1, "lora_mode": "standard", "rank_ratio": 0.7, "cap_lora_rank_to_matrix_dim": true, "share_model": false}, "loss_func": {"type": "CrossEntropyLoss", "reduction": "mean", "weight": "None"}, "optimizer": {"type": "SGD", "lr": 0.01, "weight_decay": 0.0001, "momentum": 0.0, "nesterov": false, "betas": [0.9, 0.999], "amsgrad": false, "eps": "1e-8", "alpha": "None", "centered": "None"}, "training": {"epochs": 5, "batch_size": 64, "shuffle": true, "lr": 0.01}, "trainer": {"trainer_type": "standard", "save_path": "./.training_results/"}, "strategy": {"role": "client", "strategy_name": "rbla"}}}, {"index": 4, "node_id": "client.5", "yaml": {"role": "client", "training_logger": {"name": "train", "path": "./experiment_results/", "prefix": "", "save_weights": false}, "data_loader": {"name": "kmnist", "root": "../.dataset", "split": "", "batch_size": 64, "shuffle": true, "num_workers": 0, "is_download": true, "is_load_train_set": true, "is_load_test_set": true, "task_type": "cv"}, "nn_model": {"name": "simple_lora_mlp", "input_dim": 0, "hidden_dim": 0, "output_dim": 0, "softmax_dim": 1, "lora_mode": "standard", "rank_ratio": 0.8, "cap_lora_rank_to_matrix_dim": true, "share_model": false}, "loss_func": {"type": "CrossEntropyLoss", "reduction": "mean", "weight": "None"}, "optimizer": {"type": "SGD", "lr": 0.01, "weight_decay": 0.0001, "momentum": 0.0, "nesterov": false, "betas": [0.9, 0.999], "amsgrad": false, "eps": "1e-8", "alpha": "None", "centered": "None"}, "training": {"epochs": 5, "batch_size": 64, "shuffle": true, "lr": 0.01}, "trainer": {"trainer_type": "standard", "save_path": "./.training_results/"}, "strategy": {"role": "client", "strategy_name": "rbla"}}}, {"index": 5, "node_id": "client.6", "yaml": {"role": "client", "training_logger": {"name": "train", "path": "./experiment_results/", "prefix": "", "save_weights": false}, "data_loader": {"name": "kmnist", "root": "../.dataset", "split": "", "batch_size": 64, "shuffle": true, "num_workers": 0, "is_download": true, "is_load_train_set": true, "is_load_test_set": true, "task_type": "cv"}, "nn_model": {"name": "simple_lora_mlp", "input_dim": 0, "hidden_dim": 0, "output_dim": 0, "softmax_dim": 1, "lora_mode": "standard", "rank_ratio": 1.0, "cap_lora_rank_to_matrix_dim": true, "share_model": false}, "loss_func": {"type": "CrossEntropyLoss", "reduction": "mean", "weight": "None"}, "optimizer": {"type": "SGD", "lr": 0.01, "weight_decay": 0.0001, "momentum": 0.0, "nesterov": false, "betas": [0.9, 0.999], "amsgrad": false, "eps": "1e-8", "alpha": "None", "centered": "None"}, "training": {"epochs": 5, "batch_size": 64, "shuffle": true, "lr": 0.01}, "trainer": {"trainer_type": "standard", "save_path": "./.training_results/"}, "strategy": {"role": "client", "strategy_name": "rbla"}}}, {"index": 6, "node_id": "client.7", "yaml": {"role": "client", "training_logger": {"name": "train", "path": "./experiment_results/", "prefix": "", "save_weights": false}, "data_loader": {"name": "kmnist", "root": "../.dataset", "split": "", "batch_size": 64, "shuffle": true, "num_workers": 0, "is_download": true, "is_load_train_set": true, "is_load_test_set": true, "task_type": "cv"}, "nn_model": {"name": "simple_lora_mlp", "input_dim": 0, "hidden_dim": 0, "output_dim": 0, "softmax_dim": 1, "lora_mode": "standard", "rank_ratio": 0.3, "cap_lora_rank_to_matrix_dim": true, "share_model": false}, "loss_func": {"type": "CrossEntropyLoss", "reduction": "mean", "weight": "None"}, "optimizer": {"type": "SGD", "lr": 0.01, "weight_decay": 0.0001, "momentum": 0.0, "nesterov": false, "betas": [0.9, 0.999], "amsgrad": false, "eps": "1e-8", "alpha": "None", "centered": "None"}, "training": {"epochs": 5, "batch_size": 64, "shuffle": true, "lr": 0.01}, "trainer": {"trainer_type": "standard", "save_path": "./.training_results/"}, "strategy": {"role": "client", "strategy_name": "rbla"}}}, {"index": 7, "node_id": "client.8", "yaml": {"role": "client", "training_logger": {"name": "train", "path": "./experiment_results/", "prefix": "", "save_weights": false}, "data_loader": {"name": "kmnist", "root": "../.dataset", "split": "", "batch_size": 64, "shuffle": true, "num_workers": 0, "is_download": true, "is_load_train_set": true, "is_load_test_set": true, "task_type": "cv"}, "nn_model": {"name": "simple_lora_mlp", "input_dim": 0, "hidden_dim": 0, "output_dim": 0, "softmax_dim": 1, "lora_mode": "standard", "rank_ratio": 0.6, "cap_lora_rank_to_matrix_dim": true, "share_model": false}, "loss_func": {"type": "CrossEntropyLoss", "reduction": "mean", "weight": "None"}, "optimizer": {"type": "SGD", "lr": 0.01, "weight_decay": 0.0001, "momentum": 0.0, "nesterov": false, "betas": [0.9, 0.999], "amsgrad": false, "eps": "1e-8", "alpha": "None", "centered": "None"}, "training": {"epochs": 5, "batch_size": 64, "shuffle": true, "lr": 0.01}, "trainer": {"trainer_type": "standard", "save_path": "./.training_results/"}, "strategy": {"role": "client", "strategy_name": "rbla"}}}, {"index": 8, "node_id": "client.9", "yaml": {"role": "client", "training_logger": {"name": "train", "path": "./experiment_results/", "prefix": "", "save_weights": false}, "data_loader": {"name": "kmnist", "root": "../.dataset", "split": "", "batch_size": 64, "shuffle": true, "num_workers": 0, "is_download": true, "is_load_train_set": true, "is_load_test_set": true, "task_type": "cv"}, "nn_model": {"name": "simple_lora_mlp", "input_dim": 0, "hidden_dim": 0, "output_dim": 0, "softmax_dim": 1, "lora_mode": "standard", "rank_ratio": 0.5, "cap_lora_rank_to_matrix_dim": true, "share_model": false}, "loss_func": {"type": "CrossEntropyLoss", "reduction": "mean", "weight": "None"}, "optimizer": {"type": "SGD", "lr": 0.01, "weight_decay": 0.0001, "momentum": 0.0, "nesterov": false, "betas": [0.9, 0.999], "amsgrad": false, "eps": "1e-8", "alpha": "None", "centered": "None"}, "training": {"epochs": 5, "batch_size": 64, "shuffle": true, "lr": 0.01}, "trainer": {"trainer_type": "standard", "save_path": "./.training_results/"}, "strategy": {"role": "client", "strategy_name": "rbla"}}}, {"index": 9, "node_id": "client.10", "yaml": {"role": "client", "training_logger": {"name": "train", "path": "./experiment_results/", "prefix": "", "save_weights": false}, "data_loader": {"name": "kmnist", "root": "../.dataset", "split": "", "batch_size": 64, "shuffle": true, "num_workers": 0, "is_download": true, "is_load_train_set": true, "is_load_test_set": true, "task_type": "cv"}, "nn_model": {"name": "simple_lora_mlp", "input_dim": 0, "hidden_dim": 0, "output_dim": 0, "softmax_dim": 1, "lora_mode": "standard", "rank_ratio": 0.2, "cap_lora_rank_to_matrix_dim": true, "share_model": false}, "loss_func": {"type": "CrossEntropyLoss", "reduction": "mean", "weight": "None"}, "optimizer": {"type": "SGD", "lr": 0.01, "weight_decay": 0.0001, "momentum": 0.0, "nesterov": false, "betas": [0.9, 0.999], "amsgrad": false, "eps": "1e-8", "alpha": "None", "centered": "None"}, "training": {"epochs": 5, "batch_size": 64, "shuffle": true, "lr": 0.01}, "trainer": {"trainer_type": "standard", "save_path": "./.training_results/"}, "strategy": {"role": "client", "strategy_name": "rbla"}}}]}, "effective_client_rank_ratios": [0.9, 0.1, 0.4, 0.7, 0.8, 1.0, 0.3, 0.6, 0.5, 0.2], "effective_client_share_model": [false, false, false, false, false, false, false, false, false, false], "rank_distribution": {"rank_ratio_list": [0.9, 0.1, 0.4, 0.7, 0.8, 1.0, 0.3, 0.6, 0.5, 0.2]}, "rank_ratio_list": [0.9, 0.1, 0.4, 0.7, 0.8, 1.0, 0.3, 0.6, 0.5, 0.2], "rank_ratio_list_str": "[0.9, 0.1, 0.4, 0.7, 0.8, 1.0, 0.3, 0.6, 0.5, 0.2]", "epoch": 5, "batch_size": 64}

round,accuracy,average_loss,perplexity,precision,recall,f1_score,matthews_correlation,mcc,total_test_samples,invalid_label_samples,evaluation_status
0,0.1203,2.3029,10.003149565943708,0.11671018995462427,0.12029999999999999,0.06880746971074606,0.02527453902548116,0.02527453902548116,10000,0,evaluated
1,0.1161,2.301646875,9.990622219948438,0.1769556237280967,0.11610000000000001,0.06988803438785586,0.02072405940419714,0.02072405940419714,10000,0,evaluated
2,0.1116,2.3009,9.983163259780083,0.15915820521715143,0.1116,0.0554536683195761,0.015558116452636923,0.015558116452636923,10000,0,evaluated
3,0.1132,2.3000765625,9.974946132393079,0.1277284164376567,0.11320000000000001,0.05153377966239978,0.01793572137671461,0.01793572137671461,10000,0,evaluated
4,0.1156,2.299109375,9.965303153216826,0.12376768042396391,0.11560000000000001,0.051578790424737495,0.021279772021378398,0.021279772021378398,10000,0,evaluated
5,0.1174,2.2982578125,9.956820686938105,0.11699905707082196,0.11739999999999999,0.05261994464040182,0.023793384606200865,0.023793384606200865,10000,0,evaluated
6,0.1207,2.2973015625,9.947304028033939,0.11467653246345597,0.1207,0.05398985310456435,0.02835545877826909,0.02835545877826909,10000,0,evaluated
7,0.1235,2.2963359375,9.93770329868001,0.09887056049001805,0.12350000000000001,0.05541585682572823,0.03212648614357686,0.03212648614357686,10000,0,evaluated
8,0.1257,2.295396875,9.928375554528927,0.0967062855957426,0.1257,0.056689115348987726,0.03504893609153834,0.03504893609153834,10000,0,evaluated
9,0.1291,2.29435,9.917987224960296,0.09796633905316361,0.1291,0.0590429583967206,0.039639084436496476,0.039639084436496476,10000,0,evaluated
10,0.1315,2.2933109375,9.907687168487278,0.09892666512649856,0.1315,0.06053892624388385,0.04294620486035733,0.04294620486035733,10000,0,evaluated
11,0.1341,2.29225,9.897181305649331,0.11179704836743376,0.1341,0.06277568431760484,0.04638787891306489,0.04638787891306489,10000,0,evaluated
12,0.1358,2.2913578125,9.888355102102903,0.11107916033021978,0.1358,0.06354173759350754,0.04871696921822697,0.04871696921822697,10000,0,evaluated
13,0.1384,2.2903046875,9.877946909661787,0.10854233133288664,0.1384,0.06510058748993118,0.05228511961989688,0.05228511961989688,10000,0,evaluated
14,0.1404,2.2891671875,9.866717133198268,0.11278435333557608,0.1404,0.06690631693977506,0.05487952542253288,0.05487952542253288,10000,0,evaluated
15,0.1426,2.28790703125,9.854291358788865,0.10948547203564958,0.1426,0.06896925256089446,0.05785837862127952,0.05785837862127952,10000,0,evaluated
16,0.1454,2.28641875,9.839636309849876,0.12173891485128532,0.14540000000000003,0.07124424270084431,0.06156602451755153,0.06156602451755153,10000,0,evaluated
17,0.1495,2.284953125,9.825225655770268,0.1273650327837851,0.14950000000000002,0.07615575029910342,0.06659723137177216,0.06659723137177216,10000,0,evaluated
18,0.1529,2.2830953125,9.806989173958808,0.13919658554617637,0.15289999999999998,0.079830902993044,0.07076855811451609,0.07076855811451609,10000,0,evaluated
19,0.1567,2.28097265625,9.78619438499727,0.24765777507509065,0.1567,0.08388491014360513,0.0754465468871026,0.0754465468871026,10000,0,evaluated
20,0.1622,2.278559375,9.762606019707011,0.26319341234797056,0.16219999999999998,0.08962654432865579,0.08186784651424492,0.08186784651424492,10000,0,evaluated
21,0.1671,2.27555625,9.73333167276718,0.23362685163171673,0.1671,0.09603985553960237,0.08683610095677395,0.08683610095677395,10000,0,evaluated
22,0.17,2.271915625,9.697960687460391,0.23631953513841006,0.17,0.10064661476727496,0.08865421251822203,0.08865421251822203,10000,0,evaluated
23,0.174,2.26766640625,9.65683935970233,0.2590314105585235,0.17400000000000002,0.10430958575401192,0.09175064376313369,0.09175064376313369,10000,0,evaluated
24,0.1774,2.26273046875,9.6092912479656,0.26785276620028725,0.1774,0.10741152408904187,0.0943019380481359,0.0943019380481359,10000,0,evaluated
25,0.1784,2.2569015625,9.553442516788342,0.2786557959621465,0.17839999999999998,0.10900219785815057,0.09491090898082448,0.09491090898082448,10000,0,evaluated
26,0.1808,2.2501859375,9.489500126259342,0.278276822563546,0.1808,0.11172677866696223,0.09839112801058418,0.09839112801058418,10000,0,evaluated
27,0.1791,2.24241875,9.416078906806323,0.21853228610327297,0.17909999999999998,0.11158895480019275,0.09764257377914495,0.09764257377914495,10000,0,evaluated
28,0.175,2.23355078125,9.332946565614385,0.21532021826854422,0.17500000000000002,0.10988168516880854,0.09389754577999308,0.09389754577999308,10000,0,evaluated
29,0.1739,2.2231,9.235917878542681,0.2107847464147708,0.1739,0.11203839043698431,0.09299984907236537,0.09299984907236537,10000,0,evaluated
30,0.1734,2.21185234375,9.132617481808248,0.20915629074062642,0.1734,0.11300825225612747,0.09320890041748045,0.09320890041748045,10000,0,evaluated
31,0.1763,2.19930625,9.018754567636883,0.21378606995216343,0.1763,0.11907849876494528,0.09703451702590707,0.09703451702590707,10000,0,evaluated
32,0.18,2.1863171875,8.902366920461825,0.2123009629772105,0.18,0.12533139780474087,0.1013031990519235,0.1013031990519235,10000,0,evaluated
33,0.1878,2.17388359375,8.792363791021366,0.21171855361446212,0.18780000000000002,0.13661838927452039,0.11005057807471388,0.11005057807471388,10000,0,evaluated
34,0.1957,2.16294453125,8.696707721722087,0.21079627295880568,0.1957,0.14575470208427993,0.11744016705958765,0.11744016705958765,10000,0,evaluated
35,0.2005,2.15549609375,8.632171483238565,0.20482726231473128,0.20049999999999998,0.15060148413535276,0.12161803417029692,0.12161803417029692,10000,0,evaluated
36,0.2073,2.1479765625,8.567505035407153,0.20319057172808114,0.20729999999999998,0.15632866790796193,0.12853911909239393,0.12853911909239393,10000,0,evaluated
37,0.2132,2.143390625,8.528304946064521,0.2014278830880912,0.21319999999999997,0.16117111653254232,0.13492903113025345,0.13492903113025345,10000,0,evaluated
38,0.2187,2.140745703125,8.50577804982877,0.20475351119563312,0.21869999999999998,0.1644456323062762,0.14145908760157888,0.14145908760157888,10000,0,evaluated
39,0.2221,2.137965625,8.482164161772136,0.20948991692659283,0.22210000000000002,0.16638212447757975,0.14616973185104173,0.14616973185104173,10000,0,evaluated
40,0.2267,2.134205078125,8.450326486894658,0.22220024696151935,0.22670000000000004,0.17103409461014066,0.15257251518651466,0.15257251518651466,10000,0,evaluated
41,0.2294,2.132001953125,8.431729854228356,0.23277340786001105,0.2294,0.17263221040686774,0.15655677538444243,0.15655677538444243,10000,0,evaluated
42,0.2331,2.12869375,8.40388206764041,0.2412503747810709,0.2331,0.17701777167141974,0.1621128453589743,0.1621128453589743,10000,0,evaluated
43,0.2355,2.124168359375,8.365937141082025,0.24385362575041974,0.2355,0.1799207270053598,0.16658788376683417,0.16658788376683417,10000,0,evaluated
44,0.2383,2.12218828125,8.349388321338754,0.24503981677897863,0.2383,0.18285818625324599,0.16994368342086283,0.16994368342086283,10000,0,evaluated
45,0.2404,2.115969140625,8.297623434636034,0.2363882799610249,0.2404,0.1852653560344054,0.17378203424873603,0.17378203424873603,10000,0,evaluated
46,0.2447,2.11077734375,8.254655496138385,0.2636050496731265,0.24469999999999997,0.19030117405643052,0.17926313719763978,0.17926313719763978,10000,0,evaluated
47,0.2444,2.10646640625,8.219146785119133,0.28289480321861615,0.2444,0.19225990405058152,0.17999378717529002,0.17999378717529002,10000,0,evaluated
48,0.2444,2.100551953125,8.170678499720095,0.2698082890289633,0.2444,0.1928124364936165,0.18027618408557375,0.18027618408557375,10000,0,evaluated
49,0.245,2.096437890625,8.137132869429376,0.3319516828385952,0.24500000000000002,0.19488861867914478,0.18153507591322943,0.18153507591322943,10000,0,evaluated
50,0.2461,2.0900126953125,8.085017805481135,0.33449049582199336,0.24610000000000004,0.19548572218875288,0.18257848150570316,0.18257848150570316,10000,0,evaluated
51,0.2486,2.078914453125,7.995784402655467,0.3482754300404916,0.2486,0.20041278124510464,0.18663493104423343,0.18663493104423343,10000,0,evaluated
52,0.2475,2.0731638671875,7.9499359115023385,0.36926765840171977,0.2475,0.19960018545478977,0.18593776061125364,0.18593776061125364,10000,0,evaluated
53,0.2494,2.064571875,7.88192272704148,0.3925834805689528,0.2494,0.20541382803560243,0.18820239393081073,0.18820239393081073,10000,0,evaluated
54,0.249,2.05506171875,7.8073197157800776,0.3961947710046088,0.24900000000000003,0.20510081305444056,0.18954161707859396,0.18954161707859396,10000,0,evaluated
55,0.2603,2.04453046875,7.725530308290379,0.3877137591490446,0.2603,0.22165512477321578,0.2006912434845777,0.2006912434845777,10000,0,evaluated
56,0.2611,2.0336775390625,7.6421390095330946,0.40088152346443257,0.2611,0.22378473013530248,0.20278600461262222,0.20278600461262222,10000,0,evaluated
57,0.261,2.027384765625,7.594199753801199,0.40773579004223715,0.261,0.22582302274627114,0.20447267530666025,0.20447267530666025,10000,0,evaluated
58,0.2634,2.0184001953125,7.526274727655263,0.4064095027205224,0.26339999999999997,0.23339141875398495,0.20847819653238267,0.20847819653238267,10000,0,evaluated
59,0.2675,2.0099078125,7.462629354463895,0.4115320249029306,0.2675,0.24126507067080669,0.21291917049748466,0.21291917049748466,10000,0,evaluated
60,0.2706,2.0019134765625,7.4032084203445185,0.4165460449976092,0.27059999999999995,0.24603002084097106,0.21629113693727767,0.21629113693727767,10000,0,evaluated
61,0.2743,1.9922181640625,7.331778826847486,0.40801020364274,0.2743,0.2531702408694154,0.22099716817657092,0.22099716817657092,10000,0,evaluated
62,0.2749,1.9877484375,7.299080910086099,0.40952306575953995,0.27490000000000003,0.2541758530576931,0.22276934514967625,0.22276934514967625,10000,0,evaluated
63,0.2715,1.98452412109375,7.275584264423561,0.4160309298734017,0.27149999999999996,0.2533475741581087,0.22203852838745944,0.22203852838745944,10000,0,evaluated
64,0.2727,1.97798662109375,7.228175269298303,0.41335990219405705,0.2727,0.2555118642392451,0.2225246462950454,0.2225246462950454,10000,0,evaluated
65,0.2762,1.9706392578125,7.1752618647754005,0.42084848828039034,0.27619999999999995,0.26034018314475493,0.2255809036764944,0.2255809036764944,10000,0,evaluated
66,0.2751,1.96341767578125,7.123631772477577,0.419053782908283,0.2751,0.2605642300925998,0.22822896350090077,0.22822896350090077,10000,0,evaluated
67,0.2741,1.96126767578125,7.108332416867468,0.5167949129216821,0.27409999999999995,0.2608745157487024,0.2282621996387789,0.2282621996387789,10000,0,evaluated
68,0.2788,1.95460966796875,7.061162287896248,0.5215429988177193,0.27880000000000005,0.2659176036375503,0.23334158633987942,0.23334158633987942,10000,0,evaluated
69,0.275,1.9509533203125,7.035391366149847,0.42315762803991497,0.27499999999999997,0.262591287498281,0.23096148698850275,0.23096148698850275,10000,0,evaluated
70,0.2761,1.94360322265625,6.983870127574289,0.5222695883323796,0.2761,0.2650694773500198,0.23275672822507673,0.23275672822507673,10000,0,evaluated
71,0.2802,1.94059404296875,6.962885995792371,0.5290452202649325,0.28019999999999995,0.2707246187460968,0.23617977885459238,0.23617977885459238,10000,0,evaluated
72,0.2823,1.93357236328125,6.914166088594349,0.5338264671756681,0.2823,0.27180334861277505,0.23907101036627484,0.23907101036627484,10000,0,evaluated
73,0.2772,1.93200517578125,6.903338780354503,0.5288315714445827,0.2772,0.2665855686528438,0.23391940920905524,0.23391940920905524,10000,0,evaluated
74,0.2875,1.92315595703125,6.842519125488577,0.532708943937413,0.2875,0.27967249429802565,0.24375801511956893,0.24375801511956893,10000,0,evaluated
75,0.2883,1.91810927734375,6.808074112786183,0.5435413919931759,0.2883,0.27872989288858435,0.24712942075786812,0.24712942075786812,10000,0,evaluated
76,0.2907,1.913789404296875,6.7787275293198075,0.5459047609281734,0.2907,0.2831282680859663,0.2500960541637474,0.2500960541637474,10000,0,evaluated
77,0.289,1.912278564453125,6.768493690471009,0.5323925131193844,0.289,0.2822294994226681,0.2494109524304703,0.2494109524304703,10000,0,evaluated
78,0.2951,1.904044677734375,6.712991493142495,0.5419337313502317,0.2951,0.2887109745399315,0.25565020205771727,0.25565020205771727,10000,0,evaluated
79,0.2965,1.8991576171875,6.6802647312337236,0.5456772287909879,0.2965,0.2886193895418184,0.2588154362372397,0.2588154362372397,10000,0,evaluated
80,0.2993,1.891849267578125,6.631620990340063,0.5471281941763001,0.2993,0.2926629249957514,0.26167747192523705,0.26167747192523705,10000,0,evaluated
81,0.308,1.884022998046875,6.579922703283506,0.546474213628675,0.30800000000000005,0.30294215555365417,0.26932213472072014,0.26932213472072014,10000,0,evaluated
82,0.3085,1.877892138671875,6.53970553137564,0.5518905443377202,0.3085,0.3037885455849674,0.2706929200649143,0.2706929200649143,10000,0,evaluated
83,0.3129,1.873471826171875,6.510861785419584,0.5542108673249192,0.3129,0.30965171267151836,0.27677585919107184,0.27677585919107184,10000,0,evaluated
84,0.3201,1.8637431640625,6.447826930640198,0.5557570288681124,0.3201,0.31822423580361825,0.2822011665722492,0.2822011665722492,10000,0,evaluated
85,0.3203,1.864349609375,6.451738370975547,0.5521827588622119,0.3203,0.3196217809474037,0.28264783315123887,0.28264783315123887,10000,0,evaluated
86,0.3291,1.85127353515625,6.367924136010921,0.5553416519967616,0.3291,0.3283453623690084,0.2903191846554748,0.2903191846554748,10000,0,evaluated
87,0.33,1.8491447265625,6.354382463314481,0.5617023161690251,0.33,0.3312220161178818,0.2925522527117496,0.2925522527117496,10000,0,evaluated
88,0.3344,1.84123984375,6.304349826195683,0.5585999841330318,0.3344,0.3361798238498883,0.29568536481519364,0.29568536481519364,10000,0,evaluated
89,0.3378,1.83394921875,6.258554317532272,0.5657969565445728,0.3378,0.34124369750600536,0.2998486537797564,0.2998486537797564,10000,0,evaluated
90,0.3492,1.822814404296875,6.189253021020806,0.5606272732251736,0.3492,0.35400012757961075,0.30993197459691246,0.30993197459691246,10000,0,evaluated
91,0.3585,1.8135138671875,6.131956500837369,0.5598472657526685,0.35849999999999993,0.36306943409012116,0.3176217887310998,0.3176217887310998,10000,0,evaluated
92,0.3607,1.806350146484375,6.0881858446678665,0.5585579531133931,0.36069999999999997,0.3677583141572516,0.32021999753695685,0.32021999753695685,10000,0,evaluated
93,0.3696,1.798483642578125,6.040480988164106,0.5620727848734328,0.36960000000000004,0.3778484081706146,0.32865817972628164,0.32865817972628164,10000,0,evaluated
94,0.3749,1.789830908203125,5.988439784723768,0.5609587038293655,0.37489999999999996,0.3853267579474965,0.33419249464017425,0.33419249464017425,10000,0,evaluated
95,0.3711,1.792483203125,6.004343975133084,0.5637238507721671,0.37109999999999993,0.37981965161005327,0.3310423972134425,0.3310423972134425,10000,0,evaluated
96,0.3772,1.7801944580078124,5.931009638779735,0.5633666825001218,0.37720000000000004,0.38836363547274183,0.3380642903724857,0.3380642903724857,10000,0,evaluated
97,0.3826,1.772834521484375,5.887518028387679,0.5606351593365887,0.3826,0.3937444144390463,0.3419808213850779,0.3419808213850779,10000,0,evaluated
98,0.3863,1.7685340087890624,5.862253047486669,0.5655738020313206,0.3863,0.39719154525339573,0.3459343669720343,0.3459343669720343,10000,0,evaluated
99,0.3928,1.7579029296875,5.800261076259488,0.5653377754915025,0.3928,0.4050226720743025,0.3529924516803673,0.3529924516803673,10000,0,evaluated
100,0.3908,1.7549379638671876,5.783088970353057,0.5689978536478675,0.3908,0.403269796858547,0.3525871357371972,0.3525871357371972,10000,0,evaluated
