Config,{"general": {"device": "cuda:0", "training_rounds": 100, "train_optimization": {"cudnn_benchmark": true, "pin_memory": true, "fused_optimizer": false, "torch_compile": false, "non_blocking_transfer": true}}, "dataset": "fmnist", "model": "simple_lora_mlp", "loss_function": "CrossEntropyLoss", "aggregation": "sp_plus", "client_selection": {"method": "random", "round": 1, "client_selection_round": 1, "number": 10, "random_seed": 42}, "hyperparameters": {"training_rounds": 100, "local_epochs": 5, "selected_clients": 10, "client_selection_round": 1, "client_selection_method": "random", "optimizer": "SGD", "lr": 0.01, "momentum": 0.0, "weight_decay": 0.0001, "nesterov": false, "batch_size": 64, "shuffle": true, "trainer_type": "standard", "rank_ratio_list": [0.7671, 0.8765, 0.25, 0.3727, 0.7391, 0.5244, 0.4526, 0.62, 1.0, 0.7326]}, "effective_yaml": {"server_yaml": {"role": "server", "general": {"device": "cuda:0", "training_rounds": 100, "train_optimization": {"cudnn_benchmark": true, "pin_memory": true, "fused_optimizer": false, "torch_compile": false, "non_blocking_transfer": true}}, "training_logger": {"name": "train", "path": "./experiment_results/", "prefix": "rbla_plus_", "save_weights": false}, "data_loader": {"name": "fmnist", "root": "../.dataset", "split": "", "batch_size": 64, "shuffle": true, "num_workers": 0, "is_download": true, "is_load_train_set": true, "is_load_test_set": true, "task_type": "cv"}, "nn_model": {"name": "simple_lora_mlp", "input_dim": 0, "hidden_dim": 0, "output_dim": 0, "softmax_dim": 1, "lora_mode": "standard", "rank_ratio": 1.0, "cap_lora_rank_to_matrix_dim": true, "share_model": false}, "loss_func": {"type": "CrossEntropyLoss", "reduction": "mean", "weight": "None"}, "optimizer": {"type": "SGD", "lr": 0.01, "weight_decay": 0.0001, "momentum": 0.0, "nesterov": false, "betas": [0.9, 0.999], "amsgrad": false, "eps": "1e-8", "alpha": "None", "centered": "None"}, "training": {"epochs": 5, "batch_size": 64, "shuffle": true, "lr": 0.01}, "trainer": {"trainer_type": "standard", "save_path": "./.training_results/"}, "data_distribution": {"use": "fmnist_dirichlet_0_4_seed_1", "custom_define": {"fmnist_dirichlet_0_4_seed_1": [[322, 474, 165, 1079, 252, 15, 2, 197, 1106, 579], [3662, 380, 118, 107, 335, 199, 92, 2, 3, 11], [189, 1238, 4, 28, 389, 538, 1155, 95, 1123, 1106], [193, 250, 68, 62, 758, 6, 0, 615, 28, 184], [0, 16, 307, 308, 186, 10, 1, 302, 285, 1976], [330, 554, 77, 750, 563, 231, 2759, 2482, 272, 413], [1030, 13, 0, 701, 235, 3057, 64, 249, 827, 815], [164, 24, 652, 2113, 1206, 826, 1756, 836, 2081, 8], [42, 1432, 1831, 8, 1480, 1118, 9, 280, 66, 790], [68, 1619, 2778, 844, 596, 0, 162, 942, 209, 118]]}}, "client_selection": {"method": "random", "round": 1, "client_selection_round": 1, "number": 10, "random_seed": 42}, "strategy": {"role": "server", "strategy_name": "sp_plus"}, "aggregation": {"method": "sp_plus", "device": "cpu", "is_wbab": false, "pad_mode": "nan"}, "canonicalization": {"enabled": true, "start_round": 0, "interval": 1, "deterministic_sign": true, "svd_fallback": true, "log_diagnostics": true, "ordering": "singular_value", "activation_chunk_size": 4096, "activation_fallback": true}, "rank_distribution": {"rank_ratio_list": [0.7671, 0.8765, 0.25, 0.3727, 0.7391, 0.5244, 0.4526, 0.62, 1.0, 0.7326]}, "lora_inference": {"device": "cpu", "lora_mode": "standard", "scaling": 0.5, "rank_ratio": 1, "use_bias": true, "alpha": 0}}, "client_yamls": [{"index": 0, "node_id": "client.1", "yaml": {"role": "client", "training_logger": {"name": "train", "path": "./experiment_results/", "prefix": "", "save_weights": false}, "data_loader": {"name": "fmnist", "root": "../.dataset", "split": "", "batch_size": 64, "shuffle": true, "num_workers": 0, "is_download": true, "is_load_train_set": true, "is_load_test_set": true, "task_type": "cv"}, "nn_model": {"name": "simple_lora_mlp", "input_dim": 0, "hidden_dim": 0, "output_dim": 0, "softmax_dim": 1, "lora_mode": "standard", "rank_ratio": 0.7671, "cap_lora_rank_to_matrix_dim": true, "share_model": false}, "loss_func": {"type": "CrossEntropyLoss", "reduction": "mean", "weight": "None"}, "optimizer": {"type": "SGD", "lr": 0.01, "weight_decay": 0.0001, "momentum": 0.0, "nesterov": false, "betas": [0.9, 0.999], "amsgrad": false, "eps": "1e-8", "alpha": "None", "centered": "None"}, "training": {"epochs": 5, "batch_size": 64, "shuffle": true, "lr": 0.01}, "trainer": {"trainer_type": "standard", "save_path": "./.training_results/"}, "strategy": {"role": "client", "strategy_name": "sp_plus"}}}, {"index": 1, "node_id": "client.2", "yaml": {"role": "client", "training_logger": {"name": "train", "path": "./experiment_results/", "prefix": "", "save_weights": false}, "data_loader": {"name": "fmnist", "root": "../.dataset", "split": "", "batch_size": 64, "shuffle": true, "num_workers": 0, "is_download": true, "is_load_train_set": true, "is_load_test_set": true, "task_type": "cv"}, "nn_model": {"name": "simple_lora_mlp", "input_dim": 0, "hidden_dim": 0, "output_dim": 0, "softmax_dim": 1, "lora_mode": "standard", "rank_ratio": 0.8765, "cap_lora_rank_to_matrix_dim": true, "share_model": false}, "loss_func": {"type": "CrossEntropyLoss", "reduction": "mean", "weight": "None"}, "optimizer": {"type": "SGD", "lr": 0.01, "weight_decay": 0.0001, "momentum": 0.0, "nesterov": false, "betas": [0.9, 0.999], "amsgrad": false, "eps": "1e-8", "alpha": "None", "centered": "None"}, "training": {"epochs": 5, "batch_size": 64, "shuffle": true, "lr": 0.01}, "trainer": {"trainer_type": "standard", "save_path": "./.training_results/"}, "strategy": {"role": "client", "strategy_name": "sp_plus"}}}, {"index": 2, "node_id": "client.3", "yaml": {"role": "client", "training_logger": {"name": "train", "path": "./experiment_results/", "prefix": "", "save_weights": false}, "data_loader": {"name": "fmnist", "root": "../.dataset", "split": "", "batch_size": 64, "shuffle": true, "num_workers": 0, "is_download": true, "is_load_train_set": true, "is_load_test_set": true, "task_type": "cv"}, "nn_model": {"name": "simple_lora_mlp", "input_dim": 0, "hidden_dim": 0, "output_dim": 0, "softmax_dim": 1, "lora_mode": "standard", "rank_ratio": 0.25, "cap_lora_rank_to_matrix_dim": true, "share_model": false}, "loss_func": {"type": "CrossEntropyLoss", "reduction": "mean", "weight": "None"}, "optimizer": {"type": "SGD", "lr": 0.01, "weight_decay": 0.0001, "momentum": 0.0, "nesterov": false, "betas": [0.9, 0.999], "amsgrad": false, "eps": "1e-8", "alpha": "None", "centered": "None"}, "training": {"epochs": 5, "batch_size": 64, "shuffle": true, "lr": 0.01}, "trainer": {"trainer_type": "standard", "save_path": "./.training_results/"}, "strategy": {"role": "client", "strategy_name": "sp_plus"}}}, {"index": 3, "node_id": "client.4", "yaml": {"role": "client", "training_logger": {"name": "train", "path": "./experiment_results/", "prefix": "", "save_weights": false}, "data_loader": {"name": "fmnist", "root": "../.dataset", "split": "", "batch_size": 64, "shuffle": true, "num_workers": 0, "is_download": true, "is_load_train_set": true, "is_load_test_set": true, "task_type": "cv"}, "nn_model": {"name": "simple_lora_mlp", "input_dim": 0, "hidden_dim": 0, "output_dim": 0, "softmax_dim": 1, "lora_mode": "standard", "rank_ratio": 0.3727, "cap_lora_rank_to_matrix_dim": true, "share_model": false}, "loss_func": {"type": "CrossEntropyLoss", "reduction": "mean", "weight": "None"}, "optimizer": {"type": "SGD", "lr": 0.01, "weight_decay": 0.0001, "momentum": 0.0, "nesterov": false, "betas": [0.9, 0.999], "amsgrad": false, "eps": "1e-8", "alpha": "None", "centered": "None"}, "training": {"epochs": 5, "batch_size": 64, "shuffle": true, "lr": 0.01}, "trainer": {"trainer_type": "standard", "save_path": "./.training_results/"}, "strategy": {"role": "client", "strategy_name": "sp_plus"}}}, {"index": 4, "node_id": "client.5", "yaml": {"role": "client", "training_logger": {"name": "train", "path": "./experiment_results/", "prefix": "", "save_weights": false}, "data_loader": {"name": "fmnist", "root": "../.dataset", "split": "", "batch_size": 64, "shuffle": true, "num_workers": 0, "is_download": true, "is_load_train_set": true, "is_load_test_set": true, "task_type": "cv"}, "nn_model": {"name": "simple_lora_mlp", "input_dim": 0, "hidden_dim": 0, "output_dim": 0, "softmax_dim": 1, "lora_mode": "standard", "rank_ratio": 0.7391, "cap_lora_rank_to_matrix_dim": true, "share_model": false}, "loss_func": {"type": "CrossEntropyLoss", "reduction": "mean", "weight": "None"}, "optimizer": {"type": "SGD", "lr": 0.01, "weight_decay": 0.0001, "momentum": 0.0, "nesterov": false, "betas": [0.9, 0.999], "amsgrad": false, "eps": "1e-8", "alpha": "None", "centered": "None"}, "training": {"epochs": 5, "batch_size": 64, "shuffle": true, "lr": 0.01}, "trainer": {"trainer_type": "standard", "save_path": "./.training_results/"}, "strategy": {"role": "client", "strategy_name": "sp_plus"}}}, {"index": 5, "node_id": "client.6", "yaml": {"role": "client", "training_logger": {"name": "train", "path": "./experiment_results/", "prefix": "", "save_weights": false}, "data_loader": {"name": "fmnist", "root": "../.dataset", "split": "", "batch_size": 64, "shuffle": true, "num_workers": 0, "is_download": true, "is_load_train_set": true, "is_load_test_set": true, "task_type": "cv"}, "nn_model": {"name": "simple_lora_mlp", "input_dim": 0, "hidden_dim": 0, "output_dim": 0, "softmax_dim": 1, "lora_mode": "standard", "rank_ratio": 0.5244, "cap_lora_rank_to_matrix_dim": true, "share_model": false}, "loss_func": {"type": "CrossEntropyLoss", "reduction": "mean", "weight": "None"}, "optimizer": {"type": "SGD", "lr": 0.01, "weight_decay": 0.0001, "momentum": 0.0, "nesterov": false, "betas": [0.9, 0.999], "amsgrad": false, "eps": "1e-8", "alpha": "None", "centered": "None"}, "training": {"epochs": 5, "batch_size": 64, "shuffle": true, "lr": 0.01}, "trainer": {"trainer_type": "standard", "save_path": "./.training_results/"}, "strategy": {"role": "client", "strategy_name": "sp_plus"}}}, {"index": 6, "node_id": "client.7", "yaml": {"role": "client", "training_logger": {"name": "train", "path": "./experiment_results/", "prefix": "", "save_weights": false}, "data_loader": {"name": "fmnist", "root": "../.dataset", "split": "", "batch_size": 64, "shuffle": true, "num_workers": 0, "is_download": true, "is_load_train_set": true, "is_load_test_set": true, "task_type": "cv"}, "nn_model": {"name": "simple_lora_mlp", "input_dim": 0, "hidden_dim": 0, "output_dim": 0, "softmax_dim": 1, "lora_mode": "standard", "rank_ratio": 0.4526, "cap_lora_rank_to_matrix_dim": true, "share_model": false}, "loss_func": {"type": "CrossEntropyLoss", "reduction": "mean", "weight": "None"}, "optimizer": {"type": "SGD", "lr": 0.01, "weight_decay": 0.0001, "momentum": 0.0, "nesterov": false, "betas": [0.9, 0.999], "amsgrad": false, "eps": "1e-8", "alpha": "None", "centered": "None"}, "training": {"epochs": 5, "batch_size": 64, "shuffle": true, "lr": 0.01}, "trainer": {"trainer_type": "standard", "save_path": "./.training_results/"}, "strategy": {"role": "client", "strategy_name": "sp_plus"}}}, {"index": 7, "node_id": "client.8", "yaml": {"role": "client", "training_logger": {"name": "train", "path": "./experiment_results/", "prefix": "", "save_weights": false}, "data_loader": {"name": "fmnist", "root": "../.dataset", "split": "", "batch_size": 64, "shuffle": true, "num_workers": 0, "is_download": true, "is_load_train_set": true, "is_load_test_set": true, "task_type": "cv"}, "nn_model": {"name": "simple_lora_mlp", "input_dim": 0, "hidden_dim": 0, "output_dim": 0, "softmax_dim": 1, "lora_mode": "standard", "rank_ratio": 0.62, "cap_lora_rank_to_matrix_dim": true, "share_model": false}, "loss_func": {"type": "CrossEntropyLoss", "reduction": "mean", "weight": "None"}, "optimizer": {"type": "SGD", "lr": 0.01, "weight_decay": 0.0001, "momentum": 0.0, "nesterov": false, "betas": [0.9, 0.999], "amsgrad": false, "eps": "1e-8", "alpha": "None", "centered": "None"}, "training": {"epochs": 5, "batch_size": 64, "shuffle": true, "lr": 0.01}, "trainer": {"trainer_type": "standard", "save_path": "./.training_results/"}, "strategy": {"role": "client", "strategy_name": "sp_plus"}}}, {"index": 8, "node_id": "client.9", "yaml": {"role": "client", "training_logger": {"name": "train", "path": "./experiment_results/", "prefix": "", "save_weights": false}, "data_loader": {"name": "fmnist", "root": "../.dataset", "split": "", "batch_size": 64, "shuffle": true, "num_workers": 0, "is_download": true, "is_load_train_set": true, "is_load_test_set": true, "task_type": "cv"}, "nn_model": {"name": "simple_lora_mlp", "input_dim": 0, "hidden_dim": 0, "output_dim": 0, "softmax_dim": 1, "lora_mode": "standard", "rank_ratio": 1.0, "cap_lora_rank_to_matrix_dim": true, "share_model": false}, "loss_func": {"type": "CrossEntropyLoss", "reduction": "mean", "weight": "None"}, "optimizer": {"type": "SGD", "lr": 0.01, "weight_decay": 0.0001, "momentum": 0.0, "nesterov": false, "betas": [0.9, 0.999], "amsgrad": false, "eps": "1e-8", "alpha": "None", "centered": "None"}, "training": {"epochs": 5, "batch_size": 64, "shuffle": true, "lr": 0.01}, "trainer": {"trainer_type": "standard", "save_path": "./.training_results/"}, "strategy": {"role": "client", "strategy_name": "sp_plus"}}}, {"index": 9, "node_id": "client.10", "yaml": {"role": "client", "training_logger": {"name": "train", "path": "./experiment_results/", "prefix": "", "save_weights": false}, "data_loader": {"name": "fmnist", "root": "../.dataset", "split": "", "batch_size": 64, "shuffle": true, "num_workers": 0, "is_download": true, "is_load_train_set": true, "is_load_test_set": true, "task_type": "cv"}, "nn_model": {"name": "simple_lora_mlp", "input_dim": 0, "hidden_dim": 0, "output_dim": 0, "softmax_dim": 1, "lora_mode": "standard", "rank_ratio": 0.7326, "cap_lora_rank_to_matrix_dim": true, "share_model": false}, "loss_func": {"type": "CrossEntropyLoss", "reduction": "mean", "weight": "None"}, "optimizer": {"type": "SGD", "lr": 0.01, "weight_decay": 0.0001, "momentum": 0.0, "nesterov": false, "betas": [0.9, 0.999], "amsgrad": false, "eps": "1e-8", "alpha": "None", "centered": "None"}, "training": {"epochs": 5, "batch_size": 64, "shuffle": true, "lr": 0.01}, "trainer": {"trainer_type": "standard", "save_path": "./.training_results/"}, "strategy": {"role": "client", "strategy_name": "sp_plus"}}}]}, "effective_client_rank_ratios": [0.7671, 0.8765, 0.25, 0.3727, 0.7391, 0.5244, 0.4526, 0.62, 1.0, 0.7326], "effective_client_share_model": [false, false, false, false, false, false, false, false, false, false], "rank_distribution": {"rank_ratio_list": [0.7671, 0.8765, 0.25, 0.3727, 0.7391, 0.5244, 0.4526, 0.62, 1.0, 0.7326]}, "rank_ratio_list": [0.7671, 0.8765, 0.25, 0.3727, 0.7391, 0.5244, 0.4526, 0.62, 1.0, 0.7326], "rank_ratio_list_str": "[0.7671, 0.8765, 0.25, 0.3727, 0.7391, 0.5244, 0.4526, 0.62, 1.0, 0.7326]", "epoch": 5, "batch_size": 64}

round,accuracy,average_loss,perplexity,precision,recall,f1_score,matthews_correlation,mcc,total_test_samples,invalid_label_samples,evaluation_status,canonicalization_layer_count,canonicalization_mean_effective_rank,canonicalization_maximum_singular_value,canonicalization_minimum_singular_value,canonicalization_maximum_core_reconstruction_error,canonicalization_maximum_factor_balance_error
0,0.1387,2.2952359375,9.926777835158054,0.04029133735731656,0.1387,0.05959255649524573,0.05059253730153242,0.05059253730153242,10000,0,evaluated,3.0,13.43487056096395,0.015282796695828438,-0.0,8.698053761690971e-07,1.0094888693856774e-06
1,0.1462,2.2900875,9.875801776023883,0.07011181926671863,0.14620000000000002,0.08483145313441083,0.05682652261320669,0.05682652261320669,10000,0,evaluated,3.0,13.248969872792562,0.017369674518704414,0.0,1.2853192856709938e-06,1.2096063528588274e-06
2,0.1516,2.28582265625,9.833772711943958,0.09448661065138855,0.1516,0.09604803293034928,0.06532948646515481,0.06532948646515481,10000,0,evaluated,3.0,13.029978434244791,0.020814552903175354,0.0,1.168154994957149e-06,1.1419153906899737e-06
3,0.1514,2.28193046875,9.795572214690965,0.10559431986674868,0.1514,0.09909925526096083,0.06645845701036555,0.06645845701036555,10000,0,evaluated,3.0,12.780609766642252,0.026256445795297623,0.0,1.0079377261718037e-06,7.767466740915552e-07
4,0.1543,2.2779984375,9.757131343511972,0.11052870101562187,0.1543,0.10309433573474958,0.0701170021443353,0.0701170021443353,10000,0,evaluated,3.0,12.50630553563436,0.034690309315919876,0.0,8.945613103605865e-07,7.289235099960933e-07
5,0.1588,2.27401640625,9.718355396346222,0.11760043231560666,0.1588,0.10854891527660855,0.07612692237653382,0.07612692237653382,10000,0,evaluated,3.0,12.215822696685791,0.04763961210846901,0.0,1.0147094826606917e-06,8.69450161644636e-07
6,0.1668,2.2698671875,9.678115354016693,0.13042333673908346,0.1668,0.11849556024559545,0.0854661179183814,0.0854661179183814,10000,0,evaluated,3.0,11.919998009999594,0.06744285672903061,0.0,8.644847753203067e-07,6.9578840111717e-07
7,0.1772,2.26553125,9.63624249537492,0.13602356841440624,0.17720000000000002,0.12880139930580783,0.09684549793242833,0.09684549793242833,10000,0,evaluated,3.0,11.629543860753378,0.09761292487382889,0.0,9.449329922972538e-07,1.003201987259672e-06
8,0.1913,2.26081171875,9.59087109786637,0.14433228845196142,0.1913,0.14111162240177422,0.1125333456752926,0.1125333456752926,10000,0,evaluated,3.0,11.351038058598837,0.14360468089580536,0.0,8.595152962698194e-07,1.1126559229523991e-06
9,0.2051,2.25533125,9.53845239925099,0.15261222744739436,0.2051,0.15387062526161022,0.12728016601081102,0.12728016601081102,10000,0,evaluated,3.0,11.087851206461588,0.21347977221012115,0.0,7.74160071159713e-07,1.2538142755147419e-06
10,0.2252,2.24867421875,9.475165508675339,0.16376071975280393,0.22519999999999998,0.17057776757398832,0.14864708457121853,0.14864708457121853,10000,0,evaluated,3.0,10.83918809890747,0.31963518261909485,0.0,9.828412430579192e-07,7.356741207331652e-07
11,0.2409,2.2401453125,9.394696355073783,0.22338588907784662,0.24089999999999998,0.1844459840077369,0.1649984684485835,0.1649984684485835,10000,0,evaluated,3.0,10.603504021962484,0.4790022671222687,0.0,9.178950222121784e-07,9.999217809308902e-07
12,0.2554,2.22882421875,9.288937897154737,0.2789101486610531,0.2554,0.19653078769525825,0.18072514863551234,0.18072514863551234,10000,0,evaluated,3.0,10.376659512519836,0.7157785296440125,0.0,7.712479259680549e-07,1.401829990754777e-06
13,0.2695,2.2135203125,9.147863113457593,0.2785824758009129,0.2695,0.21046924348353366,0.197731922690982,0.197731922690982,10000,0,evaluated,3.0,10.156397422154745,1.0564953088760376,0.0,7.881808983256633e-07,7.462782605216489e-07
14,0.2825,2.19351171875,8.966646229955792,0.31002398968080525,0.28250000000000003,0.22544992037713346,0.21531681387222398,0.21531681387222398,10000,0,evaluated,3.0,9.93805205821991,1.532456636428833,0.0,8.107298867798818e-07,7.813230240572011e-07
15,0.2919,2.16765703125,8.737787675477643,0.31893288477715664,0.29190000000000005,0.23895971228006346,0.23006965923848396,0.23006965923848396,10000,0,evaluated,3.0,9.717658440272013,2.1712381839752197,0.0,8.562608968532004e-07,8.455576221422234e-07
16,0.2913,2.1347984375,8.455342055207556,0.3243034046567258,0.2913,0.237223532674043,0.23155026700869832,0.23155026700869832,10000,0,evaluated,3.0,9.490354100863138,2.9988999366760254,0.0,1.0177438980463194e-06,8.679297707203659e-07
17,0.2898,2.09536171875,8.128380626195863,0.32043033147031846,0.28979999999999995,0.22893264512123648,0.23054977468281307,0.23054977468281307,10000,0,evaluated,3.0,9.251959085464478,4.034241676330566,0.0,9.40270808769128e-07,7.385970661744068e-07
18,0.2964,2.04923984375,7.761998531455242,0.4062497225115739,0.29639999999999994,0.22761172006594585,0.23811783993718427,0.23811783993718427,10000,0,evaluated,3.0,8.997611244519552,5.294219017028809,0.0,8.105089932541887e-07,8.897133625396236e-07
19,0.3034,1.99848828125,7.3778943631094105,0.38170926139722317,0.3034,0.22726815540818301,0.24625833410505382,0.24625833410505382,10000,0,evaluated,3.0,8.724488496780396,6.776203155517578,0.0,8.5387978288054e-07,9.578594699632959e-07
20,0.3084,1.94546484375,6.99688355679865,0.37386552589419375,0.3084,0.22744400512913102,0.25190195235529905,0.25190195235529905,10000,0,evaluated,3.0,8.432649175326029,8.450176239013672,0.0,7.619507300660189e-07,5.33365721366863e-07
21,0.3139,1.89261171875,6.636679205611617,0.37012732548224825,0.31389999999999996,0.22632408118550096,0.25815537739569033,0.25815537739569033,10000,0,evaluated,3.0,8.127732237180075,10.254746437072754,0.0,8.882619795258506e-07,8.736950576349045e-07
22,0.3259,1.842280078125,6.310911239709191,0.36939039805314844,0.3259,0.2357168825339533,0.27118628719305804,0.27118628719305804,10000,0,evaluated,3.0,7.819054087003072,12.117703437805176,0.0,7.451970986949163e-07,9.64743094300502e-07
23,0.3354,1.79398515625,6.013368994211314,0.3515529436400698,0.33540000000000003,0.24391878922254104,0.2814061221137119,0.2814061221137119,10000,0,evaluated,3.0,7.5146645704905195,13.984024047851562,0.0,8.69027076078055e-07,6.479157832472993e-07
24,0.3589,1.74872421875,5.7472657429664284,0.3592583779781676,0.3589,0.2662972739351636,0.3076644657321825,0.3076644657321825,10000,0,evaluated,3.0,7.224411964416504,15.805499076843262,0.0,9.847445880950545e-07,1.277461592508189e-06
25,0.3753,1.70560625,5.5047218934636435,0.36507813862145155,0.3753,0.2845757686125041,0.3259008368395421,0.3259008368395421,10000,0,evaluated,3.0,6.953059991200765,17.565261840820312,0.0,8.315055310958996e-07,9.68250674304727e-07
26,0.3922,1.663423046875,5.277344559514848,0.3794054187055128,0.3922,0.30335166321278745,0.3445155997420847,0.3445155997420847,10000,0,evaluated,3.0,6.700383901596069,19.25587272644043,0.0,1.0078682635139558e-06,9.303707884100731e-07
27,0.4057,1.623021484375,5.068381239009416,0.38282553594424135,0.40570000000000006,0.31793193887327603,0.3592742326261124,0.3592742326261124,10000,0,evaluated,3.0,6.469615658124288,20.870738983154297,0.0,8.115927698781888e-07,4.910332904728421e-07
28,0.4172,1.583244140625,4.870731546132573,0.37437186083410146,0.41719999999999996,0.3310486818932415,0.371538265675469,0.371538265675469,10000,0,evaluated,3.0,6.2574003140131635,22.420223236083984,0.0,8.413614978053374e-07,1.9282256289443467e-06
29,0.4271,1.544534765625,4.685791128732807,0.3863199192453709,0.4271000000000001,0.34320505553811653,0.38202048301576086,0.38202048301576086,10000,0,evaluated,3.0,6.062443931897481,23.909252166748047,0.0,8.100893182927393e-07,1.0365596381234354e-06
30,0.4382,1.507876953125,4.517130527161968,0.3891558759974336,0.4382,0.35675983926708904,0.39377812881413043,0.39377812881413043,10000,0,evaluated,3.0,5.883124351501465,25.34299659729004,0.0,8.799378861112928e-07,9.304696391154721e-07
31,0.4493,1.473223828125,4.36327895288732,0.40744024708019444,0.44930000000000003,0.37108183334557715,0.40592778120621203,0.40592778120621203,10000,0,evaluated,3.0,5.7170331080754595,26.735929489135742,0.0,9.747172953211702e-07,6.672587460343493e-07
32,0.4594,1.441381640625,4.226531332167197,0.4240515655681142,0.45940000000000003,0.38418039456895775,0.4170215311805982,0.4170215311805982,10000,0,evaluated,3.0,5.562117060025533,28.101049423217773,0.0,1.2867353689216543e-06,6.58385147289664e-07
33,0.467,1.410534375,4.098144765158043,0.42781988640208024,0.46699999999999997,0.39340741592120604,0.42513352715866254,0.42513352715866254,10000,0,evaluated,3.0,5.41683824857076,29.443431854248047,0.0,1.0867155424421071e-06,6.911689638400276e-07
34,0.4772,1.3829640625,3.986700962694739,0.43892563088949765,0.4772,0.40767909735539315,0.43596987783208935,0.43596987783208935,10000,0,evaluated,3.0,5.280739466349284,30.77240562438965,0.0,1.2743028037220938e-06,6.796078082516033e-07
35,0.486,1.356789453125,3.883704449316407,0.44633978503310356,0.48599999999999993,0.4188726501428984,0.445447991986588,0.445447991986588,10000,0,evaluated,3.0,5.1529146035512285,32.08898162841797,0.0,1.2697989859589143e-06,5.390972432905983e-07
36,0.4947,1.3329572265625,3.7922413387871767,0.44609534453570127,0.4946999999999999,0.43121581629745975,0.4546830938730191,0.4546830938730191,10000,0,evaluated,3.0,5.033342917760213,33.39620590209961,0.0,1.1807848068201565e-06,7.89856585470261e-07
37,0.5007,1.3111619140625,3.7104824702830306,0.44501469857547094,0.5007,0.43935383602343714,0.4610573210939314,0.4610573210939314,10000,0,evaluated,3.0,4.921118974685669,34.694000244140625,0.0,1.8956924350277404e-06,7.494844567190739e-07
38,0.5091,1.2904111328125,3.6342804205740684,0.4507598000017078,0.5090999999999999,0.4495424195010977,0.47016677736945367,0.47016677736945367,10000,0,evaluated,3.0,4.815564711888631,35.98087692260742,0.0,1.5545559790552943e-06,6.868992272757168e-07
39,0.5139,1.2714697265625,3.5660898897283775,0.4552195450843812,0.5139,0.45527547955146197,0.4756234182261487,0.4756234182261487,10000,0,evaluated,3.0,4.716417948404948,37.25607681274414,0.0,1.6663552742102183e-06,5.804914735563216e-07
40,0.5249,1.2543998046875,3.505733617888957,0.4624389162822252,0.5248999999999999,0.4689221199470303,0.4873962386290434,0.4873962386290434,10000,0,evaluated,3.0,4.622986714045207,38.524356842041016,0.0,1.637012019273243e-06,4.3650391035043867e-07
41,0.5307,1.23901328125,3.4522054278277237,0.4694368332823878,0.5307,0.4757629581738237,0.4942688921995908,0.4942688921995908,10000,0,evaluated,3.0,4.53501828511556,39.776241302490234,0.0,1.5285339713955182e-06,7.994701718416763e-07
42,0.5377,1.222739453125,3.3964794970073715,0.47307484130212085,0.5377,0.48412399157145164,0.5017263246245028,0.5017263246245028,10000,0,evaluated,3.0,4.451093673706055,41.020877838134766,0.0,1.8722546428762143e-06,5.049114975008706e-07
43,0.5404,1.20804443359375,3.3469330987058186,0.4761002663392902,0.5404,0.48693279724715854,0.5048284239833365,0.5048284239833365,10000,0,evaluated,3.0,4.37216333548228,42.242225646972656,0.0,1.8890804085458512e-06,1.1081631328124786e-06
44,0.5481,1.19456494140625,3.3021208419003982,0.5607885882710179,0.5481,0.4964684063518957,0.5134149425979562,0.5134149425979562,10000,0,evaluated,3.0,4.297603249549866,43.444366455078125,0.0,1.8067718201564276e-06,5.525717483578774e-07
45,0.5529,1.18149560546875,3.259245104310322,0.562737500176373,0.5529,0.5020517335853126,0.5187659539826969,0.5187659539826969,10000,0,evaluated,3.0,4.226888457934062,44.62700653076172,0.0,1.5998847402443062e-06,6.619571877308772e-07
46,0.5565,1.1698087890625,3.2213766171923544,0.5766994450912963,0.5565,0.5065793667662397,0.5228856672035221,0.5228856672035221,10000,0,evaluated,3.0,4.159957607587178,45.788291931152344,0.0,1.8319361743124318e-06,8.258450066023215e-07
47,0.5596,1.15863564453125,3.185584040832103,0.5695945155943508,0.5596,0.5108545556155921,0.526514421730825,0.526514421730825,10000,0,evaluated,3.0,4.097014586130778,46.919830322265625,0.0,2.138969875886687e-06,1.0774087968457025e-06
48,0.5605,1.1464607421875,3.147035007753874,0.5671423615312216,0.5605,0.5130514696296067,0.5274844012705371,0.5274844012705371,10000,0,evaluated,3.0,4.03738530476888,48.02863311767578,0.0,2.9615671337523963e-06,7.071153049764689e-07
49,0.5627,1.134907421875,3.1108855296240456,0.5785195004686992,0.5627000000000001,0.5165059776422776,0.5296865903608609,0.5296865903608609,10000,0,evaluated,3.0,3.981731732686361,49.1031608581543,0.0,2.367800334468484e-06,1.1000091717505711e-06
50,0.5659,1.12548740234375,3.0817185197586676,0.5949692509102359,0.5659000000000001,0.5201853886540483,0.5333989699063907,0.5333989699063907,10000,0,evaluated,3.0,3.9297072887420654,50.14836502075195,0.0,2.513061190256849e-06,6.905469831508526e-07
51,0.5685,1.116241845703125,3.053357624788758,0.6097841526000616,0.5685,0.5260549716094317,0.5364345919293936,0.5364345919293936,10000,0,evaluated,3.0,3.8812557061513266,51.15925979614258,0.0,2.5577253381925402e-06,5.234036279944121e-07
52,0.5718,1.105995947265625,3.0222329550587332,0.6154045662435835,0.5718,0.5297145800177572,0.5403315262250883,0.5403315262250883,10000,0,evaluated,3.0,3.8360113302866616,52.13904571533203,0.0,2.945285586974933e-06,6.955660296625865e-07
53,0.5747,1.098139013671875,2.998580510942131,0.6209930127865846,0.5747,0.5351723787804374,0.5433971954267898,0.5433971954267898,10000,0,evaluated,3.0,3.7947869300842285,53.07453155517578,0.0,2.810528712871019e-06,5.27683084783348e-07
54,0.5764,1.092077392578125,2.9804592297221384,0.6225924419956963,0.5763999999999999,0.5379691708469975,0.5454689541429198,0.5454689541429198,10000,0,evaluated,3.0,3.7564417918523154,53.976318359375,0.0,2.3825871267035836e-06,5.941497533967777e-07
55,0.5776,1.083396435546875,2.9546979691917934,0.6165159968567738,0.5776000000000001,0.5407712516589651,0.5464693567433183,0.5464693567433183,10000,0,evaluated,3.0,3.721528649330139,54.84247589111328,0.0,2.08239634957863e-06,5.170555823497125e-07
56,0.5771,1.07751201171875,2.9373623292060738,0.6225679954062342,0.5771000000000001,0.5381881040651618,0.5466836761967063,0.5466836761967063,10000,0,evaluated,3.0,3.68917449315389,55.677310943603516,0.0,2.5436747819185257e-06,4.2482420781198016e-07
57,0.581,1.0696824951171875,2.9144539996837087,0.6321944882483035,0.5810000000000001,0.5461964938844837,0.5504792436998391,0.5504792436998391,10000,0,evaluated,3.0,3.6601566076278687,56.46428680419922,0.0,2.6860116122406907e-06,6.269657433222164e-07
58,0.5798,1.0653977783203126,2.901993104445027,0.6384637283442575,0.5798,0.5440370846396906,0.5496128693848117,0.5496128693848117,10000,0,evaluated,3.0,3.633923888206482,57.221168518066406,0.0,2.9760515189991565e-06,4.40075694996267e-07
59,0.5826,1.05833447265625,2.881567660609099,0.6417853426931444,0.5826,0.5501614935698688,0.5522916297978266,0.5522916297978266,10000,0,evaluated,3.0,3.6100215117136636,57.942665100097656,0.0,2.503760242689168e-06,8.803276614344213e-07
60,0.584,1.052482666015625,2.8647545254239524,0.6528125769798538,0.5840000000000001,0.5517367840356598,0.5541209272874202,0.5541209272874202,10000,0,evaluated,3.0,3.5883872509002686,58.635536193847656,0.0,2.585799165899516e-06,7.569013291686133e-07
61,0.5832,1.0476932373046874,2.851066792226089,0.6434986398074747,0.5831999999999999,0.5507251977284181,0.5535604533085212,0.5535604533085212,10000,0,evaluated,3.0,3.5692636569341025,59.29579162597656,0.0,2.1002290395699674e-06,7.028900199657073e-07
62,0.5843,1.043001953125,2.8377229520344383,0.6452524817624272,0.5843,0.5523466029760259,0.5548360819113831,0.5548360819113831,10000,0,evaluated,3.0,3.5523293813069663,59.919761657714844,0.0,2.050976718237507e-06,1.4823543779129977e-06
63,0.5867,1.0380191650390624,2.823618349223889,0.6479446589057597,0.5867,0.5556737318071799,0.5576891534039453,0.5576891534039453,10000,0,evaluated,3.0,3.5369660456975303,60.52522277832031,0.0,2.331111318198964e-06,7.957480647746706e-07
64,0.5859,1.0357034790039064,2.8170873004916617,0.6530667262951045,0.5859,0.5551737572502053,0.5570283029017402,0.5570283029017402,10000,0,evaluated,3.0,3.5239658753077188,61.09232711791992,0.0,2.124342017850722e-06,8.098980401882727e-07
65,0.5928,1.0279612060546874,2.7953608562487817,0.6574605354829457,0.5928,0.5657781373482262,0.5638312242311314,0.5638312242311314,10000,0,evaluated,3.0,3.5123143196105957,61.638519287109375,0.0,1.7987318869927549e-06,1.1080704780397355e-06
66,0.5939,1.0229890258789063,2.7814963154764922,0.6539208081334376,0.5939,0.5681329292507994,0.5646424054587104,0.5646424054587104,10000,0,evaluated,3.0,3.502026081085205,62.1633415222168,0.0,2.645773747644853e-06,4.967331506122719e-07
67,0.5937,1.0211922485351563,2.7765030731308316,0.6573245185894535,0.5937,0.5674997698544809,0.5650859116015071,0.5650859116015071,10000,0,evaluated,3.0,3.4938332239786782,62.65675354003906,0.0,1.8893526885221945e-06,9.420145943295211e-07
68,0.5902,1.0215540405273438,2.777507771443917,0.6581658145013889,0.5902000000000001,0.5638491914240793,0.5617296212072375,0.5617296212072375,10000,0,evaluated,3.0,3.486488421758016,63.13450622558594,0.0,2.040547542492277e-06,1.1536099009390455e-06
69,0.5943,1.0144150268554688,2.757749715918988,0.6621287952802639,0.5942999999999999,0.569206943418338,0.5657792855145996,0.5657792855145996,10000,0,evaluated,3.0,3.480368971824646,63.590335845947266,0.0,1.7364992572765914e-06,5.578666559813428e-07
70,0.5961,1.0120138916015624,2.751135929330336,0.6609458083626465,0.5961,0.572305504187945,0.5676907831081089,0.5676907831081089,10000,0,evaluated,3.0,3.4753814935684204,64.0274429321289,0.0,1.6079419538073125e-06,1.0783502375488752e-06
71,0.5951,1.0101474365234375,2.7460058467280737,0.6621253060078709,0.5951000000000001,0.569558025578621,0.567355709237659,0.567355709237659,10000,0,evaluated,3.0,3.4717084964116416,64.44722747802734,0.0,2.287861661898205e-06,1.1243657809245633e-06
72,0.596,1.0050849304199219,2.732139304710939,0.6603309305264362,0.5960000000000001,0.5715566171990203,0.5679331512231356,0.5679331512231356,10000,0,evaluated,3.0,3.4689956108729043,64.84413146972656,0.0,2.087150733132148e-06,7.685952709834964e-07
73,0.6005,0.9999465026855469,2.718136411571037,0.6611095812270968,0.6005,0.5765538555225451,0.5730122313642597,0.5730122313642597,10000,0,evaluated,3.0,3.4668407837549844,65.2332763671875,0.0,1.8114495787813212e-06,1.091251874640875e-06
74,0.5986,0.9992130493164062,2.7161435161994394,0.6603047767505441,0.5986,0.5760338746759436,0.5703465348968169,0.5703465348968169,10000,0,evaluated,3.0,3.466367801030477,65.58953094482422,0.0,1.9702686131495284e-06,1.2574140555443591e-06
75,0.6002,0.9951196533203125,2.7050479898898456,0.6589137821887917,0.6002000000000001,0.578700218225751,0.5716921850685603,0.5716921850685603,10000,0,evaluated,3.0,3.4660362005233765,65.94688415527344,0.0,1.8864755020331359e-06,8.379454357054783e-07
76,0.6027,0.9904220764160157,2.692370618703433,0.6671901425582909,0.6027,0.5803068688692588,0.5751146518273145,0.5751146518273145,10000,0,evaluated,3.0,3.466708858807882,66.28466033935547,0.0,1.6557312392251333e-06,1.192893932966399e-06
77,0.6048,0.9881833251953125,2.686349812752255,0.6698281476874376,0.6047999999999999,0.5830659775594909,0.5773869474247755,0.5773869474247755,10000,0,evaluated,3.0,3.4680487712224326,66.61278533935547,0.0,1.7239558474102523e-06,4.4210580085746187e-07
78,0.6071,0.9823668884277343,2.6707701818226357,0.6683321281458182,0.6071,0.5852485841384493,0.5799301332297669,0.5799301332297669,10000,0,evaluated,3.0,3.4697789748509726,66.92874145507812,0.0,1.958554776138044e-06,6.869217941130046e-07
79,0.6106,0.9795941955566406,2.6633752131052906,0.6716390905950916,0.6106,0.5902121832829954,0.5833828761573199,0.5833828761573199,10000,0,evaluated,3.0,3.472217241923014,67.23033142089844,0.0,1.8014628722085035e-06,5.310705546435202e-07
80,0.6115,0.9767015747070312,2.6556822102678406,0.6705594000335997,0.6115,0.5918526855699006,0.584099833362626,0.584099833362626,10000,0,evaluated,3.0,3.4755415519078574,67.5114517211914,0.0,2.00060253519041e-06,6.014311111357529e-07
81,0.6102,0.9750291564941406,2.6512445108507503,0.6752384456016239,0.6102000000000001,0.5893004255023891,0.5836905270871723,0.5836905270871723,10000,0,evaluated,3.0,3.4787573417027793,67.79729461669922,0.0,2.390095005466719e-06,8.45746058075747e-07
82,0.6122,0.9731571838378906,2.646286096077815,0.6762017604319996,0.6122,0.5926447004795204,0.5853610743184766,0.5853610743184766,10000,0,evaluated,3.0,3.48269251982371,68.06639862060547,0.0,1.7138514749603928e-06,1.294933781537111e-06
83,0.6159,0.9653383728027344,2.6256759635114744,0.6765074412126005,0.6159,0.597262009072667,0.5890084544279454,0.5890084544279454,10000,0,evaluated,3.0,3.487148880958557,68.32878112792969,0.0,1.987142695725197e-06,6.13491806689126e-07
84,0.6181,0.9622973205566406,2.6177032745512423,0.6749451228314775,0.6181000000000001,0.6003348889340528,0.5909441225867583,0.5909441225867583,10000,0,evaluated,3.0,3.4918837944666543,68.58100128173828,0.0,1.7054964018825558e-06,4.73163368042151e-07
85,0.621,0.957648324584961,2.6055618272106056,0.6780069647605539,0.6209999999999999,0.6031755101882473,0.5941928294026804,0.5941928294026804,10000,0,evaluated,3.0,3.4972306887308755,68.8189926147461,0.0,1.4412986502065905e-06,3.0968621445026656e-07
86,0.621,0.955557861328125,2.600120685182649,0.6785025412055412,0.621,0.6033375850948774,0.594228008185015,0.594228008185015,10000,0,evaluated,3.0,3.502608895301819,69.0530776977539,0.0,1.8517073385737604e-06,4.895647407465731e-07
87,0.6176,0.9559292785644531,2.6010865941881813,0.6760081371239565,0.6176,0.5990038622228261,0.590968643190155,0.590968643190155,10000,0,evaluated,3.0,3.5085312128067017,69.28118896484375,0.0,1.998924517465639e-06,1.5613558161930996e-06
88,0.6266,0.9452378845214844,2.57342548387006,0.6806285185883476,0.6265999999999999,0.6093727700061028,0.599951645822871,0.599951645822871,10000,0,evaluated,3.0,3.5144457817077637,69.49980926513672,0.0,1.7900725879371748e-06,1.3893178447688115e-06
89,0.6273,0.9430705780029297,2.567854121649507,0.6794599582017443,0.6273000000000001,0.61081655293475,0.6002181034100229,0.6002181034100229,10000,0,evaluated,3.0,3.5207804441452026,69.71122741699219,0.0,1.976164185180096e-06,1.0157306178371073e-06
90,0.6268,0.9421485900878906,2.565487682263656,0.6799320248939023,0.6268,0.6103549112448774,0.5998438709254964,0.5998438709254964,10000,0,evaluated,3.0,3.527446150779724,69.91595458984375,0.0,2.4417568056378514e-06,4.302384297716344e-07
91,0.6292,0.9374618988037109,2.5534921651032443,0.6816206059483235,0.6292,0.6127047256051569,0.6024457142510095,0.6024457142510095,10000,0,evaluated,3.0,3.5344035228093467,70.11327362060547,0.0,1.6838133660712629e-06,8.923221912482404e-07
92,0.6359,0.9286333770751953,2.531047824993237,0.6821062319399384,0.6359,0.6199528012202998,0.6087271195157039,0.6087271195157039,10000,0,evaluated,3.0,3.5408982038497925,70.31305694580078,0.0,1.6443997310489067e-06,4.863971980739734e-07
93,0.6346,0.9301081268310547,2.5347832408800386,0.6865221143882644,0.6346,0.6185586356852691,0.6081443106960681,0.6081443106960681,10000,0,evaluated,3.0,3.5481266180674234,70.5031967163086,0.0,1.6419346593465889e-06,8.943403599914745e-07
94,0.6333,0.928950537109375,2.531850699521048,0.6838690378923236,0.6333,0.6173765734926462,0.6065280148647245,0.6065280148647245,10000,0,evaluated,3.0,3.5555515686670938,70.68245697021484,0.0,1.505297973380948e-06,3.982461578289076e-07
95,0.6383,0.9215616760253906,2.513212150041328,0.683793209044495,0.6382999999999999,0.6226163344284461,0.6115829951463819,0.6115829951463819,10000,0,evaluated,3.0,3.5633395512898765,70.8534164428711,0.0,1.6920970438150107e-06,3.127441630113026e-07
96,0.6395,0.9192422698974609,2.5073897452506158,0.6867687764630594,0.6395,0.6241736847955777,0.6127203441701843,0.6127203441701843,10000,0,evaluated,3.0,3.5710538625717163,71.02006530761719,0.0,2.4173389192583272e-06,5.489490604304592e-07
97,0.6424,0.9150513397216797,2.496903438941933,0.6886594016983896,0.6424,0.6274374641889575,0.6158063865038401,0.6158063865038401,10000,0,evaluated,3.0,3.5789798498153687,71.18287658691406,0.0,1.608270508768328e-06,9.714614179756609e-07
98,0.6471,0.9092090652465821,2.4823583732181262,0.6877314744530214,0.6471,0.6320118182259613,0.6200077147895436,0.6200077147895436,10000,0,evaluated,3.0,3.587066372235616,71.3429183959961,0.0,1.8818947182808188e-06,6.496648552456463e-07
99,0.649,0.9041932312011719,2.4699384497532786,0.6915065252910793,0.6489999999999999,0.634889427429866,0.622173469197531,0.622173469197531,10000,0,evaluated,3.0,3.5950582027435303,71.49987030029297,0.0,1.7725297993820277e-06,6.504001817120297e-07
100,0.6539,0.8992306976318359,2.4577116603008884,0.692047356285477,0.6538999999999999,0.639747835009822,0.6267634112444168,0.6267634112444168,10000,0,evaluated,3.0,3.6033536195755005,71.64981842041016,0.0,1.8076322021443048e-06,6.38982555756229e-07
