Config,{"general": {"device": "cuda:0", "training_rounds": 100, "train_optimization": {"cudnn_benchmark": true, "pin_memory": true, "fused_optimizer": false, "torch_compile": false, "non_blocking_transfer": true}}, "dataset": "fmnist", "model": "simple_lora_mlp", "loss_function": "CrossEntropyLoss", "aggregation": "sp_plus", "client_selection": {"method": "random", "round": 1, "client_selection_round": 1, "number": 10, "random_seed": 42}, "hyperparameters": {"training_rounds": 100, "local_epochs": 5, "selected_clients": 10, "client_selection_round": 1, "client_selection_method": "random", "optimizer": "SGD", "lr": 0.01, "momentum": 0.0, "weight_decay": 0.0001, "nesterov": false, "batch_size": 64, "shuffle": true, "trainer_type": "standard", "rank_ratio_list": [0.25, 0.2794, 0.3125, 0.3504, 0.3946, 0.4476, 0.5138, 0.6022, 0.7347, 1.0]}, "effective_yaml": {"server_yaml": {"role": "server", "general": {"device": "cuda:0", "training_rounds": 100, "train_optimization": {"cudnn_benchmark": true, "pin_memory": true, "fused_optimizer": false, "torch_compile": false, "non_blocking_transfer": true}}, "training_logger": {"name": "train", "path": "./experiment_results/", "prefix": "fmnist_double_imbalance_rank_correct_rbla_plus_", "save_weights": false}, "data_loader": {"name": "fmnist", "root": "../.dataset", "split": "", "batch_size": 64, "shuffle": true, "num_workers": 0, "is_download": true, "is_load_train_set": true, "is_load_test_set": true, "task_type": "cv"}, "nn_model": {"name": "simple_lora_mlp", "input_dim": 0, "hidden_dim": 0, "output_dim": 0, "softmax_dim": 1, "lora_mode": "standard", "rank_ratio": 1.0, "cap_lora_rank_to_matrix_dim": true, "share_model": false}, "loss_func": {"type": "CrossEntropyLoss", "reduction": "mean", "weight": "None"}, "optimizer": {"type": "SGD", "lr": 0.01, "weight_decay": 0.0001, "momentum": 0.0, "nesterov": false, "betas": [0.9, 0.999], "amsgrad": false, "eps": "1e-8", "alpha": "None", "centered": "None"}, "training": {"epochs": 5, "batch_size": 64, "shuffle": true, "lr": 0.01}, "trainer": {"trainer_type": "standard", "save_path": "./.training_results/"}, "data_distribution": {"use": "fmnist_double_imbalance", "custom_define": {"fmnist_double_imbalance": [[600, 0, 0, 0, 0, 0, 0, 0, 0, 0], [600, 666, 0, 0, 0, 0, 0, 0, 0, 0], [600, 666, 750, 0, 0, 0, 0, 0, 0, 0], [600, 666, 750, 857, 0, 0, 0, 0, 0, 0], [600, 666, 750, 857, 1000, 0, 0, 0, 0, 0], [600, 666, 750, 857, 1000, 1200, 0, 0, 0, 0], [600, 666, 750, 857, 1000, 1200, 1500, 0, 0, 0], [600, 666, 750, 857, 1000, 1200, 1500, 2000, 0, 0], [600, 666, 750, 857, 1000, 1200, 1500, 2000, 3000, 0], [600, 672, 750, 858, 1000, 1200, 1500, 2000, 3000, 6000]]}}, "client_selection": {"method": "random", "round": 1, "client_selection_round": 1, "number": 10, "random_seed": 42}, "strategy": {"role": "server", "strategy_name": "sp_plus"}, "aggregation": {"method": "sp_plus", "device": "cpu", "is_wbab": false, "pad_mode": "nan"}, "canonicalization": {"enabled": true, "start_round": 0, "interval": 1, "deterministic_sign": true, "svd_fallback": true, "log_diagnostics": true, "ordering": "singular_value", "activation_chunk_size": 4096, "activation_fallback": true}, "rank_distribution": {"rank_ratio_list": [0.25, 0.2794, 0.3125, 0.3504, 0.3946, 0.4476, 0.5138, 0.6022, 0.7347, 1.0]}, "lora_inference": {"device": "cpu", "lora_mode": "standard", "scaling": 0.5, "rank_ratio": 1, "use_bias": true, "alpha": 0}}, "client_yamls": [{"index": 0, "node_id": "client.1", "yaml": {"role": "client", "training_logger": {"name": "train", "path": "./experiment_results/", "prefix": "", "save_weights": false}, "data_loader": {"name": "fmnist", "root": "../.dataset", "split": "", "batch_size": 64, "shuffle": true, "num_workers": 0, "is_download": true, "is_load_train_set": true, "is_load_test_set": true, "task_type": "cv"}, "nn_model": {"name": "simple_lora_mlp", "input_dim": 0, "hidden_dim": 0, "output_dim": 0, "softmax_dim": 1, "lora_mode": "standard", "rank_ratio": 0.25, "cap_lora_rank_to_matrix_dim": true, "share_model": false}, "loss_func": {"type": "CrossEntropyLoss", "reduction": "mean", "weight": "None"}, "optimizer": {"type": "SGD", "lr": 0.01, "weight_decay": 0.0001, "momentum": 0.0, "nesterov": false, "betas": [0.9, 0.999], "amsgrad": false, "eps": "1e-8", "alpha": "None", "centered": "None"}, "training": {"epochs": 5, "batch_size": 64, "shuffle": true, "lr": 0.01}, "trainer": {"trainer_type": "standard", "save_path": "./.training_results/"}, "strategy": {"role": "client", "strategy_name": "sp_plus"}}}, {"index": 1, "node_id": "client.2", "yaml": {"role": "client", "training_logger": {"name": "train", "path": "./experiment_results/", "prefix": "", "save_weights": false}, "data_loader": {"name": "fmnist", "root": "../.dataset", "split": "", "batch_size": 64, "shuffle": true, "num_workers": 0, "is_download": true, "is_load_train_set": true, "is_load_test_set": true, "task_type": "cv"}, "nn_model": {"name": "simple_lora_mlp", "input_dim": 0, "hidden_dim": 0, "output_dim": 0, "softmax_dim": 1, "lora_mode": "standard", "rank_ratio": 0.2794, "cap_lora_rank_to_matrix_dim": true, "share_model": false}, "loss_func": {"type": "CrossEntropyLoss", "reduction": "mean", "weight": "None"}, "optimizer": {"type": "SGD", "lr": 0.01, "weight_decay": 0.0001, "momentum": 0.0, "nesterov": false, "betas": [0.9, 0.999], "amsgrad": false, "eps": "1e-8", "alpha": "None", "centered": "None"}, "training": {"epochs": 5, "batch_size": 64, "shuffle": true, "lr": 0.01}, "trainer": {"trainer_type": "standard", "save_path": "./.training_results/"}, "strategy": {"role": "client", "strategy_name": "sp_plus"}}}, {"index": 2, "node_id": "client.3", "yaml": {"role": "client", "training_logger": {"name": "train", "path": "./experiment_results/", "prefix": "", "save_weights": false}, "data_loader": {"name": "fmnist", "root": "../.dataset", "split": "", "batch_size": 64, "shuffle": true, "num_workers": 0, "is_download": true, "is_load_train_set": true, "is_load_test_set": true, "task_type": "cv"}, "nn_model": {"name": "simple_lora_mlp", "input_dim": 0, "hidden_dim": 0, "output_dim": 0, "softmax_dim": 1, "lora_mode": "standard", "rank_ratio": 0.3125, "cap_lora_rank_to_matrix_dim": true, "share_model": false}, "loss_func": {"type": "CrossEntropyLoss", "reduction": "mean", "weight": "None"}, "optimizer": {"type": "SGD", "lr": 0.01, "weight_decay": 0.0001, "momentum": 0.0, "nesterov": false, "betas": [0.9, 0.999], "amsgrad": false, "eps": "1e-8", "alpha": "None", "centered": "None"}, "training": {"epochs": 5, "batch_size": 64, "shuffle": true, "lr": 0.01}, "trainer": {"trainer_type": "standard", "save_path": "./.training_results/"}, "strategy": {"role": "client", "strategy_name": "sp_plus"}}}, {"index": 3, "node_id": "client.4", "yaml": {"role": "client", "training_logger": {"name": "train", "path": "./experiment_results/", "prefix": "", "save_weights": false}, "data_loader": {"name": "fmnist", "root": "../.dataset", "split": "", "batch_size": 64, "shuffle": true, "num_workers": 0, "is_download": true, "is_load_train_set": true, "is_load_test_set": true, "task_type": "cv"}, "nn_model": {"name": "simple_lora_mlp", "input_dim": 0, "hidden_dim": 0, "output_dim": 0, "softmax_dim": 1, "lora_mode": "standard", "rank_ratio": 0.3504, "cap_lora_rank_to_matrix_dim": true, "share_model": false}, "loss_func": {"type": "CrossEntropyLoss", "reduction": "mean", "weight": "None"}, "optimizer": {"type": "SGD", "lr": 0.01, "weight_decay": 0.0001, "momentum": 0.0, "nesterov": false, "betas": [0.9, 0.999], "amsgrad": false, "eps": "1e-8", "alpha": "None", "centered": "None"}, "training": {"epochs": 5, "batch_size": 64, "shuffle": true, "lr": 0.01}, "trainer": {"trainer_type": "standard", "save_path": "./.training_results/"}, "strategy": {"role": "client", "strategy_name": "sp_plus"}}}, {"index": 4, "node_id": "client.5", "yaml": {"role": "client", "training_logger": {"name": "train", "path": "./experiment_results/", "prefix": "", "save_weights": false}, "data_loader": {"name": "fmnist", "root": "../.dataset", "split": "", "batch_size": 64, "shuffle": true, "num_workers": 0, "is_download": true, "is_load_train_set": true, "is_load_test_set": true, "task_type": "cv"}, "nn_model": {"name": "simple_lora_mlp", "input_dim": 0, "hidden_dim": 0, "output_dim": 0, "softmax_dim": 1, "lora_mode": "standard", "rank_ratio": 0.3946, "cap_lora_rank_to_matrix_dim": true, "share_model": false}, "loss_func": {"type": "CrossEntropyLoss", "reduction": "mean", "weight": "None"}, "optimizer": {"type": "SGD", "lr": 0.01, "weight_decay": 0.0001, "momentum": 0.0, "nesterov": false, "betas": [0.9, 0.999], "amsgrad": false, "eps": "1e-8", "alpha": "None", "centered": "None"}, "training": {"epochs": 5, "batch_size": 64, "shuffle": true, "lr": 0.01}, "trainer": {"trainer_type": "standard", "save_path": "./.training_results/"}, "strategy": {"role": "client", "strategy_name": "sp_plus"}}}, {"index": 5, "node_id": "client.6", "yaml": {"role": "client", "training_logger": {"name": "train", "path": "./experiment_results/", "prefix": "", "save_weights": false}, "data_loader": {"name": "fmnist", "root": "../.dataset", "split": "", "batch_size": 64, "shuffle": true, "num_workers": 0, "is_download": true, "is_load_train_set": true, "is_load_test_set": true, "task_type": "cv"}, "nn_model": {"name": "simple_lora_mlp", "input_dim": 0, "hidden_dim": 0, "output_dim": 0, "softmax_dim": 1, "lora_mode": "standard", "rank_ratio": 0.4476, "cap_lora_rank_to_matrix_dim": true, "share_model": false}, "loss_func": {"type": "CrossEntropyLoss", "reduction": "mean", "weight": "None"}, "optimizer": {"type": "SGD", "lr": 0.01, "weight_decay": 0.0001, "momentum": 0.0, "nesterov": false, "betas": [0.9, 0.999], "amsgrad": false, "eps": "1e-8", "alpha": "None", "centered": "None"}, "training": {"epochs": 5, "batch_size": 64, "shuffle": true, "lr": 0.01}, "trainer": {"trainer_type": "standard", "save_path": "./.training_results/"}, "strategy": {"role": "client", "strategy_name": "sp_plus"}}}, {"index": 6, "node_id": "client.7", "yaml": {"role": "client", "training_logger": {"name": "train", "path": "./experiment_results/", "prefix": "", "save_weights": false}, "data_loader": {"name": "fmnist", "root": "../.dataset", "split": "", "batch_size": 64, "shuffle": true, "num_workers": 0, "is_download": true, "is_load_train_set": true, "is_load_test_set": true, "task_type": "cv"}, "nn_model": {"name": "simple_lora_mlp", "input_dim": 0, "hidden_dim": 0, "output_dim": 0, "softmax_dim": 1, "lora_mode": "standard", "rank_ratio": 0.5138, "cap_lora_rank_to_matrix_dim": true, "share_model": false}, "loss_func": {"type": "CrossEntropyLoss", "reduction": "mean", "weight": "None"}, "optimizer": {"type": "SGD", "lr": 0.01, "weight_decay": 0.0001, "momentum": 0.0, "nesterov": false, "betas": [0.9, 0.999], "amsgrad": false, "eps": "1e-8", "alpha": "None", "centered": "None"}, "training": {"epochs": 5, "batch_size": 64, "shuffle": true, "lr": 0.01}, "trainer": {"trainer_type": "standard", "save_path": "./.training_results/"}, "strategy": {"role": "client", "strategy_name": "sp_plus"}}}, {"index": 7, "node_id": "client.8", "yaml": {"role": "client", "training_logger": {"name": "train", "path": "./experiment_results/", "prefix": "", "save_weights": false}, "data_loader": {"name": "fmnist", "root": "../.dataset", "split": "", "batch_size": 64, "shuffle": true, "num_workers": 0, "is_download": true, "is_load_train_set": true, "is_load_test_set": true, "task_type": "cv"}, "nn_model": {"name": "simple_lora_mlp", "input_dim": 0, "hidden_dim": 0, "output_dim": 0, "softmax_dim": 1, "lora_mode": "standard", "rank_ratio": 0.6022, "cap_lora_rank_to_matrix_dim": true, "share_model": false}, "loss_func": {"type": "CrossEntropyLoss", "reduction": "mean", "weight": "None"}, "optimizer": {"type": "SGD", "lr": 0.01, "weight_decay": 0.0001, "momentum": 0.0, "nesterov": false, "betas": [0.9, 0.999], "amsgrad": false, "eps": "1e-8", "alpha": "None", "centered": "None"}, "training": {"epochs": 5, "batch_size": 64, "shuffle": true, "lr": 0.01}, "trainer": {"trainer_type": "standard", "save_path": "./.training_results/"}, "strategy": {"role": "client", "strategy_name": "sp_plus"}}}, {"index": 8, "node_id": "client.9", "yaml": {"role": "client", "training_logger": {"name": "train", "path": "./experiment_results/", "prefix": "", "save_weights": false}, "data_loader": {"name": "fmnist", "root": "../.dataset", "split": "", "batch_size": 64, "shuffle": true, "num_workers": 0, "is_download": true, "is_load_train_set": true, "is_load_test_set": true, "task_type": "cv"}, "nn_model": {"name": "simple_lora_mlp", "input_dim": 0, "hidden_dim": 0, "output_dim": 0, "softmax_dim": 1, "lora_mode": "standard", "rank_ratio": 0.7347, "cap_lora_rank_to_matrix_dim": true, "share_model": false}, "loss_func": {"type": "CrossEntropyLoss", "reduction": "mean", "weight": "None"}, "optimizer": {"type": "SGD", "lr": 0.01, "weight_decay": 0.0001, "momentum": 0.0, "nesterov": false, "betas": [0.9, 0.999], "amsgrad": false, "eps": "1e-8", "alpha": "None", "centered": "None"}, "training": {"epochs": 5, "batch_size": 64, "shuffle": true, "lr": 0.01}, "trainer": {"trainer_type": "standard", "save_path": "./.training_results/"}, "strategy": {"role": "client", "strategy_name": "sp_plus"}}}, {"index": 9, "node_id": "client.10", "yaml": {"role": "client", "training_logger": {"name": "train", "path": "./experiment_results/", "prefix": "", "save_weights": false}, "data_loader": {"name": "fmnist", "root": "../.dataset", "split": "", "batch_size": 64, "shuffle": true, "num_workers": 0, "is_download": true, "is_load_train_set": true, "is_load_test_set": true, "task_type": "cv"}, "nn_model": {"name": "simple_lora_mlp", "input_dim": 0, "hidden_dim": 0, "output_dim": 0, "softmax_dim": 1, "lora_mode": "standard", "rank_ratio": 1.0, "cap_lora_rank_to_matrix_dim": true, "share_model": false}, "loss_func": {"type": "CrossEntropyLoss", "reduction": "mean", "weight": "None"}, "optimizer": {"type": "SGD", "lr": 0.01, "weight_decay": 0.0001, "momentum": 0.0, "nesterov": false, "betas": [0.9, 0.999], "amsgrad": false, "eps": "1e-8", "alpha": "None", "centered": "None"}, "training": {"epochs": 5, "batch_size": 64, "shuffle": true, "lr": 0.01}, "trainer": {"trainer_type": "standard", "save_path": "./.training_results/"}, "strategy": {"role": "client", "strategy_name": "sp_plus"}}}]}, "effective_client_rank_ratios": [0.25, 0.2794, 0.3125, 0.3504, 0.3946, 0.4476, 0.5138, 0.6022, 0.7347, 1.0], "effective_client_share_model": [false, false, false, false, false, false, false, false, false, false], "rank_distribution": {"rank_ratio_list": [0.25, 0.2794, 0.3125, 0.3504, 0.3946, 0.4476, 0.5138, 0.6022, 0.7347, 1.0]}, "rank_ratio_list": [0.25, 0.2794, 0.3125, 0.3504, 0.3946, 0.4476, 0.5138, 0.6022, 0.7347, 1.0], "rank_ratio_list_str": "[0.25, 0.2794, 0.3125, 0.3504, 0.3946, 0.4476, 0.5138, 0.6022, 0.7347, 1.0]", "epoch": 5, "batch_size": 64}

round,accuracy,average_loss,perplexity,precision,recall,f1_score,matthews_correlation,mcc,total_test_samples,invalid_label_samples,evaluation_status,canonicalization_layer_count,canonicalization_mean_effective_rank,canonicalization_maximum_singular_value,canonicalization_minimum_singular_value,canonicalization_maximum_core_reconstruction_error,canonicalization_maximum_factor_balance_error
0,0.1577,2.29658984375,9.940226864019142,0.07912797882288473,0.1577,0.06823341168798783,0.08789908495786937,0.08789908495786937,10000,0,evaluated,3.0,11.63959010442098,0.02450200729072094,1.4510168622194897e-09,1.06444042557996e-06,7.76817387304618e-07
1,0.156,2.29485,9.922947458527828,0.11664670731956872,0.156,0.07805708900893145,0.08429338757123636,0.08429338757123636,10000,0,evaluated,3.0,11.399175326029459,0.03034631907939911,1.4487709920629754e-09,9.91573756436992e-07,1.0257317626383156e-06
2,0.1654,2.29185859375,9.893308245048422,0.14604915740465613,0.16540000000000002,0.06774828735570428,0.0974073754609669,0.0974073754609669,10000,0,evaluated,3.0,11.1104367574056,0.04212276265025139,1.4465355580028927e-09,1.152841150542372e-06,8.764734502619831e-07
3,0.177,2.2874703125,9.849988744569055,0.16815074634948596,0.177,0.0740972606243489,0.11366272508567707,0.11366272508567707,10000,0,evaluated,3.0,10.791595141092936,0.06477884203195572,1.4443305440536847e-09,1.1532636108313454e-06,1.1068137837355607e-06
4,0.1867,2.281721875,9.793529132643787,0.17374728397168152,0.1867,0.08307886682496773,0.12734589812239464,0.12734589812239464,10000,0,evaluated,3.0,10.468899408976236,0.10738062858581543,1.4421739358283503e-09,8.11823042567994e-07,9.584509825799614e-07
5,0.194,2.27433046875,9.721408046674295,0.16203559937210568,0.194,0.09101069202093366,0.13731016102941634,0.13731016102941634,10000,0,evaluated,3.0,10.16427731513977,0.18684130907058716,1.4400824976945614e-09,1.0207103287029895e-06,9.261263471671555e-07
6,0.2015,2.26411171875,9.622573252274405,0.16579550744037083,0.20149999999999996,0.09923945921141453,0.1474348534344918,0.1474348534344918,10000,0,evaluated,3.0,9.888377825419107,0.3342604339122772,1.4380657775703298e-09,9.880719744614908e-07,8.912388693715911e-07
7,0.2046,2.24917578125,9.47991908838479,0.1799478136486538,0.20459999999999998,0.10316401734523004,0.1512967267972068,0.1512967267972068,10000,0,evaluated,3.0,9.640774488449097,0.6051341891288757,1.4361406508456298e-09,1.0600916766634327e-06,1.01029309007572e-06
8,0.202,2.22566015625,9.259593565220872,0.16631696911157054,0.202,0.10134173553271004,0.1455157437632945,0.1455157437632945,10000,0,evaluated,3.0,9.414701700210571,1.0925731658935547,1.4343302101593736e-09,1.0358971849200316e-06,1.0311547384844744e-06
9,0.2016,2.18802109375,8.917548649545845,0.14326846411691332,0.2016,0.10362166709285833,0.13675096447268306,0.13675096447268306,10000,0,evaluated,3.0,9.201074004173279,1.9348021745681763,1.4326597685965226e-09,1.0812435675688903e-06,1.1824078001154703e-06
10,0.2194,2.1304015625,8.41824658494383,0.1610185173140301,0.21940000000000004,0.11478038437393767,0.15332936677148687,0.15332936677148687,10000,0,evaluated,3.0,8.989802360534668,3.2981584072113037,1.4311531959521062e-09,1.1332308531564195e-06,1.2481714293244295e-06
11,0.2634,2.052259375,7.7854715495044555,0.23346369708507225,0.26339999999999997,0.1624672262313525,0.21563731528488278,0.21563731528488278,10000,0,evaluated,3.0,8.770057360331217,5.317599773406982,1.4298147110736181e-09,1.0826420293597039e-06,1.1498249250507797e-06
12,0.2751,1.96373203125,7.1258714770958695,0.24283471076354282,0.2751,0.18395663351690364,0.2220506423116358,0.2220506423116358,10000,0,evaluated,3.0,8.534165819485983,7.961958885192871,1.4286238858574052e-09,1.0411125686005107e-06,8.123274710669648e-07
13,0.2777,1.87692890625,6.533409307828443,0.2435318751209808,0.27769999999999995,0.18933475551477202,0.2189980139771513,0.2189980139771513,10000,0,evaluated,3.0,8.28109610080719,10.978142738342285,1.4275116644313357e-09,1.5166514231168549e-06,9.509416258879355e-07
14,0.2897,1.7986515625,6.041495390426516,0.2593962253168164,0.2897,0.2070725910232128,0.22919102095831725,0.22919102095831725,10000,0,evaluated,3.0,8.014766534169516,14.081890106201172,1.4264093239901854e-09,9.891971330944216e-07,9.704978083391325e-07
15,0.3269,1.7295015625,5.637843095561301,0.33109401171664055,0.3269,0.2564406991876199,0.2671880865520551,0.2671880865520551,10000,0,evaluated,3.0,7.741678277651469,17.095909118652344,1.4252632407618648e-09,8.457034255116014e-07,1.1693513215504936e-06
16,0.3699,1.667509375,5.298953641844981,0.34943098287487395,0.3699,0.30864041457995817,0.3144197545512803,0.3144197545512803,10000,0,evaluated,3.0,7.465957562128703,19.96888542175293,1.4240391088549131e-09,8.182594228856033e-07,1.2413975127856247e-06
17,0.4058,1.61066328125,5.006130599435077,0.3777892658390586,0.4058,0.35406129864760605,0.3532835549571916,0.3532835549571916,10000,0,evaluated,3.0,7.1914985577265425,22.702346801757812,1.4227330424887441e-09,1.1280818625891698e-06,1.3328262866707519e-06
18,0.4327,1.5580390625,4.749498637615144,0.3980672793021656,0.4327000000000001,0.38522274852996874,0.3821193974113512,0.3821193974113512,10000,0,evaluated,3.0,6.921320199966431,25.315439224243164,1.4213605847857025e-09,1.199338612423162e-06,6.744465963492985e-07
19,0.4555,1.510215234375,4.527705207247377,0.4122709673414414,0.45549999999999996,0.4072920949818986,0.40736920333440485,0.40736920333440485,10000,0,evaluated,3.0,6.659151156743367,27.833419799804688,1.419935835578201e-09,8.709612870916317e-07,8.370499244847451e-07
20,0.4781,1.4644013671875,4.3249534061768005,0.4256232973211752,0.47809999999999997,0.4276665139361605,0.43268305234176685,0.43268305234176685,10000,0,evaluated,3.0,6.407848676045735,30.276185989379883,1.4184767804792386e-09,1.0540270523051731e-06,4.921275262859126e-07
21,0.489,1.42351015625,4.151667896406981,0.43190307834398833,0.489,0.4375566906576068,0.4449295229433406,0.4449295229433406,10000,0,evaluated,3.0,6.171743392944336,32.6513671875,1.4169954098974813e-09,9.82212441158481e-07,9.238213465323497e-07
22,0.4969,1.383913671875,3.990488569393025,0.4364915600716356,0.49689999999999995,0.44582670866738533,0.4533673535198586,0.4533673535198586,10000,0,evaluated,3.0,5.9523342450459795,34.96444320678711,1.4155042693531072e-09,7.292297254934965e-07,6.459333690145286e-07
23,0.504,1.34945498046875,3.8553237312553024,0.4408653332504688,0.504,0.4523117478660804,0.46120795385766306,0.46120795385766306,10000,0,evaluated,3.0,5.752482573191325,37.21791458129883,1.4140069115597953e-09,9.741588655742817e-07,7.941525268506666e-07
24,0.5105,1.31892412109375,3.73939607492108,0.4954241376327304,0.5105000000000001,0.459011458247117,0.4682119001759931,0.4682119001759931,10000,0,evaluated,3.0,5.572118679682414,39.40983200073242,1.412507555365039e-09,9.562132845530869e-07,7.334810447900963e-07
25,0.514,1.29012021484375,3.6332232968718428,0.47850035215667186,0.514,0.4631903207944005,0.4720423614931001,0.4720423614931001,10000,0,evaluated,3.0,5.411317666371663,41.53461456298828,1.4110083101925852e-09,9.876254125629202e-07,9.662709317126428e-07
26,0.5207,1.2634328125,3.5375443942432163,0.49927379790240944,0.5206999999999999,0.4721915709550092,0.4789503991315987,0.4789503991315987,10000,0,evaluated,3.0,5.2683470249176025,43.594905853271484,1.4095110634215757e-09,1.6336173302988755e-06,8.031937568375724e-07
27,0.5282,1.240003515625,3.4556256134251178,0.519469552215474,0.5282,0.48262702651149747,0.48676493226171835,0.48676493226171835,10000,0,evaluated,3.0,5.141680637995402,45.58890151977539,1.4080112631376096e-09,1.2279132306503016e-06,8.312782142638753e-07
28,0.5354,1.21769345703125,3.379384042804334,0.5290497560591534,0.5353999999999999,0.49460546578368997,0.49422180343723576,0.49422180343723576,10000,0,evaluated,3.0,5.029405117034912,47.5147705078125,1.4065087983183844e-09,1.4877552985126385e-06,9.17154011403909e-07
29,0.5417,1.1974455078125,3.311646533373634,0.5819578697235663,0.5417,0.5038618294020047,0.5007568525769271,0.5007568525769271,10000,0,evaluated,3.0,4.929872274398804,49.370399475097656,1.4049961194473326e-09,1.4135258652459015e-06,7.963376447150949e-07
30,0.5477,1.17836025390625,3.249042228239887,0.5599534333045845,0.5477000000000001,0.5123644261828181,0.5068715330379694,0.5068715330379694,10000,0,evaluated,3.0,4.8409519990285235,51.16221618652344,1.4034714501676149e-09,1.604245881026145e-06,6.086880262046179e-07
31,0.558,1.160882861328125,3.1927507883982766,0.577068295631513,0.558,0.5256646587353376,0.5178458184622613,0.5178458184622613,10000,0,evaluated,3.0,4.76132067044576,52.888004302978516,1.4019322369662746e-09,1.8223802271677414e-06,1.3838697441315162e-06
32,0.5607,1.1437748046875,3.1385936100209664,0.5764496778714643,0.5607,0.5291740442860003,0.5206368817411232,0.5206368817411232,10000,0,evaluated,3.0,4.6891365845998125,54.557682037353516,1.4003778137094969e-09,1.6596396790191648e-06,8.648300990898861e-07
33,0.5662,1.13045263671875,3.0970580250922075,0.559211383914701,0.5662,0.5358795244715886,0.5264634181814916,0.5264634181814916,10000,0,evaluated,3.0,4.624207496643066,56.15766143798828,1.3988014080368316e-09,2.004555653911666e-06,8.290288064927154e-07
34,0.578,1.11381865234375,3.0459677060855883,0.5820124071226203,0.5780000000000001,0.5509263113421987,0.5387017451103858,0.5387017451103858,10000,0,evaluated,3.0,4.564918518066406,57.69840621948242,1.3972062395950502e-09,2.016815642491565e-06,7.367116268142127e-07
35,0.5827,1.1004232666015625,3.0054378562329953,0.5836364770868515,0.5827,0.5562186924110546,0.5436394092928764,0.5436394092928764,10000,0,evaluated,3.0,4.510691483815511,59.18074035644531,1.3955900879381034e-09,1.443685050617205e-06,6.174172426653968e-07
36,0.5896,1.0882687744140624,2.969129387778964,0.6038716832148985,0.5896,0.5638678031415084,0.551303054043943,0.551303054043943,10000,0,evaluated,3.0,4.460798104604085,60.609073638916016,1.3939508436422443e-09,1.4890944157741615e-06,5.438714083538798e-07
37,0.5925,1.0765519653320312,2.9345436783497143,0.5958341356508259,0.5925,0.5679896617897675,0.5540040468359827,0.5540040468359827,10000,0,evaluated,3.0,4.415134787559509,61.975135803222656,1.3922892838635903e-09,1.624584115234029e-06,5.035737444814004e-07
38,0.5999,1.06387314453125,2.8975719988422646,0.6064137444315133,0.5999000000000001,0.5770539857424057,0.5619146502684952,0.5619146502684952,10000,0,evaluated,3.0,4.373194297154744,63.28107452392578,1.3906071849589807e-09,1.4957521443648147e-06,4.540968063793116e-07
39,0.6055,1.0530660888671874,2.8664263763287905,0.6051165713823867,0.6054999999999999,0.5830362336502914,0.5677776053619485,0.5677776053619485,10000,0,evaluated,3.0,4.334092895189921,64.54410552978516,1.3889028815938786e-09,1.5041575807117624e-06,1.7493341601948487e-06
40,0.6075,1.0416866577148438,2.8339929616177106,0.6129524873724124,0.6075000000000002,0.587712513057072,0.569602029468545,0.569602029468545,10000,0,evaluated,3.0,4.298475503921509,65.7433853149414,1.3871787052366358e-09,1.832085558817198e-06,1.0068014262287761e-06
41,0.6144,1.03214228515625,2.807072948636531,0.6201946486499667,0.6144000000000001,0.5952668079491278,0.5773014223547178,0.5773014223547178,10000,0,evaluated,3.0,4.265741388003032,66.88864135742188,1.3854384306455358e-09,1.4184578276399407e-06,9.911998404277256e-07
42,0.6159,1.0240927001953124,2.7845678762106205,0.6205622204780771,0.6159,0.5974495006817719,0.5788090249238976,0.5788090249238976,10000,0,evaluated,3.0,4.235726555188497,67.98072814941406,1.3836800594191345e-09,1.8169491795561044e-06,4.0773963405627e-07
43,0.619,1.0138729125976562,2.7562551056398847,0.6238813047580778,0.619,0.6013767581267894,0.5820304574087366,0.5820304574087366,10000,0,evaluated,3.0,4.208339810371399,69.01482391357422,1.381906034048086e-09,1.8399728105578106e-06,6.599203743462567e-07
44,0.6231,1.0051953063964845,2.732440883898044,0.6305667656141329,0.6231,0.6072217429555627,0.5865578495419667,0.5865578495419667,10000,0,evaluated,3.0,4.183416724205017,69.99641418457031,1.3801176868000198e-09,2.457207983752596e-06,6.985423510741384e-07
45,0.6257,0.99735185546875,2.711092948098824,0.6314072854707479,0.6257,0.6097806330417118,0.5891678866213153,0.5891678866213153,10000,0,evaluated,3.0,4.160356879234314,70.93502807617188,1.3783165719871704e-09,2.5814169930526987e-06,6.461032739935035e-07
46,0.6288,0.9890443115234375,2.688663719191559,0.6340038456964219,0.6287999999999999,0.6140660550355471,0.5923641526614133,0.5923641526614133,10000,0,evaluated,3.0,4.139559427897136,71.81844329833984,1.376505354144797e-09,2.2939880182093475e-06,6.374959866661811e-07
47,0.6311,0.980460302734375,2.6656829807371536,0.638110714443298,0.6311,0.6185386855468127,0.5945373100116762,0.5945373100116762,10000,0,evaluated,3.0,4.120567878087361,72.65602111816406,1.3746852545182264e-09,2.747023245319724e-06,9.980142294807592e-07
48,0.6322,0.9745062133789063,2.6498584232410725,0.6389071630380512,0.6321999999999999,0.6203012018033605,0.5955828628501375,0.5955828628501375,10000,0,evaluated,3.0,4.103595693906148,73.44376373291016,1.3728563841297614e-09,1.9566907667467603e-06,8.353139833161549e-07
49,0.6357,0.96925322265625,2.6359752375744567,0.6420631934087482,0.6357000000000002,0.6242553344297517,0.5993713330245616,0.5993713330245616,10000,0,evaluated,3.0,4.088367342948914,74.18424987792969,1.371017077644865e-09,2.637112402226194e-06,7.023446642051567e-07
50,0.6382,0.9617989166259766,2.6163989260231113,0.6444425631515588,0.6382,0.6293211869701425,0.6013690319845709,0.6013690319845709,10000,0,evaluated,3.0,4.074792305628459,74.879150390625,1.3691713318664256e-09,2.829459162967396e-06,5.679295327354339e-07
51,0.6407,0.9566043792724609,2.602843182459785,0.6489879520007013,0.6407,0.6310756546975479,0.6046420860513092,0.6046420860513092,10000,0,evaluated,3.0,4.062522451082866,75.53823852539062,1.3673203680397705e-09,1.9808071556326468e-06,7.131753818612196e-07
52,0.6443,0.9486164581298828,2.5821346953646342,0.6537325885221558,0.6443000000000001,0.6380407850802394,0.6077657340827759,0.6077657340827759,10000,0,evaluated,3.0,4.051624615987142,76.15673065185547,1.3654637420756899e-09,3.23226117870945e-06,7.373123480647337e-07
53,0.6441,0.9442571517944336,2.5709028784804278,0.6528438195433821,0.6441,0.6372404725962004,0.607651779953155,0.607651779953155,10000,0,evaluated,3.0,4.042316555976868,76.73279571533203,1.3636033413533255e-09,2.627100002428051e-06,6.187700023474463e-07
54,0.6464,0.9392950363159179,2.5581773603698115,0.6562291991686218,0.6464000000000001,0.6402583096030122,0.6101940535270962,0.6101940535270962,10000,0,evaluated,3.0,4.0337744156519575,77.28143310546875,1.3617372784935355e-09,2.5555257252563024e-06,4.3404648408795765e-07
55,0.649,0.9328332122802734,2.5417001621269324,0.6594153372643643,0.649,0.6433454530728131,0.6129714779398536,0.6129714779398536,10000,0,evaluated,3.0,4.0264967282613116,77.7958984375,1.3598685510984865e-09,2.6758107196656056e-06,6.324352170850034e-07
56,0.6502,0.9289267959594727,2.5317905911875838,0.6619942087865698,0.6502,0.6468387763926452,0.6138035504364725,0.6138035504364725,10000,0,evaluated,3.0,4.020435531934102,78.2738265991211,1.3579952717890365e-09,1.8518817341828253e-06,5.056808163317328e-07
57,0.6496,0.9246639083862305,2.5210208240009133,0.6625840749677282,0.6496000000000001,0.6452316958671777,0.6135832236113402,0.6135832236113402,10000,0,evaluated,3.0,4.014792879422505,78.7357406616211,1.35611899487742e-09,2.0836216663155938e-06,4.5573472107207635e-07
58,0.6533,0.9189087448120117,2.5065536073158157,0.6676693250450736,0.6533,0.6509829872434469,0.6172264816434168,0.6172264816434168,10000,0,evaluated,3.0,4.010304888089498,79.1611328125,1.354238277073705e-09,2.2325837107928237e-06,1.0196051789534977e-06
59,0.6551,0.9126255073547364,2.4908537105428135,0.6693867236478763,0.6551,0.6542517099457235,0.6188048510446035,0.6188048510446035,10000,0,evaluated,3.0,4.0065081516901655,79.56147003173828,1.35235711518078e-09,2.6189723030256573e-06,8.961251865002851e-07
60,0.657,0.9088844268798828,2.481552635244089,0.6715634941157619,0.6569999999999999,0.6555782537622734,0.6211183016275751,0.6211183016275751,10000,0,evaluated,3.0,4.003359794616699,79.94161224365234,1.3504724005741764e-09,2.3911202333692927e-06,8.688828643244051e-07
61,0.6596,0.9027603149414063,2.4664017692766276,0.6746665951121944,0.6596,0.6576202106081067,0.6242322850824393,0.6242322850824393,10000,0,evaluated,3.0,4.000811854998271,80.30290985107422,1.3485861316553382e-09,1.9637864170363173e-06,5.731588430535339e-07
62,0.6614,0.9007196113586425,2.4613737064873393,0.6763373909546686,0.6614000000000001,0.6628525961816221,0.6251261984403825,0.6251261984403825,10000,0,evaluated,3.0,3.999158183733622,80.6371841430664,1.3466954218444016e-09,1.8492030449124286e-06,7.729877893325465e-07
63,0.6674,0.8935405067443848,2.4437665246758873,0.6828963046740762,0.6674,0.6680510399915885,0.6321399684286261,0.6321399684286261,10000,0,evaluated,3.0,3.9973769187927246,80.96561431884766,1.3448064883903044e-09,1.7298561942880042e-06,7.389962775050662e-07
64,0.6678,0.8904335174560547,2.4361855513604844,0.6841248368019557,0.6678,0.6689962167938754,0.6325511967004805,0.6325511967004805,10000,0,evaluated,3.0,3.9966134627660117,81.26538848876953,1.3429166667577874e-09,2.079724708892172e-06,7.206745067378506e-07
65,0.6719,0.8837275596618652,2.4199032491078016,0.6864235744226862,0.6718999999999999,0.6738225054333237,0.6366129944211525,0.6366129944211525,10000,0,evaluated,3.0,3.995838681856791,81.55996704101562,1.341025512857641e-09,1.8965989738717326e-06,9.482266705163056e-07
66,0.6748,0.8788723617553711,2.4081826159397712,0.6906932052608035,0.6748,0.6768356129711229,0.6400010947818591,0.6400010947818591,10000,0,evaluated,3.0,3.995853543281555,81.83242797851562,1.3391345810020994e-09,2.217710743934731e-06,6.322659942270548e-07
67,0.6775,0.8734258178710937,2.395101998056556,0.6942244365325981,0.6775,0.6783077349532409,0.6435090319826593,0.6435090319826593,10000,0,evaluated,3.0,3.9960361321767173,82.09569549560547,1.3372439822134652e-09,1.8543571513873758e-06,7.074397672113264e-07
68,0.6789,0.869261689376831,2.385149222280116,0.6948539844072756,0.6788999999999998,0.6813813818071097,0.6444101847377471,0.6444101847377471,10000,0,evaluated,3.0,3.996792713801066,82.33918762207031,1.335353383424831e-09,1.6564289353482309e-06,7.229253924379009e-07
69,0.6788,0.8658550983428955,2.3770378182872647,0.695277833633928,0.6788,0.6811978926804957,0.6443928948518106,0.6443928948518106,10000,0,evaluated,3.0,3.997808257738749,82.57389831542969,1.3334604531678451e-09,1.7346113736493862e-06,6.636076932409196e-07
70,0.6844,0.858627017211914,2.3599183411043545,0.7008954810987459,0.6844,0.6876633298838711,0.6503646030946375,0.6503646030946375,10000,0,evaluated,3.0,3.998863776524862,82.7993392944336,1.3315697433569085e-09,2.1027806269557914e-06,4.832038484892109e-07
71,0.6867,0.8539633232116699,2.348938028406952,0.7032640174748437,0.6867,0.6889852120542486,0.6532352587416652,0.6532352587416652,10000,0,evaluated,3.0,4.000169992446899,83.0195083618164,1.3296804768359038e-09,2.1208911675785203e-06,7.002490747254342e-07
72,0.6891,0.8494773895263672,2.338424447425092,0.7055174059628888,0.6891,0.6921829507366652,0.6556265366400843,0.6556265366400843,10000,0,evaluated,3.0,4.001835306485494,83.22154998779297,1.3277937638278559e-09,2.0959164430678356e-06,2.8026303766637284e-07
73,0.692,0.8452213619232177,2.328493197257423,0.7091232898951797,0.6920000000000001,0.6946606273254667,0.659069031186623,0.659069031186623,10000,0,evaluated,3.0,4.00360643863678,83.42144012451172,1.32590805002053e-09,2.0695449620689033e-06,5.552536777031492e-07
74,0.6938,0.8413552993774414,2.319508475857652,0.7107499065413996,0.6938,0.6965053672764699,0.6610241755061772,0.6610241755061772,10000,0,evaluated,3.0,4.005579392115275,83.60901641845703,1.3240247787038584e-09,1.5345977999459137e-06,9.967670848709531e-07
75,0.6988,0.8355107257843017,2.305991476895475,0.7149391627420546,0.6988,0.7012719534392889,0.6665294940373099,0.6665294940373099,10000,0,evaluated,3.0,4.007675409317017,83.78714752197266,1.3221423955656064e-09,2.144739028153708e-06,5.125428970131907e-07
76,0.6995,0.8300256538391113,2.2933775734488218,0.7155717547907925,0.6994999999999999,0.7023057993265617,0.6672032975852834,0.6672032975852834,10000,0,evaluated,3.0,4.009962280591329,83.95722198486328,1.320262787984916e-09,1.930744474520907e-06,7.196692877187161e-07
77,0.702,0.8235684967041016,2.2786165823946165,0.7180768256201138,0.702,0.7044659912647632,0.6701140914574029,0.6701140914574029,10000,0,evaluated,3.0,4.012244979540507,84.1243896484375,1.3183867331179044e-09,1.6989138202916365e-06,4.933563104714267e-07
78,0.7034,0.8201466075897217,2.2708327344430606,0.7205986997256956,0.7034,0.7058796221009958,0.6717905085930252,0.6717905085930252,10000,0,evaluated,3.0,4.014884789784749,84.27835083007812,1.3165141199422692e-09,1.4632445299866959e-06,9.571240298100747e-07
79,0.7048,0.8159218223571777,2.261259191162837,0.7209873297086431,0.7048,0.7077950175594393,0.6730674864778543,0.6730674864778543,10000,0,evaluated,3.0,4.017204801241557,84.43470764160156,1.3146440602795906e-09,1.711342292765039e-06,1.3094453379380866e-06
80,0.7075,0.8105837371826172,2.2492205572122383,0.7235131873837404,0.7075,0.70996689914097,0.6761899919656811,0.6761899919656811,10000,0,evaluated,3.0,4.01984707514445,84.57853698730469,1.3127758879960538e-09,1.750562432789593e-06,9.588236480340129e-07
81,0.71,0.8072126399993896,2.2416509821824664,0.7264631955815903,0.71,0.7127767203243696,0.6789314704812082,0.6789314704812082,10000,0,evaluated,3.0,4.022245526313782,84.72097778320312,1.3109114904708008e-09,1.436487764294725e-06,1.0765400020318339e-06
82,0.711,0.8016978729248047,2.229322823858344,0.7274835544150386,0.7110000000000001,0.713808617521361,0.6800486732451493,0.6800486732451493,10000,0,evaluated,3.0,4.0249496301015215,84.85211944580078,1.3090494244138995e-09,1.8034427284874255e-06,9.980640243156813e-07
83,0.7117,0.796814075088501,2.2184618049726366,0.7280273910182352,0.7117,0.7140559577786038,0.6809399664952718,0.6809399664952718,10000,0,evaluated,3.0,4.027512232462565,84.98041534423828,1.307192354360609e-09,1.6644004290355952e-06,5.451289553093375e-07
84,0.7141,0.7920793292999267,2.2079827796214038,0.7295343383679624,0.7141,0.716588906914793,0.6834316857101548,0.6834316857101548,10000,0,evaluated,3.0,4.029824336369832,85.10943603515625,1.3053401692886268e-09,1.4336210369947366e-06,1.2301622973609483e-06
85,0.7141,0.7907875972747803,2.2051324988497965,0.7294983137705537,0.7141,0.7165841964059447,0.6834252027548846,0.6834252027548846,10000,0,evaluated,3.0,4.032645106315613,85.22276306152344,1.303489760573484e-09,1.7681725239526713e-06,1.0285635880791233e-06
86,0.7158,0.7860093044281006,2.194620863839951,0.7323203382299879,0.7158,0.718448494536166,0.6854279910217058,0.6854279910217058,10000,0,evaluated,3.0,4.035055796305339,85.33824920654297,1.3016442368396497e-09,1.5010346032795496e-06,4.750687025989464e-07
87,0.7167,0.7815491401672363,2.184854290747618,0.7333625827665565,0.7167,0.7191504636682472,0.6865132878965381,0.6865132878965381,10000,0,evaluated,3.0,4.037316600481669,85.4503173828125,1.299802265819494e-09,1.5010539300419623e-06,6.340540608107403e-07
88,0.7168,0.7782580364227295,2.177675528116074,0.7340738274989663,0.7167999999999999,0.7195586592037937,0.686617341090108,0.686617341090108,10000,0,evaluated,3.0,4.03981339931488,85.55220794677734,1.2979651797806468e-09,1.4396810001926497e-06,7.330215225920256e-07
89,0.7179,0.7727941967010498,2.1658095046101318,0.7353063671136225,0.7179,0.7203622039278039,0.6879490700746947,0.6879490700746947,10000,0,evaluated,3.0,4.041913072268168,85.6590347290039,1.2961335338346203e-09,1.4658968439107412e-06,4.997467044631776e-07
90,0.7217,0.7699521427154541,2.1596628957099933,0.7390171976841657,0.7216999999999999,0.7239626152923611,0.6921969519475943,0.6921969519475943,10000,0,evaluated,3.0,4.043993234634399,85.75959777832031,1.2943028870893158e-09,1.529166638647439e-06,8.139807050611125e-07
91,0.7224,0.7662171604156495,2.1516116380330756,0.7405908050131198,0.7224,0.7250793027587952,0.6929793661003727,0.6929793661003727,10000,0,evaluated,3.0,4.046167651812236,85.85411071777344,1.2924784575929493e-09,1.5613520645274548e-06,6.327135224637459e-07
92,0.7228,0.7625888793945312,2.143819131612213,0.7404242758877528,0.7228,0.7248579351236007,0.6935150975756764,0.6935150975756764,10000,0,evaluated,3.0,4.047878861427307,85.95294952392578,1.2906575808102616e-09,1.4367476524057565e-06,7.738939302726067e-07
93,0.7249,0.7590093589782715,2.136159005230303,0.7409268420973182,0.7249,0.7270183055292259,0.69561023903775,0.69561023903775,10000,0,evaluated,3.0,4.049703200658162,86.04489135742188,1.2888397016297404e-09,1.5837014188946341e-06,9.358512329527002e-07
94,0.7248,0.7577274200439453,2.1334223343288556,0.7434395945316844,0.7247999999999999,0.7273901649138294,0.6957173328623952,0.6957173328623952,10000,0,evaluated,3.0,4.051787853240967,86.1269302368164,1.2870259302744103e-09,1.2901280115329428e-06,5.266845164442202e-07
95,0.7249,0.7528547950744628,2.1230522526691766,0.7430495056647267,0.7249000000000001,0.7268177296058852,0.6959460774264893,0.6959460774264893,10000,0,evaluated,3.0,4.053135673205058,86.2208480834961,1.2852153785658516e-09,1.383912263008824e-06,4.253234067164158e-07
96,0.7264,0.7490719970703125,2.1150363456822223,0.7440383953715826,0.7264,0.7286583015898103,0.6974755046952441,0.6974755046952441,10000,0,evaluated,3.0,4.054909785588582,86.29794311523438,1.2834138196637923e-09,1.1609939747359022e-06,6.879824354655284e-07
97,0.7295,0.7454062309265137,2.107297310466282,0.7459978352571824,0.7295,0.7317616056021258,0.7007748279596607,0.7007748279596607,10000,0,evaluated,3.0,4.056289315223694,86.38163757324219,1.2816131489401528e-09,1.373215582134435e-06,6.489779025287135e-07
98,0.7301,0.743454373550415,2.103188178191848,0.7472385840756907,0.7301,0.73211668874763,0.7015698740782004,0.7015698740782004,10000,0,evaluated,3.0,4.0575757424036665,86.46118927001953,1.2798144766179576e-09,1.0392730018793372e-06,4.645264084501832e-07
99,0.7314,0.7393557460784912,2.094585634699288,0.7476508307459794,0.7314,0.7333617659088102,0.7029217698891066,0.7029217698891066,10000,0,evaluated,3.0,4.058718760808309,86.54239654541016,1.2780201341655584e-09,1.4388571116796811e-06,6.889263204357121e-07
100,0.7324,0.7386045768737793,2.0930128372663237,0.7502236270392271,0.7323999999999999,0.7349691472935453,0.704067252595568,0.704067252595568,10000,0,evaluated,3.0,4.059833725293477,86.6161117553711,1.2762303436275602e-09,1.6407479961344507e-06,1.2361870176391676e-06
