Config,{"general": {"device": "cuda:0", "training_rounds": 100, "train_optimization": {"cudnn_benchmark": true, "pin_memory": true, "fused_optimizer": false, "torch_compile": false, "non_blocking_transfer": true}}, "dataset": "qmnist", "model": "simple_lora_mlp", "loss_function": "CrossEntropyLoss", "aggregation": "sp", "client_selection": {"method": "random", "round": 1, "client_selection_round": 1, "number": 10, "random_seed": 42}, "hyperparameters": {"training_rounds": 100, "local_epochs": 5, "selected_clients": 10, "client_selection_round": 1, "client_selection_method": "random", "optimizer": "SGD", "lr": 0.01, "momentum": 0.0, "weight_decay": 0.0001, "nesterov": false, "batch_size": 64, "shuffle": true, "trainer_type": "standard", "rank_ratio_list": [0.2679, 0.6918, 0.3957, 0.3406, 0.6099, 0.2795, 1.0, 0.8646, 0.25, 0.2887]}, "effective_yaml": {"server_yaml": {"role": "server", "general": {"device": "cuda:0", "training_rounds": 100, "train_optimization": {"cudnn_benchmark": true, "pin_memory": true, "fused_optimizer": false, "torch_compile": false, "non_blocking_transfer": true}}, "training_logger": {"name": "train", "path": "./experiment_results/", "prefix": "sp_", "save_weights": false}, "data_loader": {"name": "qmnist", "root": "../.dataset", "split": "", "batch_size": 64, "shuffle": true, "num_workers": 0, "is_download": true, "is_load_train_set": true, "is_load_test_set": true, "task_type": "cv"}, "nn_model": {"name": "simple_lora_mlp", "input_dim": 0, "hidden_dim": 0, "output_dim": 0, "softmax_dim": 1, "lora_mode": "standard", "rank_ratio": 1.0, "cap_lora_rank_to_matrix_dim": true, "share_model": false}, "loss_func": {"type": "CrossEntropyLoss", "reduction": "mean", "weight": "None"}, "optimizer": {"type": "SGD", "lr": 0.01, "weight_decay": 0.0001, "momentum": 0.0, "nesterov": false, "betas": [0.9, 0.999], "amsgrad": false, "eps": "1e-8", "alpha": "None", "centered": "None"}, "training": {"epochs": 5, "batch_size": 64, "shuffle": true, "lr": 0.01}, "trainer": {"trainer_type": "standard", "save_path": "./.training_results/"}, "data_distribution": {"use": "qmnist_dirichlet_0_4_seed_2", "custom_define": {"qmnist_dirichlet_0_4_seed_2": [[44, 177, 4271, 1048, 553, 222, 76, 831, 70, 1165], [903, 68, 2, 843, 41, 979, 24, 90, 196, 1380], [333, 1, 641, 1510, 139, 57, 1969, 11, 149, 127], [13, 374, 5, 531, 376, 96, 90, 58, 2976, 788], [47, 2162, 364, 263, 12, 0, 91, 12, 1637, 0], [296, 1592, 0, 7, 443, 3645, 1, 754, 558, 0], [151, 42, 99, 1728, 1888, 10, 165, 184, 21, 40], [135, 46, 267, 21, 1385, 359, 1319, 513, 16, 387], [3883, 4, 212, 174, 16, 52, 1337, 3144, 215, 330], [118, 2276, 97, 6, 989, 1, 846, 668, 13, 1732]]}}, "client_selection": {"method": "random", "round": 1, "client_selection_round": 1, "number": 10, "random_seed": 42}, "strategy": {"role": "server", "strategy_name": "sp"}, "aggregation": {"method": "sp", "device": "cpu", "is_wbab": false}, "rank_distribution": {"rank_ratio_list": [0.2679, 0.6918, 0.3957, 0.3406, 0.6099, 0.2795, 1.0, 0.8646, 0.25, 0.2887]}, "lora_inference": {"device": "cpu", "lora_mode": "standard", "scaling": 0.5, "rank_ratio": 1, "use_bias": true, "alpha": 0}}, "client_yamls": [{"index": 0, "node_id": "client.1", "yaml": {"role": "client", "training_logger": {"name": "train", "path": "./experiment_results/", "prefix": "", "save_weights": false}, "data_loader": {"name": "qmnist", "root": "../.dataset", "split": "", "batch_size": 64, "shuffle": true, "num_workers": 0, "is_download": true, "is_load_train_set": true, "is_load_test_set": true, "task_type": "cv"}, "nn_model": {"name": "simple_lora_mlp", "input_dim": 0, "hidden_dim": 0, "output_dim": 0, "softmax_dim": 1, "lora_mode": "standard", "rank_ratio": 0.2679, "cap_lora_rank_to_matrix_dim": true, "share_model": false}, "loss_func": {"type": "CrossEntropyLoss", "reduction": "mean", "weight": "None"}, "optimizer": {"type": "SGD", "lr": 0.01, "weight_decay": 0.0001, "momentum": 0.0, "nesterov": false, "betas": [0.9, 0.999], "amsgrad": false, "eps": "1e-8", "alpha": "None", "centered": "None"}, "training": {"epochs": 5, "batch_size": 64, "shuffle": true, "lr": 0.01}, "trainer": {"trainer_type": "standard", "save_path": "./.training_results/"}, "strategy": {"role": "client", "strategy_name": "sp"}}}, {"index": 1, "node_id": "client.2", "yaml": {"role": "client", "training_logger": {"name": "train", "path": "./experiment_results/", "prefix": "", "save_weights": false}, "data_loader": {"name": "qmnist", "root": "../.dataset", "split": "", "batch_size": 64, "shuffle": true, "num_workers": 0, "is_download": true, "is_load_train_set": true, "is_load_test_set": true, "task_type": "cv"}, "nn_model": {"name": "simple_lora_mlp", "input_dim": 0, "hidden_dim": 0, "output_dim": 0, "softmax_dim": 1, "lora_mode": "standard", "rank_ratio": 0.6918, "cap_lora_rank_to_matrix_dim": true, "share_model": false}, "loss_func": {"type": "CrossEntropyLoss", "reduction": "mean", "weight": "None"}, "optimizer": {"type": "SGD", "lr": 0.01, "weight_decay": 0.0001, "momentum": 0.0, "nesterov": false, "betas": [0.9, 0.999], "amsgrad": false, "eps": "1e-8", "alpha": "None", "centered": "None"}, "training": {"epochs": 5, "batch_size": 64, "shuffle": true, "lr": 0.01}, "trainer": {"trainer_type": "standard", "save_path": "./.training_results/"}, "strategy": {"role": "client", "strategy_name": "sp"}}}, {"index": 2, "node_id": "client.3", "yaml": {"role": "client", "training_logger": {"name": "train", "path": "./experiment_results/", "prefix": "", "save_weights": false}, "data_loader": {"name": "qmnist", "root": "../.dataset", "split": "", "batch_size": 64, "shuffle": true, "num_workers": 0, "is_download": true, "is_load_train_set": true, "is_load_test_set": true, "task_type": "cv"}, "nn_model": {"name": "simple_lora_mlp", "input_dim": 0, "hidden_dim": 0, "output_dim": 0, "softmax_dim": 1, "lora_mode": "standard", "rank_ratio": 0.3957, "cap_lora_rank_to_matrix_dim": true, "share_model": false}, "loss_func": {"type": "CrossEntropyLoss", "reduction": "mean", "weight": "None"}, "optimizer": {"type": "SGD", "lr": 0.01, "weight_decay": 0.0001, "momentum": 0.0, "nesterov": false, "betas": [0.9, 0.999], "amsgrad": false, "eps": "1e-8", "alpha": "None", "centered": "None"}, "training": {"epochs": 5, "batch_size": 64, "shuffle": true, "lr": 0.01}, "trainer": {"trainer_type": "standard", "save_path": "./.training_results/"}, "strategy": {"role": "client", "strategy_name": "sp"}}}, {"index": 3, "node_id": "client.4", "yaml": {"role": "client", "training_logger": {"name": "train", "path": "./experiment_results/", "prefix": "", "save_weights": false}, "data_loader": {"name": "qmnist", "root": "../.dataset", "split": "", "batch_size": 64, "shuffle": true, "num_workers": 0, "is_download": true, "is_load_train_set": true, "is_load_test_set": true, "task_type": "cv"}, "nn_model": {"name": "simple_lora_mlp", "input_dim": 0, "hidden_dim": 0, "output_dim": 0, "softmax_dim": 1, "lora_mode": "standard", "rank_ratio": 0.3406, "cap_lora_rank_to_matrix_dim": true, "share_model": false}, "loss_func": {"type": "CrossEntropyLoss", "reduction": "mean", "weight": "None"}, "optimizer": {"type": "SGD", "lr": 0.01, "weight_decay": 0.0001, "momentum": 0.0, "nesterov": false, "betas": [0.9, 0.999], "amsgrad": false, "eps": "1e-8", "alpha": "None", "centered": "None"}, "training": {"epochs": 5, "batch_size": 64, "shuffle": true, "lr": 0.01}, "trainer": {"trainer_type": "standard", "save_path": "./.training_results/"}, "strategy": {"role": "client", "strategy_name": "sp"}}}, {"index": 4, "node_id": "client.5", "yaml": {"role": "client", "training_logger": {"name": "train", "path": "./experiment_results/", "prefix": "", "save_weights": false}, "data_loader": {"name": "qmnist", "root": "../.dataset", "split": "", "batch_size": 64, "shuffle": true, "num_workers": 0, "is_download": true, "is_load_train_set": true, "is_load_test_set": true, "task_type": "cv"}, "nn_model": {"name": "simple_lora_mlp", "input_dim": 0, "hidden_dim": 0, "output_dim": 0, "softmax_dim": 1, "lora_mode": "standard", "rank_ratio": 0.6099, "cap_lora_rank_to_matrix_dim": true, "share_model": false}, "loss_func": {"type": "CrossEntropyLoss", "reduction": "mean", "weight": "None"}, "optimizer": {"type": "SGD", "lr": 0.01, "weight_decay": 0.0001, "momentum": 0.0, "nesterov": false, "betas": [0.9, 0.999], "amsgrad": false, "eps": "1e-8", "alpha": "None", "centered": "None"}, "training": {"epochs": 5, "batch_size": 64, "shuffle": true, "lr": 0.01}, "trainer": {"trainer_type": "standard", "save_path": "./.training_results/"}, "strategy": {"role": "client", "strategy_name": "sp"}}}, {"index": 5, "node_id": "client.6", "yaml": {"role": "client", "training_logger": {"name": "train", "path": "./experiment_results/", "prefix": "", "save_weights": false}, "data_loader": {"name": "qmnist", "root": "../.dataset", "split": "", "batch_size": 64, "shuffle": true, "num_workers": 0, "is_download": true, "is_load_train_set": true, "is_load_test_set": true, "task_type": "cv"}, "nn_model": {"name": "simple_lora_mlp", "input_dim": 0, "hidden_dim": 0, "output_dim": 0, "softmax_dim": 1, "lora_mode": "standard", "rank_ratio": 0.2795, "cap_lora_rank_to_matrix_dim": true, "share_model": false}, "loss_func": {"type": "CrossEntropyLoss", "reduction": "mean", "weight": "None"}, "optimizer": {"type": "SGD", "lr": 0.01, "weight_decay": 0.0001, "momentum": 0.0, "nesterov": false, "betas": [0.9, 0.999], "amsgrad": false, "eps": "1e-8", "alpha": "None", "centered": "None"}, "training": {"epochs": 5, "batch_size": 64, "shuffle": true, "lr": 0.01}, "trainer": {"trainer_type": "standard", "save_path": "./.training_results/"}, "strategy": {"role": "client", "strategy_name": "sp"}}}, {"index": 6, "node_id": "client.7", "yaml": {"role": "client", "training_logger": {"name": "train", "path": "./experiment_results/", "prefix": "", "save_weights": false}, "data_loader": {"name": "qmnist", "root": "../.dataset", "split": "", "batch_size": 64, "shuffle": true, "num_workers": 0, "is_download": true, "is_load_train_set": true, "is_load_test_set": true, "task_type": "cv"}, "nn_model": {"name": "simple_lora_mlp", "input_dim": 0, "hidden_dim": 0, "output_dim": 0, "softmax_dim": 1, "lora_mode": "standard", "rank_ratio": 1.0, "cap_lora_rank_to_matrix_dim": true, "share_model": false}, "loss_func": {"type": "CrossEntropyLoss", "reduction": "mean", "weight": "None"}, "optimizer": {"type": "SGD", "lr": 0.01, "weight_decay": 0.0001, "momentum": 0.0, "nesterov": false, "betas": [0.9, 0.999], "amsgrad": false, "eps": "1e-8", "alpha": "None", "centered": "None"}, "training": {"epochs": 5, "batch_size": 64, "shuffle": true, "lr": 0.01}, "trainer": {"trainer_type": "standard", "save_path": "./.training_results/"}, "strategy": {"role": "client", "strategy_name": "sp"}}}, {"index": 7, "node_id": "client.8", "yaml": {"role": "client", "training_logger": {"name": "train", "path": "./experiment_results/", "prefix": "", "save_weights": false}, "data_loader": {"name": "qmnist", "root": "../.dataset", "split": "", "batch_size": 64, "shuffle": true, "num_workers": 0, "is_download": true, "is_load_train_set": true, "is_load_test_set": true, "task_type": "cv"}, "nn_model": {"name": "simple_lora_mlp", "input_dim": 0, "hidden_dim": 0, "output_dim": 0, "softmax_dim": 1, "lora_mode": "standard", "rank_ratio": 0.8646, "cap_lora_rank_to_matrix_dim": true, "share_model": false}, "loss_func": {"type": "CrossEntropyLoss", "reduction": "mean", "weight": "None"}, "optimizer": {"type": "SGD", "lr": 0.01, "weight_decay": 0.0001, "momentum": 0.0, "nesterov": false, "betas": [0.9, 0.999], "amsgrad": false, "eps": "1e-8", "alpha": "None", "centered": "None"}, "training": {"epochs": 5, "batch_size": 64, "shuffle": true, "lr": 0.01}, "trainer": {"trainer_type": "standard", "save_path": "./.training_results/"}, "strategy": {"role": "client", "strategy_name": "sp"}}}, {"index": 8, "node_id": "client.9", "yaml": {"role": "client", "training_logger": {"name": "train", "path": "./experiment_results/", "prefix": "", "save_weights": false}, "data_loader": {"name": "qmnist", "root": "../.dataset", "split": "", "batch_size": 64, "shuffle": true, "num_workers": 0, "is_download": true, "is_load_train_set": true, "is_load_test_set": true, "task_type": "cv"}, "nn_model": {"name": "simple_lora_mlp", "input_dim": 0, "hidden_dim": 0, "output_dim": 0, "softmax_dim": 1, "lora_mode": "standard", "rank_ratio": 0.25, "cap_lora_rank_to_matrix_dim": true, "share_model": false}, "loss_func": {"type": "CrossEntropyLoss", "reduction": "mean", "weight": "None"}, "optimizer": {"type": "SGD", "lr": 0.01, "weight_decay": 0.0001, "momentum": 0.0, "nesterov": false, "betas": [0.9, 0.999], "amsgrad": false, "eps": "1e-8", "alpha": "None", "centered": "None"}, "training": {"epochs": 5, "batch_size": 64, "shuffle": true, "lr": 0.01}, "trainer": {"trainer_type": "standard", "save_path": "./.training_results/"}, "strategy": {"role": "client", "strategy_name": "sp"}}}, {"index": 9, "node_id": "client.10", "yaml": {"role": "client", "training_logger": {"name": "train", "path": "./experiment_results/", "prefix": "", "save_weights": false}, "data_loader": {"name": "qmnist", "root": "../.dataset", "split": "", "batch_size": 64, "shuffle": true, "num_workers": 0, "is_download": true, "is_load_train_set": true, "is_load_test_set": true, "task_type": "cv"}, "nn_model": {"name": "simple_lora_mlp", "input_dim": 0, "hidden_dim": 0, "output_dim": 0, "softmax_dim": 1, "lora_mode": "standard", "rank_ratio": 0.2887, "cap_lora_rank_to_matrix_dim": true, "share_model": false}, "loss_func": {"type": "CrossEntropyLoss", "reduction": "mean", "weight": "None"}, "optimizer": {"type": "SGD", "lr": 0.01, "weight_decay": 0.0001, "momentum": 0.0, "nesterov": false, "betas": [0.9, 0.999], "amsgrad": false, "eps": "1e-8", "alpha": "None", "centered": "None"}, "training": {"epochs": 5, "batch_size": 64, "shuffle": true, "lr": 0.01}, "trainer": {"trainer_type": "standard", "save_path": "./.training_results/"}, "strategy": {"role": "client", "strategy_name": "sp"}}}]}, "effective_client_rank_ratios": [0.2679, 0.6918, 0.3957, 0.3406, 0.6099, 0.2795, 1.0, 0.8646, 0.25, 0.2887], "effective_client_share_model": [false, false, false, false, false, false, false, false, false, false], "rank_distribution": {"rank_ratio_list": [0.2679, 0.6918, 0.3957, 0.3406, 0.6099, 0.2795, 1.0, 0.8646, 0.25, 0.2887]}, "rank_ratio_list": [0.2679, 0.6918, 0.3957, 0.3406, 0.6099, 0.2795, 1.0, 0.8646, 0.25, 0.2887], "rank_ratio_list_str": "[0.2679, 0.6918, 0.3957, 0.3406, 0.6099, 0.2795, 1.0, 0.8646, 0.25, 0.2887]", "epoch": 5, "batch_size": 64}

round,accuracy,average_loss,perplexity,precision,recall,f1_score,matthews_correlation,mcc,total_test_samples,invalid_label_samples,evaluation_status
0,0.10385,2.302028125,9.994431870838351,0.010385,0.1,0.01881596231372016,0.0,0.0,60000,0,evaluated
1,0.10385,2.3028200520833333,10.002349866943364,0.010385,0.1,0.01881596231372016,0.0,0.0,60000,0,evaluated
2,0.10385,2.3033546875,10.007698907197895,0.010385,0.1,0.01881596231372016,0.0,0.0,60000,0,evaluated
3,0.10385,2.3044080729166665,10.01824642560685,0.010385,0.1,0.01881596231372016,0.0,0.0,60000,0,evaluated
4,0.10385,2.30394140625,10.013572334647618,0.010385,0.1,0.01881596231372016,0.0,0.0,60000,0,evaluated
5,0.10385,2.304092708333333,10.015087523626192,0.010385,0.1,0.01881596231372016,0.0,0.0,60000,0,evaluated
6,0.10385,2.30404609375,10.014620685375052,0.010385,0.1,0.01881596231372016,0.0,0.0,60000,0,evaluated
7,0.10385,2.303905208333333,10.01320987075097,0.010385,0.1,0.01881596231372016,0.0,0.0,60000,0,evaluated
8,0.10385,2.303728125,10.011436855160083,0.010385,0.1,0.01881596231372016,0.0,0.0,60000,0,evaluated
9,0.10385,2.3035765625,10.009919611743229,0.010385,0.1,0.01881596231372016,0.0,0.0,60000,0,evaluated
10,0.10385,2.30348671875,10.009020323426432,0.010385,0.1,0.01881596231372016,0.0,0.0,60000,0,evaluated
11,0.10385,2.3033479166666666,10.00763114696594,0.010385,0.1,0.01881596231372016,0.0,0.0,60000,0,evaluated
12,0.10385,2.30320390625,10.006190047603768,0.010385,0.1,0.01881596231372016,0.0,0.0,60000,0,evaluated
13,0.10385,2.3030807291666666,10.004957590205239,0.010385,0.1,0.01881596231372016,0.0,0.0,60000,0,evaluated
14,0.10385,2.3029317708333332,10.003467379389946,0.010385,0.1,0.01881596231372016,0.0,0.0,60000,0,evaluated
15,0.10385,2.30280546875,10.00220400040475,0.010385,0.1,0.01881596231372016,0.0,0.0,60000,0,evaluated
16,0.10385,2.3027325520833335,10.001474699619138,0.010385,0.1,0.01881596231372016,0.0,0.0,60000,0,evaluated
17,0.10385,2.3026135416666667,10.000284490772883,0.010385,0.1,0.01881596231372016,0.0,0.0,60000,0,evaluated
18,0.10385,2.3024958333333334,9.999107443228127,0.010385,0.1,0.01881596231372016,0.0,0.0,60000,0,evaluated
19,0.10385,2.30232421875,9.99739159780681,0.010385,0.1,0.01881596231372016,0.0,0.0,60000,0,evaluated
20,0.10385,2.3022106770833335,9.996256541741777,0.010385,0.1,0.01881596231372016,0.0,0.0,60000,0,evaluated
21,0.10385,2.302109375,9.995243951418184,0.010385,0.1,0.01881596231372016,0.0,0.0,60000,0,evaluated
22,0.10385,2.3020286458333334,9.994437076272973,0.010385,0.1,0.01881596231372016,0.0,0.0,60000,0,evaluated
23,0.10385,2.30196640625,9.993815046031346,0.010385,0.1,0.01881596231372016,0.0,0.0,60000,0,evaluated
24,0.10385,2.301852864583333,9.992680396030904,0.010385,0.1,0.01881596231372016,0.0,0.0,60000,0,evaluated
25,0.10385,2.30179921875,9.992144344742414,0.010385,0.1,0.01881596231372016,0.0,0.0,60000,0,evaluated
26,0.10385,2.3017026041666666,9.991179004513663,0.010385,0.1,0.01881596231372016,0.0,0.0,60000,0,evaluated
27,0.10385,2.3016455729166667,9.990609211334226,0.010385,0.1,0.01881596231372016,0.0,0.0,60000,0,evaluated
28,0.10385,2.3015502604166667,9.989657026772036,0.010385,0.1,0.01881596231372016,0.0,0.0,60000,0,evaluated
29,0.10385,2.30148046875,9.988959856287337,0.010385,0.1,0.01881596231372016,0.0,0.0,60000,0,evaluated
30,0.10385,2.301373177083333,9.987888181627998,0.010385,0.1,0.01881596231372016,0.0,0.0,60000,0,evaluated
31,0.10385,2.3012768229166665,9.98692585334841,0.010385,0.1,0.01881596231372016,0.0,0.0,60000,0,evaluated
32,0.10385,2.3012510416666667,9.986668381235248,0.010385,0.1,0.01881596231372016,0.0,0.0,60000,0,evaluated
33,0.10385,2.30116015625,9.98576077996279,0.010385,0.1,0.01881596231372016,0.0,0.0,60000,0,evaluated
34,0.10385,2.301093229166667,9.985092484482708,0.010385,0.1,0.01881596231372016,0.0,0.0,60000,0,evaluated
35,0.10385,2.3009934895833335,9.984096625182882,0.010385,0.1,0.01881596231372016,0.0,0.0,60000,0,evaluated
36,0.10385,2.30090234375,9.983186657846392,0.010385,0.1,0.01881596231372016,0.0,0.0,60000,0,evaluated
37,0.10385,2.3008653645833332,9.982817494748822,0.010385,0.1,0.01881596231372016,0.0,0.0,60000,0,evaluated
38,0.10385,2.300834375,9.982508136187638,0.010385,0.1,0.01881596231372016,0.0,0.0,60000,0,evaluated
39,0.10385,2.3007578125,9.981743879665531,0.010385,0.1,0.01881596231372016,0.0,0.0,60000,0,evaluated
40,0.10385,2.30065234375,9.980691173130518,0.010385,0.1,0.01881596231372016,0.0,0.0,60000,0,evaluated
41,0.10385,2.30051640625,9.979334515136607,0.010385,0.1,0.01881596231372016,0.0,0.0,60000,0,evaluated
42,0.10385,2.3003776041666666,9.9779494588422,0.010385,0.1,0.01881596231372016,0.0,0.0,60000,0,evaluated
43,0.10385,2.3002875,9.977050444524247,0.010385,0.1,0.01881596231372016,0.0,0.0,60000,0,evaluated
44,0.10385,2.3002263020833333,9.976439888505132,0.010385,0.1,0.01881596231372016,0.0,0.0,60000,0,evaluated
45,0.10385,2.3001268229166665,9.97544748994103,0.010385,0.1,0.01881596231372016,0.0,0.0,60000,0,evaluated
46,0.10385,2.299959895833333,9.97378245656004,0.010385,0.1,0.01881596231372016,0.0,0.0,60000,0,evaluated
47,0.10385,2.29986171875,9.972803307754427,0.010385,0.1,0.01881596231372016,0.0,0.0,60000,0,evaluated
48,0.10385,2.2997442708333335,9.971632091562405,0.010385,0.1,0.01881596231372016,0.0,0.0,60000,0,evaluated
49,0.10385,2.2996552083333333,9.97074403262621,0.010385,0.1,0.01881596231372016,0.0,0.0,60000,0,evaluated
50,0.10385,2.2994729166666668,9.968926614733698,0.010385,0.1,0.01881596231372016,0.0,0.0,60000,0,evaluated
51,0.10385,2.299288541666667,9.967088763321241,0.010385,0.1,0.01881596231372016,0.0,0.0,60000,0,evaluated
52,0.10385,2.29910546875,9.965264226327413,0.010385,0.1,0.01881596231372016,0.0,0.0,60000,0,evaluated
53,0.10385,2.298895052083333,9.963167589237884,0.010385,0.1,0.01881596231372016,0.0,0.0,60000,0,evaluated
54,0.10385,2.2986619791666665,9.960845715302098,0.010385,0.1,0.01881596231372016,0.0,0.0,60000,0,evaluated
55,0.10385,2.2983614583333334,9.95785272339777,0.010385,0.1,0.01881596231372016,0.0,0.0,60000,0,evaluated
56,0.10385,2.2979979166666666,9.95423328697012,0.010385,0.1,0.01881596231372016,0.0,0.0,60000,0,evaluated
57,0.10385,2.29768046875,9.951073837857958,0.010385,0.1,0.01881596231372016,0.0,0.0,60000,0,evaluated
58,0.10385,2.2973921875,9.948205543310772,0.010385,0.1,0.01881596231372016,0.0,0.0,60000,0,evaluated
59,0.10385,2.2971669270833335,9.945964858763245,0.010385,0.1,0.01881596231372016,0.0,0.0,60000,0,evaluated
60,0.10385,2.2968411458333335,9.942725177641437,0.010385,0.1,0.01881596231372016,0.0,0.0,60000,0,evaluated
61,0.10385,2.2964203125,9.938541827770786,0.010385,0.1,0.01881596231372016,0.0,0.0,60000,0,evaluated
62,0.10385,2.29611875,9.935545188110634,0.010385173086218103,0.1,0.018816246414011778,1.4151969114604787e-05,1.4151969114604787e-05,60000,0,evaluated
63,0.10385,2.2957825520833333,9.932205439957084,0.010385173086218103,0.1,0.018816246414011778,1.4151969114604787e-05,1.4151969114604787e-05,60000,0,evaluated
64,0.10388333333333333,2.2953033854166667,9.92744739822231,0.07705218594263046,0.10003360215053762,0.01888398508533759,0.003538826041713337,0.003538826041713337,60000,0,evaluated
65,0.10418333333333334,2.294977864583333,9.924216333190387,0.10562673126070314,0.10033602150537635,0.01949161044971212,0.013349713527816878,0.013349713527816878,60000,0,evaluated
66,0.10428333333333334,2.2945424479166667,9.919896104613331,0.10324699145315433,0.10043682795698924,0.019693485583537854,0.015032298021144527,0.015032298021144527,60000,0,evaluated
67,0.10473333333333333,2.2939947916666665,9.91446489886492,0.10675816468126084,0.1008904569892473,0.020596208537653846,0.021864754402304305,0.021864754402304305,60000,0,evaluated
68,0.1052,2.2934588541666665,9.90915278893979,0.10798974726283006,0.1013608870967742,0.021523913211312595,0.02720641297763639,0.02720641297763639,60000,0,evaluated
69,0.10545,2.2929671875,9.904281986322328,0.10737186053958729,0.10161290322580645,0.022017159173337644,0.02952909418353021,0.02952909418353021,60000,0,evaluated
70,0.10641666666666667,2.2923328125,9.898000949914133,0.10666276737967914,0.10258736559139785,0.023900794766157078,0.03728155001873797,0.03728155001873797,60000,0,evaluated
71,0.1073,2.291848567708333,9.89320905482498,0.10408855120129885,0.10347782258064515,0.02558558336141039,0.04266645187258368,0.04266645187258368,60000,0,evaluated
72,0.10713333333333333,2.29112890625,9.886091854863416,0.10513266503365512,0.103309811827957,0.02527134434261496,0.041848120550657494,0.041848120550657494,60000,0,evaluated
73,0.10886666666666667,2.290419921875,9.879085254287162,0.1027730217617974,0.10505712365591398,0.028498076829142814,0.05113081980110011,0.05113081980110011,60000,0,evaluated
74,0.10816666666666666,2.289959375,9.874536519978527,0.10359880877321517,0.10435147849462365,0.02720988064874936,0.047622078221870805,0.047622078221870805,60000,0,evaluated
75,0.11045,2.289272265625,9.867753963807687,0.10212698092935804,0.1066532258064516,0.03134551259834718,0.05848981084421502,0.05848981084421502,60000,0,evaluated
76,0.11035,2.2884256510416665,9.85940331478658,0.10488797160730778,0.1065524193548387,0.03118854709374135,0.058895628969800246,0.058895628969800246,60000,0,evaluated
77,0.1107,2.2878799479166667,9.854024475345295,0.10220419609273049,0.10690524193548387,0.03178785409984343,0.059619217989170595,0.059619217989170595,60000,0,evaluated
78,0.11065,2.2869096354166665,9.844467629534854,0.10340004021068501,0.10685483870967742,0.03170946758254403,0.059779231754457096,0.059779231754457096,60000,0,evaluated
79,0.11183333333333334,2.2859723958333333,9.835245327224085,0.10259117479695826,0.10804771505376345,0.03376708625564025,0.0645314015823448,0.0645314015823448,60000,0,evaluated
80,0.11136666666666667,2.2850994791666666,9.82666372371448,0.10307778422335623,0.10757728494623656,0.03296372832774665,0.06276496298848253,0.06276496298848253,60000,0,evaluated
81,0.11033333333333334,2.284159895833333,9.817435090471331,0.10464584085670245,0.1065356182795699,0.03115712525556381,0.05874535452260108,0.05874535452260108,60000,0,evaluated
82,0.11068333333333333,2.2831380208333334,9.807408023065557,0.10301303631921026,0.10688844086021505,0.031765181907549324,0.0598037009252338,0.0598037009252338,60000,0,evaluated
83,0.1129,2.28224921875,9.798695051009995,0.10330776351478195,0.10912298387096775,0.035596764807896364,0.0690049127181951,0.0690049127181951,60000,0,evaluated
84,0.11661666666666666,2.2805026041666667,9.781595444894064,0.10075802769306438,0.11286962365591398,0.041586682452975955,0.08094880734536823,0.08094880734536823,60000,0,evaluated
85,0.11903333333333334,2.2794641927083332,9.771443396017487,0.10058292823542056,0.11530577956989248,0.045271053312103696,0.08835269438222448,0.08835269438222448,60000,0,evaluated
86,0.11841666666666667,2.2774046875,9.751339766321385,0.10112524023152103,0.11468413978494625,0.04436611747136597,0.08663407605668476,0.08663407605668476,60000,0,evaluated
87,0.11906666666666667,2.2760674479166667,9.738308603630484,0.10105004838617881,0.1153393817204301,0.0453418429963672,0.08824384502756466,0.08824384502756466,60000,0,evaluated
88,0.12208333333333334,2.274553255208333,9.723574086016182,0.10005559747478347,0.11838037634408602,0.049668556117825204,0.09618922856875545,0.09618922856875545,60000,0,evaluated
89,0.1259,2.27253359375,9.703955576240151,0.09914863280654714,0.12222782258064516,0.05478693479369334,0.10538903836739227,0.10538903836739227,60000,0,evaluated
90,0.12663333333333332,2.270361588541667,9.682901407346478,0.09813373703661654,0.12296706989247312,0.05566920517558247,0.10522949720081279,0.10522949720081279,60000,0,evaluated
91,0.1313,2.2675815104166666,9.656019569076417,0.18464688459184547,0.1276712722540212,0.06141515656789075,0.11501156352807124,0.11501156352807124,60000,0,evaluated
92,0.13308333333333333,2.2645713541666668,9.626997144351474,0.17901719242860684,0.12946894500190434,0.06335845595214297,0.11705912683079281,0.11705912683079281,60000,0,evaluated
93,0.14165,2.2623734375,9.605861043081331,0.16011704126319917,0.13810448672953818,0.07174499968937628,0.12998279261356638,0.12998279261356638,60000,0,evaluated
94,0.14616666666666667,2.25906484375,9.574131670018096,0.17746381624983015,0.1426546738611474,0.07739659824851698,0.13160693388035016,0.13160693388035016,60000,0,evaluated
95,0.14326666666666665,2.2560158854166668,9.544984997552623,0.18070162989532362,0.13972863222151594,0.07521230587182677,0.12967437128815645,0.12967437128815645,60000,0,evaluated
96,0.1524,2.2520903645833332,9.50758940669763,0.1857160997170859,0.14892808906983754,0.08246344244276824,0.1390919877407324,0.1390919877407324,60000,0,evaluated
97,0.15835,2.2475990885416666,9.464983946241414,0.18282733284186453,0.15491126719113998,0.0880088218538044,0.14330221534343748,0.14330221534343748,60000,0,evaluated
98,0.16726666666666667,2.242698828125,9.418716513882172,0.1768065007973892,0.16388703745598993,0.09837292590037003,0.1497246010708444,0.1497246010708444,60000,0,evaluated
99,0.17375,2.238598958333333,9.380180053784665,0.17624239227134658,0.17039819608699006,0.10552534336518762,0.14611280304864407,0.14611280304864407,60000,0,evaluated
100,0.18211666666666668,2.2324571614583335,9.322745449623552,0.17494874052131237,0.17878785920287757,0.11437576164248142,0.14805456016835783,0.14805456016835783,60000,0,evaluated
