Config,{"general": {"device": "cuda:0", "training_rounds": 100, "train_optimization": {"cudnn_benchmark": true, "pin_memory": true, "fused_optimizer": false, "torch_compile": false, "non_blocking_transfer": true}}, "dataset": "qqp", "model": "tiny_bert_lora", "loss_function": "CrossEntropyLoss", "aggregation": "sp_plus", "client_selection": {"method": "random", "round": 1, "client_selection_round": 1, "number": 10, "random_seed": 42}, "hyperparameters": {"training_rounds": 100, "local_epochs": 1, "selected_clients": 10, "client_selection_round": 1, "client_selection_method": "random", "optimizer": "AdamW", "lr": 0.0001, "weight_decay": 0.05, "batch_size": 64, "shuffle": true, "trainer_type": "glue", "rank_ratio_list": [0.25, 0.3258, 0.6357, 0.5014, 0.5668, 0.5393, 0.6461, 0.8114, 0.7907, 1.0]}, "effective_yaml": {"server_yaml": {"role": "server", "general": {"device": "cuda:0", "training_rounds": 100, "train_optimization": {"cudnn_benchmark": true, "pin_memory": true, "fused_optimizer": false, "torch_compile": false, "non_blocking_transfer": true}}, "training_logger": {"name": "train", "path": "./experiment_results/", "prefix": "qqp_dirichlet_0_4_rank_mismatch_rbla_plus_", "save_weights": false}, "data_loader": {"name": "qqp", "root": ".dataset", "split": "", "batch_size": 64, "shuffle": true, "num_workers": 0, "is_download": true, "is_load_train_set": true, "is_load_test_set": true, "task_type": "nlp", "vocab_size": "None"}, "nn_model": {"name": "tiny_bert_lora", "pretrained_model": "prajjwal1/bert-tiny", "num_classes": 2, "pad_id": 0, "lora_r": 8, "lora_alpha": 16, "lora_dropout": 0.1, "merge_weights": false, "lora_embedding": true, "rank_ratio": 1.0}, "loss_func": {"type": "CrossEntropyLoss", "reduction": "mean", "weight": "None"}, "optimizer": {"type": "AdamW", "lr": 0.0001, "weight_decay": 0.05, "momentum": null, "nesterov": null, "betas": [0.9, 0.999], "amsgrad": false, "eps": 1e-08, "alpha": null, "centered": null}, "training": {"epochs": 1, "batch_size": 32, "shuffle": true, "lr": 0.01}, "trainer": {"use": "glue", "trainer_type": "glue", "device": "cuda"}, "tokenizer": {"type": "bert", "use_hf_tokenizer": true, "pretrained": "bert-base-uncased", "use_fast": true, "return_type": "tokens", "max_len": 256}, "data_distribution": {"use": "qqp_dirichlet_0_4", "custom_define": {"qqp_dirichlet_0_4": [[52300, 4800], [41200, 11500], [31500, 3200], [18400, 24100], [29800, 8900], [9100, 31200], [15600, 18500], [3100, 21400], [21400, 4300], [7068, 6478]]}}, "client_selection": {"method": "random", "round": 1, "client_selection_round": 1, "number": 10, "random_seed": 42}, "strategy": {"role": "server", "strategy_name": "sp_plus"}, "aggregation": {"method": "sp_plus", "device": "cpu", "is_wbab": false, "pad_mode": "nan"}, "canonicalization": {"enabled": true, "start_round": 0, "interval": 1, "deterministic_sign": true, "svd_fallback": true, "log_diagnostics": true, "ordering": "singular_value", "overcomplete_policy": "zero_pad", "activation_chunk_size": 4096, "activation_fallback": true}, "rank_distribution": {"rank_ratio_list": [0.25, 0.3258, 0.6357, 0.5014, 0.5668, 0.5393, 0.6461, 0.8114, 0.7907, 1.0]}, "lora_inference": {"device": "cpu", "lora_mode": "standard", "scaling": 0.5, "rank_ratio": 1, "use_bias": true, "alpha": 0}}, "client_yamls": [{"index": 0, "node_id": "client.1", "yaml": {"role": "client", "training_logger": {"name": "train", "path": "./experiment_results/", "prefix": "", "save_weights": false}, "data_loader": {"name": "qqp", "root": ".dataset", "split": "", "batch_size": 64, "shuffle": true, "num_workers": 0, "is_download": true, "is_load_train_set": true, "is_load_test_set": true, "task_type": "nlp", "vocab_size": "None"}, "nn_model": {"name": "tiny_bert_lora", "pretrained_model": "prajjwal1/bert-tiny", "num_classes": 2, "pad_id": 0, "lora_r": 8, "lora_alpha": 16, "lora_dropout": 0.1, "merge_weights": false, "lora_embedding": true, "rank_ratio": 0.25, "share_model": false}, "loss_func": {"type": "CrossEntropyLoss", "reduction": "mean", "weight": "None"}, "optimizer": {"type": "AdamW", "lr": 0.0001, "weight_decay": 0.05, "momentum": null, "nesterov": null, "betas": [0.9, 0.999], "amsgrad": false, "eps": 1e-08, "alpha": null, "centered": null}, "training": {"epochs": 1, "batch_size": 32, "shuffle": true, "lr": 0.01}, "trainer": {"use": "glue", "trainer_type": "glue", "device": "cuda"}, "strategy": {"role": "client", "strategy_name": "sp_plus"}, "tokenizer": {"type": "bert", "use_hf_tokenizer": true, "pretrained": "bert-base-uncased", "use_fast": true, "return_type": "tokens", "max_len": 256}}}, {"index": 1, "node_id": "client.2", "yaml": {"role": "client", "training_logger": {"name": "train", "path": "./experiment_results/", "prefix": "", "save_weights": false}, "data_loader": {"name": "qqp", "root": ".dataset", "split": "", "batch_size": 64, "shuffle": true, "num_workers": 0, "is_download": true, "is_load_train_set": true, "is_load_test_set": true, "task_type": "nlp", "vocab_size": "None"}, "nn_model": {"name": "tiny_bert_lora", "pretrained_model": "prajjwal1/bert-tiny", "num_classes": 2, "pad_id": 0, "lora_r": 8, "lora_alpha": 16, "lora_dropout": 0.1, "merge_weights": false, "lora_embedding": true, "rank_ratio": 0.3258, "share_model": false}, "loss_func": {"type": "CrossEntropyLoss", "reduction": "mean", "weight": "None"}, "optimizer": {"type": "AdamW", "lr": 0.0001, "weight_decay": 0.05, "momentum": null, "nesterov": null, "betas": [0.9, 0.999], "amsgrad": false, "eps": 1e-08, "alpha": null, "centered": null}, "training": {"epochs": 1, "batch_size": 32, "shuffle": true, "lr": 0.01}, "trainer": {"use": "glue", "trainer_type": "glue", "device": "cuda"}, "strategy": {"role": "client", "strategy_name": "sp_plus"}, "tokenizer": {"type": "bert", "use_hf_tokenizer": true, "pretrained": "bert-base-uncased", "use_fast": true, "return_type": "tokens", "max_len": 256}}}, {"index": 2, "node_id": "client.3", "yaml": {"role": "client", "training_logger": {"name": "train", "path": "./experiment_results/", "prefix": "", "save_weights": false}, "data_loader": {"name": "qqp", "root": ".dataset", "split": "", "batch_size": 64, "shuffle": true, "num_workers": 0, "is_download": true, "is_load_train_set": true, "is_load_test_set": true, "task_type": "nlp", "vocab_size": "None"}, "nn_model": {"name": "tiny_bert_lora", "pretrained_model": "prajjwal1/bert-tiny", "num_classes": 2, "pad_id": 0, "lora_r": 8, "lora_alpha": 16, "lora_dropout": 0.1, "merge_weights": false, "lora_embedding": true, "rank_ratio": 0.6357, "share_model": false}, "loss_func": {"type": "CrossEntropyLoss", "reduction": "mean", "weight": "None"}, "optimizer": {"type": "AdamW", "lr": 0.0001, "weight_decay": 0.05, "momentum": null, "nesterov": null, "betas": [0.9, 0.999], "amsgrad": false, "eps": 1e-08, "alpha": null, "centered": null}, "training": {"epochs": 1, "batch_size": 32, "shuffle": true, "lr": 0.01}, "trainer": {"use": "glue", "trainer_type": "glue", "device": "cuda"}, "strategy": {"role": "client", "strategy_name": "sp_plus"}, "tokenizer": {"type": "bert", "use_hf_tokenizer": true, "pretrained": "bert-base-uncased", "use_fast": true, "return_type": "tokens", "max_len": 256}}}, {"index": 3, "node_id": "client.4", "yaml": {"role": "client", "training_logger": {"name": "train", "path": "./experiment_results/", "prefix": "", "save_weights": false}, "data_loader": {"name": "qqp", "root": ".dataset", "split": "", "batch_size": 64, "shuffle": true, "num_workers": 0, "is_download": true, "is_load_train_set": true, "is_load_test_set": true, "task_type": "nlp", "vocab_size": "None"}, "nn_model": {"name": "tiny_bert_lora", "pretrained_model": "prajjwal1/bert-tiny", "num_classes": 2, "pad_id": 0, "lora_r": 8, "lora_alpha": 16, "lora_dropout": 0.1, "merge_weights": false, "lora_embedding": true, "rank_ratio": 0.5014, "share_model": false}, "loss_func": {"type": "CrossEntropyLoss", "reduction": "mean", "weight": "None"}, "optimizer": {"type": "AdamW", "lr": 0.0001, "weight_decay": 0.05, "momentum": null, "nesterov": null, "betas": [0.9, 0.999], "amsgrad": false, "eps": 1e-08, "alpha": null, "centered": null}, "training": {"epochs": 1, "batch_size": 32, "shuffle": true, "lr": 0.01}, "trainer": {"use": "glue", "trainer_type": "glue", "device": "cuda"}, "strategy": {"role": "client", "strategy_name": "sp_plus"}, "tokenizer": {"type": "bert", "use_hf_tokenizer": true, "pretrained": "bert-base-uncased", "use_fast": true, "return_type": "tokens", "max_len": 256}}}, {"index": 4, "node_id": "client.5", "yaml": {"role": "client", "training_logger": {"name": "train", "path": "./experiment_results/", "prefix": "", "save_weights": false}, "data_loader": {"name": "qqp", "root": ".dataset", "split": "", "batch_size": 64, "shuffle": true, "num_workers": 0, "is_download": true, "is_load_train_set": true, "is_load_test_set": true, "task_type": "nlp", "vocab_size": "None"}, "nn_model": {"name": "tiny_bert_lora", "pretrained_model": "prajjwal1/bert-tiny", "num_classes": 2, "pad_id": 0, "lora_r": 8, "lora_alpha": 16, "lora_dropout": 0.1, "merge_weights": false, "lora_embedding": true, "rank_ratio": 0.5668, "share_model": false}, "loss_func": {"type": "CrossEntropyLoss", "reduction": "mean", "weight": "None"}, "optimizer": {"type": "AdamW", "lr": 0.0001, "weight_decay": 0.05, "momentum": null, "nesterov": null, "betas": [0.9, 0.999], "amsgrad": false, "eps": 1e-08, "alpha": null, "centered": null}, "training": {"epochs": 1, "batch_size": 32, "shuffle": true, "lr": 0.01}, "trainer": {"use": "glue", "trainer_type": "glue", "device": "cuda"}, "strategy": {"role": "client", "strategy_name": "sp_plus"}, "tokenizer": {"type": "bert", "use_hf_tokenizer": true, "pretrained": "bert-base-uncased", "use_fast": true, "return_type": "tokens", "max_len": 256}}}, {"index": 5, "node_id": "client.6", "yaml": {"role": "client", "training_logger": {"name": "train", "path": "./experiment_results/", "prefix": "", "save_weights": false}, "data_loader": {"name": "qqp", "root": ".dataset", "split": "", "batch_size": 64, "shuffle": true, "num_workers": 0, "is_download": true, "is_load_train_set": true, "is_load_test_set": true, "task_type": "nlp", "vocab_size": "None"}, "nn_model": {"name": "tiny_bert_lora", "pretrained_model": "prajjwal1/bert-tiny", "num_classes": 2, "pad_id": 0, "lora_r": 8, "lora_alpha": 16, "lora_dropout": 0.1, "merge_weights": false, "lora_embedding": true, "rank_ratio": 0.5393, "share_model": false}, "loss_func": {"type": "CrossEntropyLoss", "reduction": "mean", "weight": "None"}, "optimizer": {"type": "AdamW", "lr": 0.0001, "weight_decay": 0.05, "momentum": null, "nesterov": null, "betas": [0.9, 0.999], "amsgrad": false, "eps": 1e-08, "alpha": null, "centered": null}, "training": {"epochs": 1, "batch_size": 32, "shuffle": true, "lr": 0.01}, "trainer": {"use": "glue", "trainer_type": "glue", "device": "cuda"}, "strategy": {"role": "client", "strategy_name": "sp_plus"}, "tokenizer": {"type": "bert", "use_hf_tokenizer": true, "pretrained": "bert-base-uncased", "use_fast": true, "return_type": "tokens", "max_len": 256}}}, {"index": 6, "node_id": "client.7", "yaml": {"role": "client", "training_logger": {"name": "train", "path": "./experiment_results/", "prefix": "", "save_weights": false}, "data_loader": {"name": "qqp", "root": ".dataset", "split": "", "batch_size": 64, "shuffle": true, "num_workers": 0, "is_download": true, "is_load_train_set": true, "is_load_test_set": true, "task_type": "nlp", "vocab_size": "None"}, "nn_model": {"name": "tiny_bert_lora", "pretrained_model": "prajjwal1/bert-tiny", "num_classes": 2, "pad_id": 0, "lora_r": 8, "lora_alpha": 16, "lora_dropout": 0.1, "merge_weights": false, "lora_embedding": true, "rank_ratio": 0.6461, "share_model": false}, "loss_func": {"type": "CrossEntropyLoss", "reduction": "mean", "weight": "None"}, "optimizer": {"type": "AdamW", "lr": 0.0001, "weight_decay": 0.05, "momentum": null, "nesterov": null, "betas": [0.9, 0.999], "amsgrad": false, "eps": 1e-08, "alpha": null, "centered": null}, "training": {"epochs": 1, "batch_size": 32, "shuffle": true, "lr": 0.01}, "trainer": {"use": "glue", "trainer_type": "glue", "device": "cuda"}, "strategy": {"role": "client", "strategy_name": "sp_plus"}, "tokenizer": {"type": "bert", "use_hf_tokenizer": true, "pretrained": "bert-base-uncased", "use_fast": true, "return_type": "tokens", "max_len": 256}}}, {"index": 7, "node_id": "client.8", "yaml": {"role": "client", "training_logger": {"name": "train", "path": "./experiment_results/", "prefix": "", "save_weights": false}, "data_loader": {"name": "qqp", "root": ".dataset", "split": "", "batch_size": 64, "shuffle": true, "num_workers": 0, "is_download": true, "is_load_train_set": true, "is_load_test_set": true, "task_type": "nlp", "vocab_size": "None"}, "nn_model": {"name": "tiny_bert_lora", "pretrained_model": "prajjwal1/bert-tiny", "num_classes": 2, "pad_id": 0, "lora_r": 8, "lora_alpha": 16, "lora_dropout": 0.1, "merge_weights": false, "lora_embedding": true, "rank_ratio": 0.8114, "share_model": false}, "loss_func": {"type": "CrossEntropyLoss", "reduction": "mean", "weight": "None"}, "optimizer": {"type": "AdamW", "lr": 0.0001, "weight_decay": 0.05, "momentum": null, "nesterov": null, "betas": [0.9, 0.999], "amsgrad": false, "eps": 1e-08, "alpha": null, "centered": null}, "training": {"epochs": 1, "batch_size": 32, "shuffle": true, "lr": 0.01}, "trainer": {"use": "glue", "trainer_type": "glue", "device": "cuda"}, "strategy": {"role": "client", "strategy_name": "sp_plus"}, "tokenizer": {"type": "bert", "use_hf_tokenizer": true, "pretrained": "bert-base-uncased", "use_fast": true, "return_type": "tokens", "max_len": 256}}}, {"index": 8, "node_id": "client.9", "yaml": {"role": "client", "training_logger": {"name": "train", "path": "./experiment_results/", "prefix": "", "save_weights": false}, "data_loader": {"name": "qqp", "root": ".dataset", "split": "", "batch_size": 64, "shuffle": true, "num_workers": 0, "is_download": true, "is_load_train_set": true, "is_load_test_set": true, "task_type": "nlp", "vocab_size": "None"}, "nn_model": {"name": "tiny_bert_lora", "pretrained_model": "prajjwal1/bert-tiny", "num_classes": 2, "pad_id": 0, "lora_r": 8, "lora_alpha": 16, "lora_dropout": 0.1, "merge_weights": false, "lora_embedding": true, "rank_ratio": 0.7907, "share_model": false}, "loss_func": {"type": "CrossEntropyLoss", "reduction": "mean", "weight": "None"}, "optimizer": {"type": "AdamW", "lr": 0.0001, "weight_decay": 0.05, "momentum": null, "nesterov": null, "betas": [0.9, 0.999], "amsgrad": false, "eps": 1e-08, "alpha": null, "centered": null}, "training": {"epochs": 1, "batch_size": 32, "shuffle": true, "lr": 0.01}, "trainer": {"use": "glue", "trainer_type": "glue", "device": "cuda"}, "strategy": {"role": "client", "strategy_name": "sp_plus"}, "tokenizer": {"type": "bert", "use_hf_tokenizer": true, "pretrained": "bert-base-uncased", "use_fast": true, "return_type": "tokens", "max_len": 256}}}, {"index": 9, "node_id": "client.10", "yaml": {"role": "client", "training_logger": {"name": "train", "path": "./experiment_results/", "prefix": "", "save_weights": false}, "data_loader": {"name": "qqp", "root": ".dataset", "split": "", "batch_size": 64, "shuffle": true, "num_workers": 0, "is_download": true, "is_load_train_set": true, "is_load_test_set": true, "task_type": "nlp", "vocab_size": "None"}, "nn_model": {"name": "tiny_bert_lora", "pretrained_model": "prajjwal1/bert-tiny", "num_classes": 2, "pad_id": 0, "lora_r": 8, "lora_alpha": 16, "lora_dropout": 0.1, "merge_weights": false, "lora_embedding": true, "rank_ratio": 1.0, "share_model": false}, "loss_func": {"type": "CrossEntropyLoss", "reduction": "mean", "weight": "None"}, "optimizer": {"type": "AdamW", "lr": 0.0001, "weight_decay": 0.05, "momentum": null, "nesterov": null, "betas": [0.9, 0.999], "amsgrad": false, "eps": 1e-08, "alpha": null, "centered": null}, "training": {"epochs": 1, "batch_size": 32, "shuffle": true, "lr": 0.01}, "trainer": {"use": "glue", "trainer_type": "glue", "device": "cuda"}, "strategy": {"role": "client", "strategy_name": "sp_plus"}, "tokenizer": {"type": "bert", "use_hf_tokenizer": true, "pretrained": "bert-base-uncased", "use_fast": true, "return_type": "tokens", "max_len": 256}}}]}, "effective_client_rank_ratios": [0.25, 0.3258, 0.6357, 0.5014, 0.5668, 0.5393, 0.6461, 0.8114, 0.7907, 1.0], "effective_client_share_model": [false, false, false, false, false, false, false, false, false, false], "rank_distribution": {"rank_ratio_list": [0.25, 0.3258, 0.6357, 0.5014, 0.5668, 0.5393, 0.6461, 0.8114, 0.7907, 1.0]}, "rank_ratio_list": [0.25, 0.3258, 0.6357, 0.5014, 0.5668, 0.5393, 0.6461, 0.8114, 0.7907, 1.0], "rank_ratio_list_str": "[0.25, 0.3258, 0.6357, 0.5014, 0.5668, 0.5393, 0.6461, 0.8114, 0.7907, 1.0]", "epoch": 1, "batch_size": 64}

round,accuracy,average_loss,perplexity,precision,recall,f1_score,matthews_correlation,mcc,total_test_samples,invalid_label_samples,evaluation_status,primary_metric,primary_score,canonicalization_layer_count,canonicalization_mean_effective_rank,canonicalization_maximum_singular_value,canonicalization_minimum_singular_value,canonicalization_maximum_core_reconstruction_error,canonicalization_maximum_factor_balance_error
0,0.661068513480089,0.5971490558232231,1.8169314393590241,0.7353316009417117,0.7223532237399366,0.6604703306646729,0.4575007764682806,0.4575007764682806,40430,0,evaluated,f1_score,0.6604703306646729,17.0,5.208794776131125,4.573090076446533,0.0,5.383463985708659e-07,9.473827162764792e-07
1,0.6131585456344298,0.6135157529976945,1.8469132886742397,0.7319774132381922,0.690453271519307,0.608323511831314,0.42038485828963884,0.42038485828963884,40430,0,evaluated,f1_score,0.608323511831314,17.0,5.286091474925771,4.861945152282715,0.0,6.070937388358288e-07,8.896305985217623e-07
2,0.6328716299777393,0.598896481983148,1.8201091685018675,0.7383088899535488,0.7056747190718323,0.6298697839255685,0.44278262835624593,0.44278262835624593,40430,0,evaluated,f1_score,0.6298697839255685,17.0,5.397181496900671,5.188508033752441,0.0,6.725696266585146e-07,7.60705518132454e-07
3,0.6557012119713085,0.5802141867237105,1.7864210174410091,0.7444227582091356,0.7226475070536539,0.6543130705061349,0.46656239789525294,0.46656239789525294,40430,0,evaluated,f1_score,0.6543130705061349,17.0,5.495164674871108,5.522468090057373,0.0,8.831265176922898e-07,1.1002916835423093e-06
4,0.6444224585703685,0.5867363525238952,1.7981104302121735,0.7423766241682186,0.7146472403780981,0.6422507962269577,0.4561818650927173,0.4561818650927173,40430,0,evaluated,f1_score,0.6422507962269577,17.0,5.5789731600705315,5.878133773803711,0.0,5.825903031109192e-07,1.0049353704744135e-06
5,0.6703685382141974,0.5658395212562904,1.7609254967341146,0.750042670555771,0.7340161766075963,0.6696117418091745,0.48379346730692563,0.48379346730692563,40430,0,evaluated,f1_score,0.6696117418091745,17.0,5.657733678817749,6.246245384216309,0.0,5.782224548056547e-07,1.1158236929986742e-06
6,0.6563442987880287,0.575437563042991,1.7779083037059675,0.7472376057506505,0.7240955895111034,0.6548389510991388,0.47076472684348725,0.47076472684348725,40430,0,evaluated,f1_score,0.6548389510991388,17.0,5.7310537801069374,6.622357368469238,0.0,7.709216447437939e-07,1.1702737765517668e-06
7,0.6564432352213703,0.5732402309963321,1.7740059377812045,0.7480487783306932,0.7244542339445503,0.6548972815242176,0.4719135451376546,0.4719135451376546,40430,0,evaluated,f1_score,0.6548972815242176,17.0,5.795202858307782,6.999986171722412,0.0,5.951743560217437e-07,1.2033005987177603e-06
8,0.6664605490972051,0.5644507336993929,1.7584816427054544,0.7513072677250123,0.7320590173518604,0.66541970431265,0.48298288831654185,0.48298288831654185,40430,0,evaluated,f1_score,0.66541970431265,17.0,5.852232091567096,7.388251781463623,0.0,7.663865631002409e-07,1.1883116712851916e-06
9,0.6716547118476379,0.5610502044281215,1.7525120300801924,0.752949487619299,0.7359591473561939,0.6708370880679865,0.4886133253313336,0.4886133253313336,40430,0,evaluated,f1_score,0.6708370880679865,17.0,5.889092795989093,7.772887706756592,0.0,6.597960009457893e-07,1.2661467962971074e-06
10,0.679371753648281,0.5541570149758297,1.7404731733693604,0.7558718368957555,0.741911824411241,0.6788165131275541,0.49758787315973746,0.49758787315973746,40430,0,evaluated,f1_score,0.6788165131275541,17.0,5.93393362269682,8.169650077819824,0.0,6.318184091469448e-07,1.3278607866595848e-06
11,0.6802621815483552,0.5527115068015798,1.737959122648384,0.7562929007940757,0.7426304808450881,0.6797306916218728,0.4987362820443246,0.4987362820443246,40430,0,evaluated,f1_score,0.6797306916218728,17.0,5.971251017907086,8.57426643371582,0.0,7.348806434492872e-07,8.868121312843869e-07
12,0.6743754637645313,0.5555768952757717,1.7429461922206997,0.755325639957372,0.73858880766111,0.6735981447230484,0.4936307932158984,0.4936307932158984,40430,0,evaluated,f1_score,0.6735981447230484,17.0,6.014450571116279,8.978973388671875,0.0,6.509790750897082e-07,1.075800355465617e-06
13,0.6873608706406134,0.5464004264000528,1.72702526142048,0.7589962637805099,0.7480798077884647,0.687019109046989,0.5069585519018273,0.5069585519018273,40430,0,evaluated,f1_score,0.687019109046989,17.0,6.045238074134378,9.400099754333496,0.0,5.780547098765965e-07,1.3467350754581275e-06
14,0.6735097699727924,0.556157482569683,1.7439584184482837,0.7554669847155691,0.7380999879483162,0.6726796879254413,0.49326133431263264,0.49326133431263264,40430,0,evaluated,f1_score,0.6726796879254413,17.0,6.078232267323663,9.811123847961426,0.0,5.524424864233879e-07,9.402601790498011e-07
15,0.7028938906752411,0.5323000764363242,1.7028444802106308,0.7634144855035017,0.7592083838692059,0.7028404858214932,0.5226059436137367,0.5226059436137367,40430,0,evaluated,f1_score,0.7028404858214932,17.0,6.112116603290334,10.229349136352539,0.0,6.294155241448607e-07,8.606882602180121e-07
16,0.6780113776898343,0.5507500666484602,1.7345535608354192,0.7570101923012141,0.741522153302546,0.677347441574428,0.4982917019790342,0.4982917019790342,40430,0,evaluated,f1_score,0.677347441574428,17.0,6.141819498118232,10.639248847961426,0.0,7.846019229873491e-07,7.004593953752192e-07
17,0.6989364333415781,0.5350158344363624,1.7074752789488004,0.7629487395095514,0.7566934282424799,0.6988214405143625,0.519604516519037,0.519604516519037,40430,0,evaluated,f1_score,0.6988214405143625,17.0,6.16518552163068,11.045857429504395,0.0,7.323636737055494e-07,1.152351842392818e-06
18,0.681573089290131,0.5472034334340309,1.7284126318128,0.7576246295191782,0.7439762521998596,0.6810495569410027,0.5014151636497103,0.5014151636497103,40430,0,evaluated,f1_score,0.6810495569410027,17.0,6.179307166267844,11.463571548461914,0.0,5.36086361080379e-07,1.0833838359758374e-06
19,0.707024486767252,0.5286879243958035,1.6967046427358456,0.7648819182627566,0.76225284432558,0.707003398381336,0.5271282063210951,0.5271282063210951,40430,0,evaluated,f1_score,0.707003398381336,17.0,6.203466660836163,11.878511428833008,0.0,7.623386863997439e-07,7.221271971502574e-07
20,0.675612169181301,0.5514479537632924,1.7357645059178486,0.7564594790270879,0.7398057713034879,0.6748503402305268,0.4959857384086017,0.4959857384086017,40430,0,evaluated,f1_score,0.6748503402305268,17.0,6.219275173018961,12.286192893981934,0.0,7.072865741974965e-07,1.1165755040565273e-06
21,0.7062577294088548,0.5294435828356586,1.6979872564669827,0.7646378191973618,0.7617021422081591,0.7062315038674163,0.5263317744284305,0.5263317744284305,40430,0,evaluated,f1_score,0.7062315038674163,17.0,6.239664533559014,12.687769889831543,0.0,5.96408369801793e-07,1.2765827932526008e-06
22,0.6837991590403166,0.5447706623770888,1.7242129101396333,0.7591769552356376,0.7459761479228795,0.6833142793907946,0.504980590039826,0.504980590039826,40430,0,evaluated,f1_score,0.6833142793907946,17.0,6.2583394050598145,13.094375610351562,0.0,6.558561267411278e-07,7.97473717284447e-07
23,0.7233489982686124,0.5144099972933907,1.6726513417937565,0.7690673027982784,0.7732648353235706,0.7232902699540065,0.5423158938852111,0.5423158938852111,40430,0,evaluated,f1_score,0.7232902699540065,17.0,6.283362192266128,13.487970352172852,0.0,6.369393759086961e-07,1.0235421541437972e-06
24,0.686148899332179,0.5416094670312227,1.7187709424062219,0.7598190988489664,0.7476814184404437,0.6857362681633354,0.5073553505811478,0.5073553505811478,40430,0,evaluated,f1_score,0.6857362681633354,17.0,6.305357393096475,13.887053489685059,0.0,5.687782618224446e-07,7.329091999963566e-07
25,0.7141231758595102,0.5209956529174086,1.6837031994300422,0.7670147830446306,0.7672536093083444,0.7141229967693625,0.5342683389734489,0.5342683389734489,40430,0,evaluated,f1_score,0.7141229967693625,17.0,6.326046852504506,14.273283958435059,0.0,6.237095817596128e-07,8.264296980087238e-07
26,0.6865446450655454,0.5398159603508811,1.715691077943358,0.7602994805729066,0.7481207493241228,0.6861314067277713,0.508274343906633,0.508274343906633,40430,0,evaluated,f1_score,0.6861314067277713,17.0,6.343973608577953,14.651904106140137,0.0,6.500536073872354e-07,1.7229826880793553e-06
27,0.7108088053425674,0.5241202966340721,1.6889723999529125,0.7662495157773206,0.7650372961149987,0.7108042761128336,0.5312854289496325,0.5312854289496325,40430,0,evaluated,f1_score,0.7108042761128336,17.0,6.363295709385591,15.036975860595703,0.0,5.758674319622514e-07,9.11334154807264e-07
28,0.7103141231758595,0.5187382971771631,1.679906768907164,0.7677423753638281,0.7654588486282876,0.7102985947818803,0.5331963341700113,0.5331963341700113,40430,0,evaluated,f1_score,0.7102985947818803,17.0,6.3797468437868,15.409650802612305,0.0,6.426334380194021e-07,8.051894155869377e-07
29,0.7054909720504576,0.5289466905027753,1.6971437492014125,0.7649743116656882,0.7614177737548516,0.7054530080053839,0.5263800705112929,0.5263800705112929,40430,0,evaluated,f1_score,0.7054530080053839,17.0,6.4004190949832696,15.776268005371094,0.0,6.029654286976438e-07,6.979400382078893e-07
30,0.7175364828097948,0.5097636805587908,1.6648977007582406,0.7701868019068342,0.7706836381725544,0.7175357300716776,0.540870211885806,0.540870211885806,40430,0,evaluated,f1_score,0.7175357300716776,17.0,6.412805003278396,16.139583587646484,0.0,6.672070753666048e-07,1.2298950196054648e-06
31,0.70187979223349,0.5311915523723421,1.700957881990053,0.7640885918290108,0.7589245282535059,0.7018010460758187,0.5229876253085125,0.5229876253085125,40430,0,evaluated,f1_score,0.7018010460758187,17.0,6.427739851615009,16.50669288635254,0.0,5.84448514473479e-07,8.104047992674168e-07
32,0.7108830076675736,0.5168893440654895,1.676803569778371,0.7678926979277696,0.7658529643295802,0.7108705860961451,0.5337417647752377,0.5337417647752377,40430,0,evaluated,f1_score,0.7108705860961451,17.0,6.442853801390704,16.864778518676758,0.0,6.097098435020598e-07,1.8009516224992694e-06
33,0.7194162750432846,0.515419633262322,1.6743409635598387,0.7681128423740582,0.7706853476312459,0.7193947623485561,0.538792048725381,0.538792048725381,40430,0,evaluated,f1_score,0.7193947623485561,17.0,6.453924305298749,17.221677780151367,0.0,6.510476850962732e-07,1.5508483102166792e-06
34,0.7054415038337868,0.522113983689515,1.6855871897949053,0.7661813915608584,0.7619393296015851,0.7053887521445759,0.5281036839783197,0.5281036839783197,40430,0,evaluated,f1_score,0.7053887521445759,17.0,6.467913066639619,17.576969146728516,0.0,8.283586794277653e-07,1.3221264225649065e-06
35,0.7369774919614148,0.49705915918982385,1.643879766438635,0.7744038990043753,0.7830684954455747,0.7367135910453895,0.5574050550024389,0.5574050550024389,40430,0,evaluated,f1_score,0.7367135910453895,17.0,6.481772464864394,17.927915573120117,0.0,6.230224585124233e-07,9.762842410054873e-07
36,0.7055404402671284,0.524226932277368,1.68915251421442,0.7657645482438933,0.7618073593906122,0.7054941273224378,0.5275570664691078,0.5275570664691078,40430,0,evaluated,f1_score,0.7054941273224378,17.0,6.492023138438954,18.32514190673828,0.0,7.798350907251006e-07,7.3587347060311e-07
37,0.744892406628741,0.4856949535744219,1.6253041273691464,0.7779650833570388,0.7888974076913675,0.7444605769709328,0.5667570626311186,0.5667570626311186,40430,0,evaluated,f1_score,0.7444605769709328,17.0,6.503849085639505,18.70842170715332,0.0,7.074845029819699e-07,9.43083364290942e-07
38,0.6965619589413802,0.5361489657597349,1.709411169273106,0.7622762180988032,0.7549966195454378,0.6964074785848493,0.5172216120865669,0.5172216120865669,40430,0,evaluated,f1_score,0.6964074785848493,17.0,6.5124905810636635,19.0821533203125,0.0,6.49976982458611e-07,8.716065167391207e-07
39,0.7556270096463023,0.47285501656336504,1.6045687302224438,0.781106270801367,0.7955699378013454,0.754794338370917,0.5764947978128796,0.5764947978128796,40430,0,evaluated,f1_score,0.754794338370917,17.0,6.5267612583496994,19.469018936157227,0.0,6.24008407612564e-07,1.1396061836421723e-06
40,0.6805095226317092,0.554378867111022,1.7408593438939113,0.75772481519006,0.7433588811934757,0.6799349492566065,0.5008777203288175,0.5008777203288175,40430,0,evaluated,f1_score,0.6799349492566065,17.0,6.53583086939419,19.81764030456543,0.0,6.830168217675237e-07,9.685639952294878e-07
41,0.7583972297798665,0.4714502025470267,1.6023161921490272,0.7817310903323643,0.7971033222474937,0.7574231374068912,0.5786302547159256,0.5786302547159256,40430,0,evaluated,f1_score,0.7574231374068912,17.0,6.544428622021394,20.20298194885254,0.0,5.67160896025598e-07,8.086331035883632e-07
42,0.6650507049220875,0.5693567585833085,1.7671299945707213,0.7531563294758374,0.7318544806194394,0.6638242538873071,0.4845427918611275,0.4845427918611275,40430,0,evaluated,f1_score,0.6638242538873071,17.0,6.557986904593075,20.5544376373291,0.0,6.690885925308976e-07,8.916071010389715e-07
43,0.7713331684392778,0.4567269347134481,1.578897683230798,0.7859663921978879,0.8047048576832903,0.7696450877813295,0.5903739453494249,0.5903739453494249,40430,0,evaluated,f1_score,0.7696450877813295,17.0,6.5597872944439155,20.93933868408203,0.0,5.73831414385495e-07,8.043215871111897e-07
44,0.6481325748206778,0.5922465031523826,1.808045636633734,0.7486834251831147,0.7192513254715328,0.6458610372880823,0.46700822517038676,0.46700822517038676,40430,0,evaluated,f1_score,0.6458610372880823,17.0,6.570524454116821,21.28396987915039,0.0,5.439300139187253e-07,8.665201107760367e-07
45,0.7717536482809795,0.4547202412839753,1.575732496465927,0.7862156022577405,0.805023586256294,0.7700499822955615,0.5909399612250336,0.5909399612250336,40430,0,evaluated,f1_score,0.7700499822955615,17.0,6.576322583591237,21.664823532104492,0.0,6.573583846147812e-07,9.501555950919283e-07
46,0.6531535988127628,0.5897034733123836,1.8034535639913176,0.749853439638386,0.7229583721166775,0.6512371544496718,0.47204625268940364,0.47204625268940364,40430,0,evaluated,f1_score,0.6512371544496718,17.0,6.586732492727392,22.002412796020508,0.0,7.421124905704346e-07,7.418124710056873e-07
47,0.771852584714321,0.4538925484062391,1.574428813500364,0.7858578022574765,0.804779475555168,0.7700999923557015,0.5903341123648086,0.5903341123648086,40430,0,evaluated,f1_score,0.7700999923557015,17.0,6.587701867608463,22.388912200927734,0.0,5.91979471664672e-07,8.141535090544494e-07
48,0.6664110808805342,0.5742816420230068,1.7758543694476983,0.7534475135118943,0.7328328893014382,0.6652578976104042,0.485843253970824,0.485843253970824,40430,0,evaluated,f1_score,0.6652578976104042,17.0,6.597800984102137,22.737377166748047,0.0,6.315642053777992e-07,9.697509995021392e-07
49,0.7738807815978234,0.4498304904494992,1.5680463641268279,0.784991603056254,0.8046603262843804,0.7718028696382588,0.5893237981803449,0.5893237981803449,40430,0,evaluated,f1_score,0.7718028696382588,17.0,6.601060095955344,23.104167938232422,0.0,6.518505415442633e-07,9.818888884183252e-07
50,0.6541429631461786,0.5874473313338209,1.7993893031978858,0.749920522996714,0.7236291637071663,0.6523031090941502,0.4728192785875498,0.4728192785875498,40430,0,evaluated,f1_score,0.6523031090941502,17.0,6.606755389886744,23.45729637145996,0.0,6.284411142587487e-07,1.0745994813987636e-06
51,0.7850358644570863,0.4330485217352477,1.5419510370254923,0.788077545696125,0.8094508278481078,0.7818511196231341,0.597145995549219,0.597145995549219,40430,0,evaluated,f1_score,0.7818511196231341,17.0,6.610578600098105,23.805335998535156,0.0,5.388912427406467e-07,6.707509214720631e-07
52,0.6719267870393272,0.5684589907582255,1.7655442340477532,0.7554995427406076,0.7371136302834026,0.6710067721043962,0.49226994267363045,0.49226994267363045,40430,0,evaluated,f1_score,0.6710067721043962,17.0,6.619438346694498,24.136125564575195,0.0,9.123581321546226e-07,1.5705129499110626e-06
53,0.7782834528815237,0.43907205005137895,1.5512670522321501,0.7851715384666267,0.8057894237500225,0.7756600839132863,0.5906011866483749,0.5906011866483749,40430,0,evaluated,f1_score,0.7756600839132863,17.0,6.626380121006685,24.482973098754883,0.0,7.034285545159946e-07,7.713910008533276e-07
54,0.657111056146426,0.5889259944185007,1.802051961837865,0.7502254180982135,0.7256695736011713,0.6554856887488743,0.4752610373527316,0.4752610373527316,40430,0,evaluated,f1_score,0.6554856887488743,17.0,6.633577402900247,24.82025718688965,0.0,6.190059593791375e-07,1.0456909649292356e-06
55,0.7831066040069256,0.4325193259537942,1.5411352589136964,0.7870447754743173,0.808246514200046,0.7800566042394895,0.5949136120792435,0.5949136120792435,40430,0,evaluated,f1_score,0.7800566042394895,17.0,6.635022352723515,25.16179656982422,0.0,6.741110496477631e-07,9.72813950284035e-07
56,0.6619094731634925,0.5838782556482155,1.7929785935460048,0.7508881357515234,0.7290042146704035,0.6605940107299679,0.47939311842327986,0.47939311842327986,40430,0,evaluated,f1_score,0.6605940107299679,17.0,6.640184037825641,25.48666763305664,0.0,6.197336119839747e-07,8.869469070305058e-07
57,0.776552065298046,0.4405052153066984,1.553491868156765,0.7842464452127045,0.8046435735892051,0.7740315104630675,0.5885366695444778,0.5885366695444778,40430,0,evaluated,f1_score,0.7740315104630675,17.0,6.642392137471368,25.826744079589844,0.0,7.5333178983783e-07,9.523005815026409e-07
58,0.6694533762057878,0.5779449742057965,1.7823718444605168,0.7531472569405069,0.7346516678761087,0.6685019164051509,0.4874481554354341,0.4874481554354341,40430,0,evaluated,f1_score,0.6685019164051509,17.0,6.649915442747228,26.16830825805664,0.0,5.672240490639524e-07,1.5924307490422507e-06
59,0.7657432599554787,0.4551342718972153,1.5763850330334768,0.7808069259201267,0.7990617635972481,0.7640658573505584,0.5795812781517184,0.5795812781517184,40430,0,evaluated,f1_score,0.7640658573505584,17.0,6.653586745262146,26.513813018798828,0.0,7.014327252363728e-07,1.064462026079127e-06
60,0.690032154340836,0.5512689334580192,1.7354537966385817,0.7573622213693918,0.7489882141370525,0.6898205457080012,0.5062811862398586,0.5062811862398586,40430,0,evaluated,f1_score,0.6898205457080012,17.0,6.65958157006432,26.848596572875977,0.0,7.837256816856097e-07,1.0293742889189161e-06
61,0.7575315359881276,0.4643072505251417,1.5909117038108518,0.7796704384393118,0.7953809571430159,0.7564654291966082,0.5748367482714056,0.5748367482714056,40430,0,evaluated,f1_score,0.7564654291966082,17.0,6.656685450497796,27.18241310119629,0.0,7.187096002780891e-07,8.398841941925639e-07
62,0.6952263170912688,0.5453137832262301,1.7251496204699177,0.758864261086569,0.7527061158448871,0.6951099071654596,0.5115333105487602,0.5115333105487602,40430,0,evaluated,f1_score,0.6951099071654596,17.0,6.667014661957236,27.505319595336914,0.0,7.400417416647542e-07,1.0477065188752022e-06
63,0.7475389562206283,0.4778927705059717,1.6126725480505437,0.7754957419528118,0.7885807304687934,0.7468474855611731,0.5639246845236858,0.5639246845236858,40430,0,evaluated,f1_score,0.7468474855611731,17.0,6.662746906280518,27.838354110717773,0.0,7.183454613368667e-07,1.3625374322145944e-06
64,0.7201830324016819,0.5133693894256673,1.6709116729610507,0.7645169628096342,0.7692315384871804,0.7201040866755988,0.5337276790768644,0.5337276790768644,40430,0,evaluated,f1_score,0.7201040866755988,17.0,6.669752871288972,28.1801700592041,0.0,5.328292331796547e-07,7.50940330362937e-07
65,0.7597576057383131,0.4623333799007533,1.5877745471219933,0.778723578210774,0.7955445523397788,0.7584337452605229,0.5740217248461752,0.5740217248461752,40430,0,evaluated,f1_score,0.7584337452605229,17.0,6.668673620504491,28.535451889038086,0.0,7.011974503257079e-07,9.536740890325746e-07
66,0.7116250309176354,0.5283595966269644,1.6961476589277462,0.7634034649606354,0.7641132482193851,0.7116233709636601,0.5275162356667115,0.5275162356667115,40430,0,evaluated,f1_score,0.7116233709636601,17.0,6.675503702724681,28.844921112060547,0.0,6.897415687490138e-07,7.746658070573176e-07
67,0.7512985406876083,0.47450384139542884,1.6072165652978274,0.7742571760648918,0.7893130625721712,0.7502776693944557,0.5633690922999912,0.5633690922999912,40430,0,evaluated,f1_score,0.7502776693944557,17.0,6.676209891543669,29.17668914794922,0.0,7.039448064460885e-07,1.4963441117288312e-06
68,0.7187731882265644,0.5199028171689211,1.6818641934326355,0.7653705691202395,0.7689428963871445,0.7187294785282905,0.534301523393307,0.534301523393307,40430,0,evaluated,f1_score,0.7187294785282905,17.0,6.680308769730961,29.537111282348633,0.0,5.614606948256551e-07,7.804595725247054e-07
69,0.7665347514222113,0.4540801586666645,1.5747242202098846,0.779110925697923,0.7979779667869271,0.7645790043270515,0.576780395462551,0.576780395462551,40430,0,evaluated,f1_score,0.7645790043270515,17.0,6.683822225121891,29.873552322387695,0.0,6.809554520259553e-07,9.34063848490041e-07
70,0.7096957704674747,0.5338377547476394,1.7054649214168718,0.7618754160028406,0.7623061794367505,0.7096951522364026,0.5241814184425646,0.5241814184425646,40430,0,evaluated,f1_score,0.7096951522364026,17.0,6.6870267601574165,30.20213508605957,0.0,5.90281842960394e-07,9.433156833438261e-07
71,0.7710610932475884,0.4482838870406947,1.5656230926778827,0.7794003698527955,0.7993170712528024,0.7685778989890127,0.5783746205057361,0.5783746205057361,40430,0,evaluated,f1_score,0.7685778989890127,17.0,6.686846529736238,30.52908706665039,0.0,7.230153755699575e-07,1.0389350109107909e-06
72,0.6865446450655454,0.5693177945390362,1.7670611413807862,0.7558411453199458,0.7462564136753277,0.6862677994640809,0.5020060673620518,0.5020060673620518,40430,0,evaluated,f1_score,0.6862677994640809,17.0,6.689534853486454,30.87423324584961,0.0,5.739813673244498e-07,1.1223041838093195e-06
73,0.7972792480831066,0.4143508945232625,1.513388073312346,0.7888604730826919,0.8086124238329312,0.7912301642488321,0.5971463162327194,0.5971463162327194,40430,0,evaluated,f1_score,0.7912301642488321,17.0,6.687031191938064,31.200374603271484,0.0,5.945591965428321e-07,8.024569524422986e-07
74,0.6538956220628246,0.6211447429810306,1.8610572551429583,0.7465103116496694,0.7222559555403983,0.6522478819520356,0.4681383764070562,0.4681383764070562,40430,0,evaluated,f1_score,0.6522478819520356,17.0,6.6928993463516235,31.55239486694336,0.0,6.307917033154808e-07,8.317608717334224e-07
75,0.7980954736581746,0.4125751382977898,1.5107030496988634,0.7907593361027665,0.8111647311320633,0.7924933453543177,0.6015780934926224,0.6015780934926224,40430,0,evaluated,f1_score,0.7924933453543177,17.0,6.6869081469143135,31.89466667175293,0.0,6.115611199675186e-07,8.493531709063973e-07
76,0.6975265891664606,0.5556084349312878,1.7430011650100923,0.7564486908227595,0.7529284309476982,0.6974858807834472,0.5093649575241388,0.5093649575241388,40430,0,evaluated,f1_score,0.6974858807834472,17.0,6.694376861347871,32.19640350341797,0.0,6.734050543855119e-07,7.237199497467373e-07
77,0.791095720999258,0.42154777727149484,1.5243190370799864,0.7883746704139281,0.8097746847971856,0.7867554080281449,0.5977664180295406,0.5977664180295406,40430,0,evaluated,f1_score,0.7867554080281449,17.0,6.688569005797891,32.527923583984375,0.0,6.269801815506071e-07,8.883168902684702e-07
78,0.6895869403907989,0.5595610251115332,1.7499041676822416,0.7540930075633345,0.7472902088189264,0.6894391397187913,0.5013370638593003,0.5013370638593003,40430,0,evaluated,f1_score,0.6894391397187913,17.0,6.698848612168256,32.83571243286133,0.0,6.06546052495105e-07,1.0370811196480645e-06
79,0.7928271085827356,0.42024122036213984,1.5223287280191924,0.7877500059994843,0.8086917427162101,0.7878575161021323,0.5960739914426085,0.5960739914426085,40430,0,evaluated,f1_score,0.7878575161021323,17.0,6.695272613974178,33.19489669799805,0.0,1.0643792620612658e-06,9.6232463420165e-07
80,0.7115755627009647,0.5312070353488771,1.7009842180849073,0.7593162027926927,0.762027537670059,0.7115491333623323,0.5213366900409715,0.5213366900409715,40430,0,evaluated,f1_score,0.7115491333623323,17.0,6.704689825282378,33.49283981323242,0.0,6.611741127926507e-07,1.0265011951560155e-06
81,0.7895127380657927,0.4243118893840718,1.52853825430218,0.7865322586069371,0.807765045159625,0.7850711482663045,0.5939178849297378,0.5939178849297378,40430,0,evaluated,f1_score,0.7850711482663045,17.0,6.70491812509649,33.84348678588867,0.0,5.057803491581581e-07,8.868661893757235e-07
82,0.7174622804847886,0.5252980471998933,1.6909627599963786,0.7611973412737623,0.766069210854037,0.7173743816531197,0.5272440439488436,0.5272440439488436,40430,0,evaluated,f1_score,0.7173743816531197,17.0,6.710952906047597,34.16796875,0.0,5.8101647937292e-07,8.772806268098066e-07
83,0.7725946079643828,0.4457332153353336,1.5616347907408803,0.782089743429,0.8019463896659803,0.7702918412370197,0.5836984824040208,0.5836984824040208,40430,0,evaluated,f1_score,0.7702918412370197,17.0,6.706586529226864,34.50598907470703,0.0,5.812731274090766e-07,8.237843189817795e-07
84,0.7444224585703685,0.49110114367150326,1.6341146246001053,0.7672519241546982,0.7819232435952994,0.7433733622926813,0.5489791592211036,0.5489791592211036,40430,0,evaluated,f1_score,0.7433733622926813,17.0,6.712557904860553,34.814090728759766,0.0,6.544145207953989e-07,9.951940000973991e-07
85,0.7596586693049715,0.46605052810154013,1.5936875233191075,0.7789192232573108,0.7956484874282135,0.7583608232908639,0.5743241122247128,0.5743241122247128,40430,0,evaluated,f1_score,0.7583608232908639,17.0,6.711713405216441,35.129764556884766,0.0,7.49212460959825e-07,8.670504598740081e-07
86,0.7491961414790996,0.48321427830722763,1.6212772723435676,0.7673330519386055,0.7836963796229105,0.7477473503572063,0.5507864159128323,0.5507864159128323,40430,0,evaluated,f1_score,0.7477473503572063,17.0,6.717281748266781,35.45319747924805,0.0,6.662865530415729e-07,9.77295485427021e-07
87,0.7570368538214197,0.47190113203407014,1.6030388866975296,0.7755553955186584,0.792326154461559,0.7556599469349717,0.5676338577396641,0.5676338577396641,40430,0,evaluated,f1_score,0.7556599469349717,17.0,6.721477326224832,35.79349899291992,0.0,8.87163707830041e-07,8.285419426101726e-07
88,0.7594607964382885,0.46863000091868345,1.597803703469622,0.7721654996378187,0.7905156667615416,0.7574677844577471,0.5623818688285354,0.5623818688285354,40430,0,evaluated,f1_score,0.7574677844577471,17.0,6.7220339424469895,36.120338439941406,0.0,5.936021238994726e-07,8.609916335444723e-07
89,0.7345535493445461,0.506660162893935,1.6597386710445885,0.7674382872940857,0.7778842200722931,0.7341117693494068,0.545222449582505,0.545222449582505,40430,0,evaluated,f1_score,0.7341117693494068,17.0,6.726240473635056,36.423309326171875,0.0,5.363909849620541e-07,1.1304089184704935e-06
90,0.7739055157061588,0.4480816754615457,1.5653065375665933,0.7760963781812628,0.7966478369791814,0.770386690129967,0.5723753781750491,0.5723753781750491,40430,0,evaluated,f1_score,0.770386690129967,17.0,6.725440530215993,36.76435089111328,0.0,7.727883826191828e-07,1.0485837265150622e-06
91,0.7380657927281722,0.5025818671282052,1.6529835499040961,0.7679281644887119,0.7797524874760782,0.7374737299715464,0.5475529946246921,0.5475529946246921,40430,0,evaluated,f1_score,0.7374737299715464,17.0,6.727731185800889,37.04954528808594,0.0,6.212886773937498e-07,7.984241392477998e-07
92,0.7684887459807074,0.457559630562992,1.5802129723203617,0.7740137798014349,0.7940433911899627,0.7655242607300865,0.5677039406084606,0.5677039406084606,40430,0,evaluated,f1_score,0.7655242607300865,17.0,6.730250379618476,37.354923248291016,0.0,7.027501851553097e-07,1.0586794587652548e-06
93,0.7343804105861984,0.5087577674431935,1.663223800365246,0.7669899659246318,0.7775369435391436,0.7339258957899258,0.5444247573295776,0.5444247573295776,40430,0,evaluated,f1_score,0.7339258957899258,17.0,6.731736772200641,37.699058532714844,0.0,5.947939030193083e-07,1.056857627190766e-06
94,0.7553302003462775,0.47834696991444225,1.6134051893379497,0.7703813450674646,0.787933785827049,0.7535875389219229,0.5580391538316457,0.5580391538316457,40430,0,evaluated,f1_score,0.7535875389219229,17.0,6.7316984569325165,38.00699996948242,0.0,6.794668934162473e-07,8.748728532737005e-07
95,0.7550581251545881,0.4755739025747661,1.6089373058357732,0.7738431224435238,0.7904098512685466,0.7536974628432644,0.5640097178586132,0.5640097178586132,40430,0,evaluated,f1_score,0.7536974628432644,17.0,6.732518378426047,38.282936096191406,0.0,7.41562644179794e-07,1.0505659702175763e-06
96,0.7457333663121445,0.49481288128904033,1.6401912998591492,0.7667458517125916,0.7820635046809252,0.7445376621218665,0.5485955515428538,0.5485955515428538,40430,0,evaluated,f1_score,0.7445376621218665,17.0,6.735104034928715,38.61775207519531,0.0,6.617271992581664e-07,1.8139832036467851e-06
97,0.7424684640118724,0.4972799515904043,1.6442427626704628,0.7699075462506062,0.7828860962032067,0.7417394781667637,0.5526412655407501,0.5526412655407501,40430,0,evaluated,f1_score,0.7417394781667637,17.0,6.737003866363974,38.9114990234375,0.0,7.088152642609202e-07,9.412958092980261e-07
98,0.7451150136037595,0.49806052525975814,1.6455267163220433,0.7655089645138902,0.7809714169959512,0.7438626888053852,0.5462615856330938,0.5462615856330938,40430,0,evaluated,f1_score,0.7438626888053852,17.0,6.740355063887203,39.2205696105957,0.0,5.903666533413343e-07,1.300425651606929e-06
99,0.7437546376453129,0.4955839019009833,1.6414564088087356,0.7697867920674102,0.783343205457276,0.7429371116061168,0.5529638485630523,0.5529638485630523,40430,0,evaluated,f1_score,0.7429371116061168,17.0,6.738966969882741,39.51118850708008,0.0,8.373467039746174e-07,1.0951979447781923e-06
100,0.7474152856789513,0.49575170553057846,1.641731874263361,0.7645784804631135,0.7810815916086091,0.7458588165368674,0.5454104523896082,0.5454104523896082,40430,0,evaluated,f1_score,0.7458588165368674,17.0,6.743255615234375,39.7455940246582,0.0,7.075715870996646e-07,7.409452109641279e-07
